{"type":"FeatureCollection","features":[{"type":"Feature","properties":{"elevation":99},"geometry":{"type":"Point","coordinates":[-1.675328,54.664773]}},{"type":"Feature","properties":{"elevation":140},"geometry":{"type":"Point","coordinates":[-1.655328,54.664773]}},{"type":"Feature","properties":{"elevation":148},"geometry":{"type":"Point","coordinates":[-1.635328,54.664773]}},{"type":"Feature","properties":{"elevation":166},"geometry":{"type":"Point","coordinates":[-1.615328,54.664773]}},{"type":"Feature","properties":{"elevation":114},"geometry":{"type":"Point","coordinates":[-1.595328,54.664773]}},{"type":"Feature","properties":{"elevation":116},"geometry":{"type":"Point","coordinates":[-1.575328,54.664773]}},{"type":"Feature","properties":{"elevation":114},"geometry":{"type":"Point","coordinates":[-1.555328,54.664773]}},{"type":"Feature","properties":{"elevation":119},"geometry":{"type":"Point","coordinates":[-1.535328,54.664773]}},{"type":"Feature","properties":{"elevation":105},"geometry":{"type":"Point","coordinates":[-1.515328,54.664773]}},{"type":"Feature","properties":{"elevation":80},"geometry":{"type":"Point","coordinates":[-1.495328,54.664773]}},{"type":"Feature","properties":{"elevation":85},"geometry":{"type":"Point","coordinates":[-1.475328,54.664773]}},{"type":"Feature","properties":{"elevation":108},"geometry":{"type":"Point","coordinates":[-1.455328,54.664773]}},{"type":"Feature","properties":{"elevation":116},"geometry":{"type":"Point","coordinates":[-1.435328,54.664773]}},{"type":"Feature","properties":{"elevation":92},"geometry":{"type":"Point","coordinates":[-1.415328,54.664773]}},{"type":"Feature","properties":{"elevation":92},"geometry":{"type":"Point","coordinates":[-1.395328,54.664773]}},{"type":"Feature","properties":{"elevation":91},"geometry":{"type":"Point","coordinates":[-1.375328,54.664773]}},{"type":"Feature","properties":{"elevation":73},"geometry":{"type":"Point","coordinates":[-1.355328,54.664773]}},{"type":"Feature","properties":{"elevation":71},"geometry":{"type":"Point","coordinates":[-1.335328,54.664773]}},{"type":"Feature","properties":{"elevation":64},"geometry":{"type":"Point","coordinates":[-1.315328,54.664773]}},{"type":"Feature","properties":{"elevation":59},"geometry":{"type":"Point","coordinates":[-1.295328,54.664773]}},{"type":"Feature","properties":{"elevation":35},"geometry":{"type":"Point","coordinates":[-1.275328,54.664773]}},{"type":"Feature","properties":{"elevation":32},"geometry":{"type":"Point","coordinates":[-1.255328,54.664773]}},{"type":"Feature","properties":{"elevation":23},"geometry":{"type":"Point","coordinates":[-1.235328,54.664773]}},{"type":"Feature","properties":{"elevation":14},"geometry":{"type":"Point","coordinates":[-1.215328,54.664773]}},{"type":"Feature","properties":{"elevation":6},"geometry":{"type":"Point","coordinates":[-1.195328,54.664773]}},{"type":"Feature","properties":{"elevation":117},"geometry":{"type":"Point","coordinates":[-1.755328,54.684773]}},{"type":"Feature","properties":{"elevation":120},"geometry":{"type":"Point","coordinates":[-1.735328,54.684773]}},{"type":"Feature","properties":{"elevation":162},"geometry":{"type":"Point","coordinates":[-1.715328,54.684773]}},{"type":"Feature","properties":{"elevation":113},"geometry":{"type":"Point","coordinates":[-1.695328,54.684773]}},{"type":"Feature","properties":{"elevation":70},"geometry":{"type":"Point","coordinates":[-1.675328,54.684773]}},{"type":"Feature","properties":{"elevation":132},"geometry":{"type":"Point","coordinates":[-1.655328,54.684773]}},{"type":"Feature","properties":{"elevation":135},"geometry":{"type":"Point","coordinates":[-1.635328,54.684773]}},{"type":"Feature","properties":{"elevation":150},"geometry":{"type":"Point","coordinates":[-1.615328,54.684773]}},{"type":"Feature","properties":{"elevation":143},"geometry":{"type":"Point","coordinates":[-1.595328,54.684773]}},{"type":"Feature","properties":{"elevation":177},"geometry":{"type":"Point","coordinates":[-1.575328,54.684773]}},{"type":"Feature","properties":{"elevation":141},"geometry":{"type":"Point","coordinates":[-1.555328,54.684773]}},{"type":"Feature","properties":{"elevation":123},"geometry":{"type":"Point","coordinates":[-1.535328,54.684773]}},{"type":"Feature","properties":{"elevation":113},"geometry":{"type":"Point","coordinates":[-1.515328,54.684773]}},{"type":"Feature","properties":{"elevation":117},"geometry":{"type":"Point","coordinates":[-1.495328,54.684773]}},{"type":"Feature","properties":{"elevation":83},"geometry":{"type":"Point","coordinates":[-1.475328,54.684773]}},{"type":"Feature","properties":{"elevation":105},"geometry":{"type":"Point","coordinates":[-1.455328,54.684773]}},{"type":"Feature","properties":{"elevation":121},"geometry":{"type":"Point","coordinates":[-1.435328,54.684773]}},{"type":"Feature","properties":{"elevation":105},"geometry":{"type":"Point","coordinates":[-1.415328,54.684773]}},{"type":"Feature","properties":{"elevation":111},"geometry":{"type":"Point","coordinates":[-1.395328,54.684773]}},{"type":"Feature","properties":{"elevation":112},"geometry":{"type":"Point","coordinates":[-1.375328,54.684773]}},{"type":"Feature","properties":{"elevation":116},"geometry":{"type":"Point","coordinates":[-1.355328,54.684773]}},{"type":"Feature","properties":{"elevation":115},"geometry":{"type":"Point","coordinates":[-1.335328,54.684773]}},{"type":"Feature","properties":{"elevation":117},"geometry":{"type":"Point","coordinates":[-1.315328,54.684773]}},{"type":"Feature","properties":{"elevation":89},"geometry":{"type":"Point","coordinates":[-1.295328,54.684773]}},{"type":"Feature","properties":{"elevation":77},"geometry":{"type":"Point","coordinates":[-1.275328,54.684773]}},{"type":"Feature","properties":{"elevation":49},"geometry":{"type":"Point","coordinates":[-1.255328,54.684773]}},{"type":"Feature","properties":{"elevation":32},"geometry":{"type":"Point","coordinates":[-1.235328,54.684773]}},{"type":"Feature","properties":{"elevation":13},"geometry":{"type":"Point","coordinates":[-1.215328,54.684773]}},{"type":"Feature","properties":{"elevation":0},"geometry":{"type":"Point","coordinates":[-1.195328,54.684773]}},{"type":"Feature","properties":{"elevation":0},"geometry":{"type":"Point","coordinates":[-1.175328,54.684773]}},{"type":"Feature","properties":{"elevation":0},"geometry":{"type":"Point","coordinates":[-1.155328,54.684773]}},{"type":"Feature","properties":{"elevation":0},"geometry":{"type":"Point","coordinates":[-1.135328,54.684773]}},{"type":"Feature","properties":{"elevation":115},"geometry":{"type":"Point","coordinates":[-1.815328,54.704773]}},{"type":"Feature","properties":{"elevation":165},"geometry":{"type":"Point","coordinates":[-1.795328,54.704773]}},{"type":"Feature","properties":{"elevation":190},"geometry":{"type":"Point","coordinates":[-1.775328,54.704773]}},{"type":"Feature","properties":{"elevation":148},"geometry":{"type":"Point","coordinates":[-1.755328,54.704773]}},{"type":"Feature","properties":{"elevation":177},"geometry":{"type":"Point","coordinates":[-1.735328,54.704773]}},{"type":"Feature","properties":{"elevation":123},"geometry":{"type":"Point","coordinates":[-1.715328,54.704773]}},{"type":"Feature","properties":{"elevation":88},"geometry":{"type":"Point","coordinates":[-1.695328,54.704773]}},{"type":"Feature","properties":{"elevation":55},"geometry":{"type":"Point","coordinates":[-1.675328,54.704773]}},{"type":"Feature","properties":{"elevation":72},"geometry":{"type":"Point","coordinates":[-1.655328,54.704773]}},{"type":"Feature","properties":{"elevation":108},"geometry":{"type":"Point","coordinates":[-1.635328,54.704773]}},{"type":"Feature","properties":{"elevation":102},"geometry":{"type":"Point","coordinates":[-1.615328,54.704773]}},{"type":"Feature","properties":{"elevation":99},"geometry":{"type":"Point","coordinates":[-1.595328,54.704773]}},{"type":"Feature","properties":{"elevation":132},"geometry":{"type":"Point","coordinates":[-1.575328,54.704773]}},{"type":"Feature","properties":{"elevation":116},"geometry":{"type":"Point","coordinates":[-1.555328,54.704773]}},{"type":"Feature","properties":{"elevation":93},"geometry":{"type":"Point","coordinates":[-1.535328,54.704773]}},{"type":"Feature","properties":{"elevation":100},"geometry":{"type":"Point","coordinates":[-1.515328,54.704773]}},{"type":"Feature","properties":{"elevation":114},"geometry":{"type":"Point","coordinates":[-1.495328,54.704773]}},{"type":"Feature","properties":{"elevation":140},"geometry":{"type":"Point","coordinates":[-1.475328,54.704773]}},{"type":"Feature","properties":{"elevation":147},"geometry":{"type":"Point","coordinates":[-1.455328,54.704773]}},{"type":"Feature","properties":{"elevation":158},"geometry":{"type":"Point","coordinates":[-1.435328,54.704773]}},{"type":"Feature","properties":{"elevation":121},"geometry":{"type":"Point","coordinates":[-1.415328,54.704773]}},{"type":"Feature","properties":{"elevation":117},"geometry":{"type":"Point","coordinates":[-1.395328,54.704773]}},{"type":"Feature","properties":{"elevation":134},"geometry":{"type":"Point","coordinates":[-1.375328,54.704773]}},{"type":"Feature","properties":{"elevation":135},"geometry":{"type":"Point","coordinates":[-1.355328,54.704773]}},{"type":"Feature","properties":{"elevation":121},"geometry":{"type":"Point","coordinates":[-1.335328,54.704773]}},{"type":"Feature","properties":{"elevation":115},"geometry":{"type":"Point","coordinates":[-1.315328,54.704773]}},{"type":"Feature","properties":{"elevation":117},"geometry":{"type":"Point","coordinates":[-1.295328,54.704773]}},{"type":"Feature","properties":{"elevation":99},"geometry":{"type":"Point","coordinates":[-1.275328,54.704773]}},{"type":"Feature","properties":{"elevation":56},"geometry":{"type":"Point","coordinates":[-1.255328,54.704773]}},{"type":"Feature","properties":{"elevation":18},"geometry":{"type":"Point","coordinates":[-1.235328,54.704773]}},{"type":"Feature","properties":{"elevation":4},"geometry":{"type":"Point","coordinates":[-1.215328,54.704773]}},{"type":"Feature","properties":{"elevation":0},"geometry":{"type":"Point","coordinates":[-1.195328,54.704773]}},{"type":"Feature","properties":{"elevation":0},"geometry":{"type":"Point","coordinates":[-1.175328,54.704773]}},{"type":"Feature","properties":{"elevation":0},"geometry":{"type":"Point","coordinates":[-1.155328,54.704773]}},{"type":"Feature","properties":{"elevation":0},"geometry":{"type":"Point","coordinates":[-1.135328,54.704773]}},{"type":"Feature","properties":{"elevation":0},"geometry":{"type":"Point","coordinates":[-1.115328,54.704773]}},{"type":"Feature","properties":{"elevation":0},"geometry":{"type":"Point","coordinates":[-1.095328,54.704773]}},{"type":"Feature","properties":{"elevation":128},"geometry":{"type":"Point","coordinates":[-1.855328,54.724773]}},{"type":"Feature","properties":{"elevation":144},"geometry":{"type":"Point","coordinates":[-1.835328,54.724773]}},{"type":"Feature","properties":{"elevation":184},"geometry":{"type":"Point","coordinates":[-1.815328,54.724773]}},{"type":"Feature","properties":{"elevation":243},"geometry":{"type":"Point","coordinates":[-1.795328,54.724773]}},{"type":"Feature","properties":{"elevation":219},"geometry":{"type":"Point","coordinates":[-1.775328,54.724773]}},{"type":"Feature","properties":{"elevation":175},"geometry":{"type":"Point","coordinates":[-1.755328,54.724773]}},{"type":"Feature","properties":{"elevation":241},"geometry":{"type":"Point","coordinates":[-1.735328,54.724773]}},{"type":"Feature","properties":{"elevation":221},"geometry":{"type":"Point","coordinates":[-1.715328,54.724773]}},{"type":"Feature","properties":{"elevation":194},"geometry":{"type":"Point","coordinates":[-1.695328,54.724773]}},{"type":"Feature","properties":{"elevation":152},"geometry":{"type":"Point","coordinates":[-1.675328,54.724773]}},{"type":"Feature","properties":{"elevation":106},"geometry":{"type":"Point","coordinates":[-1.655328,54.724773]}},{"type":"Feature","properties":{"elevation":73},"geometry":{"type":"Point","coordinates":[-1.635328,54.724773]}},{"type":"Feature","properties":{"elevation":45},"geometry":{"type":"Point","coordinates":[-1.615328,54.724773]}},{"type":"Feature","properties":{"elevation":67},"geometry":{"type":"Point","coordinates":[-1.595328,54.724773]}},{"type":"Feature","properties":{"elevation":89},"geometry":{"type":"Point","coordinates":[-1.575328,54.724773]}},{"type":"Feature","properties":{"elevation":105},"geometry":{"type":"Point","coordinates":[-1.555328,54.724773]}},{"type":"Feature","properties":{"elevation":74},"geometry":{"type":"Point","coordinates":[-1.535328,54.724773]}},{"type":"Feature","properties":{"elevation":90},"geometry":{"type":"Point","coordinates":[-1.515328,54.724773]}},{"type":"Feature","properties":{"elevation":113},"geometry":{"type":"Point","coordinates":[-1.495328,54.724773]}},{"type":"Feature","properties":{"elevation":143},"geometry":{"type":"Point","coordinates":[-1.475328,54.724773]}},{"type":"Feature","properties":{"elevation":125},"geometry":{"type":"Point","coordinates":[-1.455328,54.724773]}},{"type":"Feature","properties":{"elevation":140},"geometry":{"type":"Point","coordinates":[-1.435328,54.724773]}},{"type":"Feature","properties":{"elevation":154},"geometry":{"type":"Point","coordinates":[-1.415328,54.724773]}},{"type":"Feature","properties":{"elevation":154},"geometry":{"type":"Point","coordinates":[-1.395328,54.724773]}},{"type":"Feature","properties":{"elevation":117},"geometry":{"type":"Point","coordinates":[-1.375328,54.724773]}},{"type":"Feature","properties":{"elevation":126},"geometry":{"type":"Point","coordinates":[-1.355328,54.724773]}},{"type":"Feature","properties":{"elevation":102},"geometry":{"type":"Point","coordinates":[-1.335328,54.724773]}},{"type":"Feature","properties":{"elevation":100},"geometry":{"type":"Point","coordinates":[-1.315328,54.724773]}},{"type":"Feature","properties":{"elevation":84},"geometry":{"type":"Point","coordinates":[-1.295328,54.724773]}},{"type":"Feature","properties":{"elevation":50},"geometry":{"type":"Point","coordinates":[-1.275328,54.724773]}},{"type":"Feature","properties":{"elevation":37},"geometry":{"type":"Point","coordinates":[-1.255328,54.724773]}},{"type":"Feature","properties":{"elevation":0},"geometry":{"type":"Point","coordinates":[-1.235328,54.724773]}},{"type":"Feature","properties":{"elevation":0},"geometry":{"type":"Point","coordinates":[-1.215328,54.724773]}},{"type":"Feature","properties":{"elevation":0},"geometry":{"type":"Point","coordinates":[-1.195328,54.724773]}},{"type":"Feature","properties":{"elevation":0},"geometry":{"type":"Point","coordinates":[-1.175328,54.724773]}},{"type":"Feature","properties":{"elevation":0},"geometry":{"type":"Point","coordinates":[-1.155328,54.724773]}},{"type":"Feature","properties":{"elevation":0},"geometry":{"type":"Point","coordinates":[-1.135328,54.724773]}},{"type":"Feature","properties":{"elevation":0},"geometry":{"type":"Point","coordinates":[-1.115328,54.724773]}},{"type":"Feature","properties":{"elevation":0},"geometry":{"type":"Point","coordinates":[-1.095328,54.724773]}},{"type":"Feature","properties":{"elevation":0},"geometry":{"type":"Point","coordinates":[-1.075328,54.724773]}},{"type":"Feature","properties":{"elevation":0},"geometry":{"type":"Point","coordinates":[-1.055328,54.724773]}},{"type":"Feature","properties":{"elevation":180},"geometry":{"type":"Point","coordinates":[-1.895328,54.744773]}},{"type":"Feature","properties":{"elevation":277},"geometry":{"type":"Point","coordinates":[-1.875328,54.744773]}},{"type":"Feature","properties":{"elevation":255},"geometry":{"type":"Point","coordinates":[-1.855328,54.744773]}},{"type":"Feature","properties":{"elevation":254},"geometry":{"type":"Point","coordinates":[-1.835328,54.744773]}},{"type":"Feature","properties":{"elevation":295},"geometry":{"type":"Point","coordinates":[-1.815328,54.744773]}},{"type":"Feature","properties":{"elevation":274},"geometry":{"type":"Point","coordinates":[-1.795328,54.744773]}},{"type":"Feature","properties":{"elevation":279},"geometry":{"type":"Point","coordinates":[-1.775328,54.744773]}},{"type":"Feature","properties":{"elevation":263},"geometry":{"type":"Point","coordinates":[-1.755328,54.744773]}},{"type":"Feature","properties":{"elevation":240},"geometry":{"type":"Point","coordinates":[-1.735328,54.744773]}},{"type":"Feature","properties":{"elevation":217},"geometry":{"type":"Point","coordinates":[-1.715328,54.744773]}},{"type":"Feature","properties":{"elevation":225},"geometry":{"type":"Point","coordinates":[-1.695328,54.744773]}},{"type":"Feature","properties":{"elevation":179},"geometry":{"type":"Point","coordinates":[-1.675328,54.744773]}},{"type":"Feature","properties":{"elevation":142},"geometry":{"type":"Point","coordinates":[-1.655328,54.744773]}},{"type":"Feature","properties":{"elevation":108},"geometry":{"type":"Point","coordinates":[-1.635328,54.744773]}},{"type":"Feature","properties":{"elevation":78},"geometry":{"type":"Point","coordinates":[-1.615328,54.744773]}},{"type":"Feature","properties":{"elevation":73},"geometry":{"type":"Point","coordinates":[-1.595328,54.744773]}},{"type":"Feature","properties":{"elevation":41},"geometry":{"type":"Point","coordinates":[-1.575328,54.744773]}},{"type":"Feature","properties":{"elevation":55},"geometry":{"type":"Point","coordinates":[-1.555328,54.744773]}},{"type":"Feature","properties":{"elevation":96},"geometry":{"type":"Point","coordinates":[-1.535328,54.744773]}},{"type":"Feature","properties":{"elevation":93},"geometry":{"type":"Point","coordinates":[-1.515328,54.744773]}},{"type":"Feature","properties":{"elevation":110},"geometry":{"type":"Point","coordinates":[-1.495328,54.744773]}},{"type":"Feature","properties":{"elevation":171},"geometry":{"type":"Point","coordinates":[-1.475328,54.744773]}},{"type":"Feature","properties":{"elevation":183},"geometry":{"type":"Point","coordinates":[-1.455328,54.744773]}},{"type":"Feature","properties":{"elevation":151},"geometry":{"type":"Point","coordinates":[-1.435328,54.744773]}},{"type":"Feature","properties":{"elevation":151},"geometry":{"type":"Point","coordinates":[-1.415328,54.744773]}},{"type":"Feature","properties":{"elevation":117},"geometry":{"type":"Point","coordinates":[-1.395328,54.744773]}},{"type":"Feature","properties":{"elevation":119},"geometry":{"type":"Point","coordinates":[-1.375328,54.744773]}},{"type":"Feature","properties":{"elevation":141},"geometry":{"type":"Point","coordinates":[-1.355328,54.744773]}},{"type":"Feature","properties":{"elevation":60},"geometry":{"type":"Point","coordinates":[-1.335328,54.744773]}},{"type":"Feature","properties":{"elevation":109},"geometry":{"type":"Point","coordinates":[-1.315328,54.744773]}},{"type":"Feature","properties":{"elevation":82},"geometry":{"type":"Point","coordinates":[-1.295328,54.744773]}},{"type":"Feature","properties":{"elevation":41},"geometry":{"type":"Point","coordinates":[-1.275328,54.744773]}},{"type":"Feature","properties":{"elevation":0},"geometry":{"type":"Point","coordinates":[-1.255328,54.744773]}},{"type":"Feature","properties":{"elevation":0},"geometry":{"type":"Point","coordinates":[-1.235328,54.744773]}},{"type":"Feature","properties":{"elevation":0},"geometry":{"type":"Point","coordinates":[-1.215328,54.744773]}},{"type":"Feature","properties":{"elevation":0},"geometry":{"type":"Point","coordinates":[-1.195328,54.744773]}},{"type":"Feature","properties":{"elevation":0},"geometry":{"type":"Point","coordinates":[-1.175328,54.744773]}},{"type":"Feature","properties":{"elevation":0},"geometry":{"type":"Point","coordinates":[-1.155328,54.744773]}},{"type":"Feature","properties":{"elevation":0},"geometry":{"type":"Point","coordinates":[-1.135328,54.744773]}},{"type":"Feature","properties":{"elevation":0},"geometry":{"type":"Point","coordinates":[-1.115328,54.744773]}},{"type":"Feature","properties":{"elevation":0},"geometry":{"type":"Point","coordinates":[-1.095328,54.744773]}},{"type":"Feature","properties":{"elevation":0},"geometry":{"type":"Point","coordinates":[-1.075328,54.744773]}},{"type":"Feature","properties":{"elevation":0},"geometry":{"type":"Point","coordinates":[-1.055328,54.744773]}},{"type":"Feature","properties":{"elevation":0},"geometry":{"type":"Point","coordinates":[-1.035328,54.744773]}},{"type":"Feature","properties":{"elevation":321},"geometry":{"type":"Point","coordinates":[-1.915328,54.764773]}},{"type":"Feature","properties":{"elevation":272},"geometry":{"type":"Point","coordinates":[-1.895328,54.764773]}},{"type":"Feature","properties":{"elevation":328},"geometry":{"type":"Point","coordinates":[-1.875328,54.764773]}},{"type":"Feature","properties":{"elevation":302},"geometry":{"type":"Point","coordinates":[-1.855328,54.764773]}},{"type":"Feature","properties":{"elevation":298},"geometry":{"type":"Point","coordinates":[-1.835328,54.764773]}},{"type":"Feature","properties":{"elevation":265},"geometry":{"type":"Point","coordinates":[-1.815328,54.764773]}},{"type":"Feature","properties":{"elevation":253},"geometry":{"type":"Point","coordinates":[-1.795328,54.764773]}},{"type":"Feature","properties":{"elevation":273},"geometry":{"type":"Point","coordinates":[-1.775328,54.764773]}},{"type":"Feature","properties":{"elevation":267},"geometry":{"type":"Point","coordinates":[-1.755328,54.764773]}},{"type":"Feature","properties":{"elevation":232},"geometry":{"type":"Point","coordinates":[-1.735328,54.764773]}},{"type":"Feature","properties":{"elevation":159},"geometry":{"type":"Point","coordinates":[-1.715328,54.764773]}},{"type":"Feature","properties":{"elevation":175},"geometry":{"type":"Point","coordinates":[-1.695328,54.764773]}},{"type":"Feature","properties":{"elevation":174},"geometry":{"type":"Point","coordinates":[-1.675328,54.764773]}},{"type":"Feature","properties":{"elevation":152},"geometry":{"type":"Point","coordinates":[-1.655328,54.764773]}},{"type":"Feature","properties":{"elevation":93},"geometry":{"type":"Point","coordinates":[-1.635328,54.764773]}},{"type":"Feature","properties":{"elevation":65},"geometry":{"type":"Point","coordinates":[-1.615328,54.764773]}},{"type":"Feature","properties":{"elevation":96},"geometry":{"type":"Point","coordinates":[-1.595328,54.764773]}},{"type":"Feature","properties":{"elevation":89},"geometry":{"type":"Point","coordinates":[-1.575328,54.764773]}},{"type":"Feature","properties":{"elevation":36},"geometry":{"type":"Point","coordinates":[-1.555328,54.764773]}},{"type":"Feature","properties":{"elevation":57},"geometry":{"type":"Point","coordinates":[-1.535328,54.764773]}},{"type":"Feature","properties":{"elevation":77},"geometry":{"type":"Point","coordinates":[-1.515328,54.764773]}},{"type":"Feature","properties":{"elevation":89},"geometry":{"type":"Point","coordinates":[-1.495328,54.764773]}},{"type":"Feature","properties":{"elevation":99},"geometry":{"type":"Point","coordinates":[-1.475328,54.764773]}},{"type":"Feature","properties":{"elevation":123},"geometry":{"type":"Point","coordinates":[-1.455328,54.764773]}},{"type":"Feature","properties":{"elevation":131},"geometry":{"type":"Point","coordinates":[-1.435328,54.764773]}},{"type":"Feature","properties":{"elevation":157},"geometry":{"type":"Point","coordinates":[-1.415328,54.764773]}},{"type":"Feature","properties":{"elevation":145},"geometry":{"type":"Point","coordinates":[-1.395328,54.764773]}},{"type":"Feature","properties":{"elevation":135},"geometry":{"type":"Point","coordinates":[-1.375328,54.764773]}},{"type":"Feature","properties":{"elevation":144},"geometry":{"type":"Point","coordinates":[-1.355328,54.764773]}},{"type":"Feature","properties":{"elevation":114},"geometry":{"type":"Point","coordinates":[-1.335328,54.764773]}},{"type":"Feature","properties":{"elevation":73},"geometry":{"type":"Point","coordinates":[-1.315328,54.764773]}},{"type":"Feature","properties":{"elevation":0},"geometry":{"type":"Point","coordinates":[-1.295328,54.764773]}},{"type":"Feature","properties":{"elevation":0},"geometry":{"type":"Point","coordinates":[-1.275328,54.764773]}},{"type":"Feature","properties":{"elevation":0},"geometry":{"type":"Point","coordinates":[-1.255328,54.764773]}},{"type":"Feature","properties":{"elevation":0},"geometry":{"type":"Point","coordinates":[-1.235328,54.764773]}},{"type":"Feature","properties":{"elevation":0},"geometry":{"type":"Point","coordinates":[-1.215328,54.764773]}},{"type":"Feature","properties":{"elevation":0},"geometry":{"type":"Point","coordinates":[-1.195328,54.764773]}},{"type":"Feature","properties":{"elevation":0},"geometry":{"type":"Point","coordinates":[-1.175328,54.764773]}},{"type":"Feature","properties":{"elevation":0},"geometry":{"type":"Point","coordinates":[-1.155328,54.764773]}},{"type":"Feature","properties":{"elevation":0},"geometry":{"type":"Point","coordinates":[-1.135328,54.764773]}},{"type":"Feature","properties":{"elevation":0},"geometry":{"type":"Point","coordinates":[-1.115328,54.764773]}},{"type":"Feature","properties":{"elevation":0},"geometry":{"type":"Point","coordinates":[-1.095328,54.764773]}},{"type":"Feature","properties":{"elevation":0},"geometry":{"type":"Point","coordinates":[-1.075328,54.764773]}},{"type":"Feature","properties":{"elevation":0},"geometry":{"type":"Point","coordinates":[-1.055328,54.764773]}},{"type":"Feature","properties":{"elevation":0},"geometry":{"type":"Point","coordinates":[-1.035328,54.764773]}},{"type":"Feature","properties":{"elevation":0},"geometry":{"type":"Point","coordinates":[-1.015328,54.764773]}},{"type":"Feature","properties":{"elevation":349},"geometry":{"type":"Point","coordinates":[-1.935328,54.784773]}},{"type":"Feature","properties":{"elevation":280},"geometry":{"type":"Point","coordinates":[-1.915328,54.784773]}},{"type":"Feature","properties":{"elevation":317},"geometry":{"type":"Point","coordinates":[-1.895328,54.784773]}},{"type":"Feature","properties":{"elevation":321},"geometry":{"type":"Point","coordinates":[-1.875328,54.784773]}},{"type":"Feature","properties":{"elevation":271},"geometry":{"type":"Point","coordinates":[-1.855328,54.784773]}},{"type":"Feature","properties":{"elevation":273},"geometry":{"type":"Point","coordinates":[-1.835328,54.784773]}},{"type":"Feature","properties":{"elevation":232},"geometry":{"type":"Point","coordinates":[-1.815328,54.784773]}},{"type":"Feature","properties":{"elevation":197},"geometry":{"type":"Point","coordinates":[-1.795328,54.784773]}},{"type":"Feature","properties":{"elevation":269},"geometry":{"type":"Point","coordinates":[-1.775328,54.784773]}},{"type":"Feature","properties":{"elevation":208},"geometry":{"type":"Point","coordinates":[-1.755328,54.784773]}},{"type":"Feature","properties":{"elevation":179},"geometry":{"type":"Point","coordinates":[-1.735328,54.784773]}},{"type":"Feature","properties":{"elevation":185},"geometry":{"type":"Point","coordinates":[-1.715328,54.784773]}},{"type":"Feature","properties":{"elevation":172},"geometry":{"type":"Point","coordinates":[-1.695328,54.784773]}},{"type":"Feature","properties":{"elevation":134},"geometry":{"type":"Point","coordinates":[-1.675328,54.784773]}},{"type":"Feature","properties":{"elevation":166},"geometry":{"type":"Point","coordinates":[-1.655328,54.784773]}},{"type":"Feature","properties":{"elevation":142},"geometry":{"type":"Point","coordinates":[-1.635328,54.784773]}},{"type":"Feature","properties":{"elevation":78},"geometry":{"type":"Point","coordinates":[-1.615328,54.784773]}},{"type":"Feature","properties":{"elevation":96},"geometry":{"type":"Point","coordinates":[-1.595328,54.784773]}},{"type":"Feature","properties":{"elevation":66},"geometry":{"type":"Point","coordinates":[-1.575328,54.784773]}},{"type":"Feature","properties":{"elevation":75},"geometry":{"type":"Point","coordinates":[-1.555328,54.784773]}},{"type":"Feature","properties":{"elevation":93},"geometry":{"type":"Point","coordinates":[-1.535328,54.784773]}},{"type":"Feature","properties":{"elevation":83},"geometry":{"type":"Point","coordinates":[-1.515328,54.784773]}},{"type":"Feature","properties":{"elevation":79},"geometry":{"type":"Point","coordinates":[-1.495328,54.784773]}},{"type":"Feature","properties":{"elevation":116},"geometry":{"type":"Point","coordinates":[-1.475328,54.784773]}},{"type":"Feature","properties":{"elevation":130},"geometry":{"type":"Point","coordinates":[-1.455328,54.784773]}},{"type":"Feature","properties":{"elevation":152},"geometry":{"type":"Point","coordinates":[-1.435328,54.784773]}},{"type":"Feature","properties":{"elevation":140},"geometry":{"type":"Point","coordinates":[-1.415328,54.784773]}},{"type":"Feature","properties":{"elevation":124},"geometry":{"type":"Point","coordinates":[-1.395328,54.784773]}},{"type":"Feature","properties":{"elevation":124},"geometry":{"type":"Point","coordinates":[-1.375328,54.784773]}},{"type":"Feature","properties":{"elevation":135},"geometry":{"type":"Point","coordinates":[-1.355328,54.784773]}},{"type":"Feature","properties":{"elevation":110},"geometry":{"type":"Point","coordinates":[-1.335328,54.784773]}},{"type":"Feature","properties":{"elevation":48},"geometry":{"type":"Point","coordinates":[-1.315328,54.784773]}},{"type":"Feature","properties":{"elevation":0},"geometry":{"type":"Point","coordinates":[-1.295328,54.784773]}},{"type":"Feature","properties":{"elevation":0},"geometry":{"type":"Point","coordinates":[-1.275328,54.784773]}},{"type":"Feature","properties":{"elevation":0},"geometry":{"type":"Point","coordinates":[-1.255328,54.784773]}},{"type":"Feature","properties":{"elevation":0},"geometry":{"type":"Point","coordinates":[-1.235328,54.784773]}},{"type":"Feature","properties":{"elevation":0},"geometry":{"type":"Point","coordinates":[-1.215328,54.784773]}},{"type":"Feature","properties":{"elevation":0},"geometry":{"type":"Point","coordinates":[-1.195328,54.784773]}},{"type":"Feature","properties":{"elevation":0},"geometry":{"type":"Point","coordinates":[-1.175328,54.784773]}},{"type":"Feature","properties":{"elevation":0},"geometry":{"type":"Point","coordinates":[-1.155328,54.784773]}},{"type":"Feature","properties":{"elevation":0},"geometry":{"type":"Point","coordinates":[-1.135328,54.784773]}},{"type":"Feature","properties":{"elevation":0},"geometry":{"type":"Point","coordinates":[-1.115328,54.784773]}},{"type":"Feature","properties":{"elevation":0},"geometry":{"type":"Point","coordinates":[-1.095328,54.784773]}},{"type":"Feature","properties":{"elevation":0},"geometry":{"type":"Point","coordinates":[-1.075328,54.784773]}},{"type":"Feature","properties":{"elevation":0},"geometry":{"type":"Point","coordinates":[-1.055328,54.784773]}},{"type":"Feature","properties":{"elevation":0},"geometry":{"type":"Point","coordinates":[-1.035328,54.784773]}},{"type":"Feature","properties":{"elevation":0},"geometry":{"type":"Point","coordinates":[-1.015328,54.784773]}},{"type":"Feature","properties":{"elevation":0},"geometry":{"type":"Point","coordinates":[-0.995328,54.784773]}},{"type":"Feature","properties":{"elevation":409},"geometry":{"type":"Point","coordinates":[-1.975328,54.804773]}},{"type":"Feature","properties":{"elevation":387},"geometry":{"type":"Point","coordinates":[-1.955328,54.804773]}},{"type":"Feature","properties":{"elevation":367},"geometry":{"type":"Point","coordinates":[-1.935328,54.804773]}},{"type":"Feature","properties":{"elevation":328},"geometry":{"type":"Point","coordinates":[-1.915328,54.804773]}},{"type":"Feature","properties":{"elevation":342},"geometry":{"type":"Point","coordinates":[-1.895328,54.804773]}},{"type":"Feature","properties":{"elevation":298},"geometry":{"type":"Point","coordinates":[-1.875328,54.804773]}},{"type":"Feature","properties":{"elevation":290},"geometry":{"type":"Point","coordinates":[-1.855328,54.804773]}},{"type":"Feature","properties":{"elevation":254},"geometry":{"type":"Point","coordinates":[-1.835328,54.804773]}},{"type":"Feature","properties":{"elevation":229},"geometry":{"type":"Point","coordinates":[-1.815328,54.804773]}},{"type":"Feature","properties":{"elevation":159},"geometry":{"type":"Point","coordinates":[-1.795328,54.804773]}},{"type":"Feature","properties":{"elevation":184},"geometry":{"type":"Point","coordinates":[-1.775328,54.804773]}},{"type":"Feature","properties":{"elevation":132},"geometry":{"type":"Point","coordinates":[-1.755328,54.804773]}},{"type":"Feature","properties":{"elevation":160},"geometry":{"type":"Point","coordinates":[-1.735328,54.804773]}},{"type":"Feature","properties":{"elevation":122},"geometry":{"type":"Point","coordinates":[-1.715328,54.804773]}},{"type":"Feature","properties":{"elevation":95},"geometry":{"type":"Point","coordinates":[-1.695328,54.804773]}},{"type":"Feature","properties":{"elevation":115},"geometry":{"type":"Point","coordinates":[-1.675328,54.804773]}},{"type":"Feature","properties":{"elevation":95},"geometry":{"type":"Point","coordinates":[-1.655328,54.804773]}},{"type":"Feature","properties":{"elevation":102},"geometry":{"type":"Point","coordinates":[-1.635328,54.804773]}},{"type":"Feature","properties":{"elevation":137},"geometry":{"type":"Point","coordinates":[-1.615328,54.804773]}},{"type":"Feature","properties":{"elevation":97},"geometry":{"type":"Point","coordinates":[-1.595328,54.804773]}},{"type":"Feature","properties":{"elevation":94},"geometry":{"type":"Point","coordinates":[-1.575328,54.804773]}},{"type":"Feature","properties":{"elevation":60},"geometry":{"type":"Point","coordinates":[-1.555328,54.804773]}},{"type":"Feature","properties":{"elevation":36},"geometry":{"type":"Point","coordinates":[-1.535328,54.804773]}},{"type":"Feature","properties":{"elevation":69},"geometry":{"type":"Point","coordinates":[-1.515328,54.804773]}},{"type":"Feature","properties":{"elevation":88},"geometry":{"type":"Point","coordinates":[-1.495328,54.804773]}},{"type":"Feature","properties":{"elevation":153},"geometry":{"type":"Point","coordinates":[-1.475328,54.804773]}},{"type":"Feature","properties":{"elevation":123},"geometry":{"type":"Point","coordinates":[-1.455328,54.804773]}},{"type":"Feature","properties":{"elevation":132},"geometry":{"type":"Point","coordinates":[-1.435328,54.804773]}},{"type":"Feature","properties":{"elevation":117},"geometry":{"type":"Point","coordinates":[-1.415328,54.804773]}},{"type":"Feature","properties":{"elevation":118},"geometry":{"type":"Point","coordinates":[-1.395328,54.804773]}},{"type":"Feature","properties":{"elevation":121},"geometry":{"type":"Point","coordinates":[-1.375328,54.804773]}},{"type":"Feature","properties":{"elevation":99},"geometry":{"type":"Point","coordinates":[-1.355328,54.804773]}},{"type":"Feature","properties":{"elevation":68},"geometry":{"type":"Point","coordinates":[-1.335328,54.804773]}},{"type":"Feature","properties":{"elevation":45},"geometry":{"type":"Point","coordinates":[-1.315328,54.804773]}},{"type":"Feature","properties":{"elevation":0},"geometry":{"type":"Point","coordinates":[-1.295328,54.804773]}},{"type":"Feature","properties":{"elevation":0},"geometry":{"type":"Point","coordinates":[-1.275328,54.804773]}},{"type":"Feature","properties":{"elevation":0},"geometry":{"type":"Point","coordinates":[-1.255328,54.804773]}},{"type":"Feature","properties":{"elevation":0},"geometry":{"type":"Point","coordinates":[-1.235328,54.804773]}},{"type":"Feature","properties":{"elevation":0},"geometry":{"type":"Point","coordinates":[-1.215328,54.804773]}},{"type":"Feature","properties":{"elevation":0},"geometry":{"type":"Point","coordinates":[-1.195328,54.804773]}},{"type":"Feature","properties":{"elevation":0},"geometry":{"type":"Point","coordinates":[-1.175328,54.804773]}},{"type":"Feature","properties":{"elevation":0},"geometry":{"type":"Point","coordinates":[-1.155328,54.804773]}},{"type":"Feature","properties":{"elevation":0},"geometry":{"type":"Point","coordinates":[-1.135328,54.804773]}},{"type":"Feature","properties":{"elevation":0},"geometry":{"type":"Point","coordinates":[-1.115328,54.804773]}},{"type":"Feature","properties":{"elevation":0},"geometry":{"type":"Point","coordinates":[-1.095328,54.804773]}},{"type":"Feature","properties":{"elevation":0},"geometry":{"type":"Point","coordinates":[-1.075328,54.804773]}},{"type":"Feature","properties":{"elevation":0},"geometry":{"type":"Point","coordinates":[-1.055328,54.804773]}},{"type":"Feature","properties":{"elevation":0},"geometry":{"type":"Point","coordinates":[-1.035328,54.804773]}},{"type":"Feature","properties":{"elevation":0},"geometry":{"type":"Point","coordinates":[-1.015328,54.804773]}},{"type":"Feature","properties":{"elevation":0},"geometry":{"type":"Point","coordinates":[-0.995328,54.804773]}},{"type":"Feature","properties":{"elevation":0},"geometry":{"type":"Point","coordinates":[-0.975328,54.804773]}},{"type":"Feature","properties":{"elevation":278},"geometry":{"type":"Point","coordinates":[-2.015328,54.824773]}},{"type":"Feature","properties":{"elevation":344},"geometry":{"type":"Point","coordinates":[-1.995328,54.824773]}},{"type":"Feature","properties":{"elevation":369},"geometry":{"type":"Point","coordinates":[-1.975328,54.824773]}},{"type":"Feature","properties":{"elevation":343},"geometry":{"type":"Point","coordinates":[-1.955328,54.824773]}},{"type":"Feature","properties":{"elevation":243},"geometry":{"type":"Point","coordinates":[-1.935328,54.824773]}},{"type":"Feature","properties":{"elevation":272},"geometry":{"type":"Point","coordinates":[-1.915328,54.824773]}},{"type":"Feature","properties":{"elevation":270},"geometry":{"type":"Point","coordinates":[-1.895328,54.824773]}},{"type":"Feature","properties":{"elevation":254},"geometry":{"type":"Point","coordinates":[-1.875328,54.824773]}},{"type":"Feature","properties":{"elevation":255},"geometry":{"type":"Point","coordinates":[-1.855328,54.824773]}},{"type":"Feature","properties":{"elevation":227},"geometry":{"type":"Point","coordinates":[-1.835328,54.824773]}},{"type":"Feature","properties":{"elevation":170},"geometry":{"type":"Point","coordinates":[-1.815328,54.824773]}},{"type":"Feature","properties":{"elevation":150},"geometry":{"type":"Point","coordinates":[-1.795328,54.824773]}},{"type":"Feature","properties":{"elevation":166},"geometry":{"type":"Point","coordinates":[-1.775328,54.824773]}},{"type":"Feature","properties":{"elevation":148},"geometry":{"type":"Point","coordinates":[-1.755328,54.824773]}},{"type":"Feature","properties":{"elevation":166},"geometry":{"type":"Point","coordinates":[-1.735328,54.824773]}},{"type":"Feature","properties":{"elevation":257},"geometry":{"type":"Point","coordinates":[-1.715328,54.824773]}},{"type":"Feature","properties":{"elevation":221},"geometry":{"type":"Point","coordinates":[-1.695328,54.824773]}},{"type":"Feature","properties":{"elevation":233},"geometry":{"type":"Point","coordinates":[-1.675328,54.824773]}},{"type":"Feature","properties":{"elevation":222},"geometry":{"type":"Point","coordinates":[-1.655328,54.824773]}},{"type":"Feature","properties":{"elevation":135},"geometry":{"type":"Point","coordinates":[-1.635328,54.824773]}},{"type":"Feature","properties":{"elevation":99},"geometry":{"type":"Point","coordinates":[-1.615328,54.824773]}},{"type":"Feature","properties":{"elevation":86},"geometry":{"type":"Point","coordinates":[-1.595328,54.824773]}},{"type":"Feature","properties":{"elevation":52},"geometry":{"type":"Point","coordinates":[-1.575328,54.824773]}},{"type":"Feature","properties":{"elevation":17},"geometry":{"type":"Point","coordinates":[-1.555328,54.824773]}},{"type":"Feature","properties":{"elevation":60},"geometry":{"type":"Point","coordinates":[-1.535328,54.824773]}},{"type":"Feature","properties":{"elevation":53},"geometry":{"type":"Point","coordinates":[-1.515328,54.824773]}},{"type":"Feature","properties":{"elevation":59},"geometry":{"type":"Point","coordinates":[-1.495328,54.824773]}},{"type":"Feature","properties":{"elevation":85},"geometry":{"type":"Point","coordinates":[-1.475328,54.824773]}},{"type":"Feature","properties":{"elevation":86},"geometry":{"type":"Point","coordinates":[-1.455328,54.824773]}},{"type":"Feature","properties":{"elevation":125},"geometry":{"type":"Point","coordinates":[-1.435328,54.824773]}},{"type":"Feature","properties":{"elevation":115},"geometry":{"type":"Point","coordinates":[-1.415328,54.824773]}},{"type":"Feature","properties":{"elevation":112},"geometry":{"type":"Point","coordinates":[-1.395328,54.824773]}},{"type":"Feature","properties":{"elevation":93},"geometry":{"type":"Point","coordinates":[-1.375328,54.824773]}},{"type":"Feature","properties":{"elevation":78},"geometry":{"type":"Point","coordinates":[-1.355328,54.824773]}},{"type":"Feature","properties":{"elevation":59},"geometry":{"type":"Point","coordinates":[-1.335328,54.824773]}},{"type":"Feature","properties":{"elevation":0},"geometry":{"type":"Point","coordinates":[-1.315328,54.824773]}},{"type":"Feature","properties":{"elevation":0},"geometry":{"type":"Point","coordinates":[-1.295328,54.824773]}},{"type":"Feature","properties":{"elevation":0},"geometry":{"type":"Point","coordinates":[-1.275328,54.824773]}},{"type":"Feature","properties":{"elevation":0},"geometry":{"type":"Point","coordinates":[-1.255328,54.824773]}},{"type":"Feature","properties":{"elevation":0},"geometry":{"type":"Point","coordinates":[-1.235328,54.824773]}},{"type":"Feature","properties":{"elevation":0},"geometry":{"type":"Point","coordinates":[-1.215328,54.824773]}},{"type":"Feature","properties":{"elevation":0},"geometry":{"type":"Point","coordinates":[-1.195328,54.824773]}},{"type":"Feature","properties":{"elevation":0},"geometry":{"type":"Point","coordinates":[-1.175328,54.824773]}},{"type":"Feature","properties":{"elevation":0},"geometry":{"type":"Point","coordinates":[-1.155328,54.824773]}},{"type":"Feature","properties":{"elevation":0},"geometry":{"type":"Point","coordinates":[-1.135328,54.824773]}},{"type":"Feature","properties":{"elevation":0},"geometry":{"type":"Point","coordinates":[-1.115328,54.824773]}},{"type":"Feature","properties":{"elevation":0},"geometry":{"type":"Point","coordinates":[-1.095328,54.824773]}},{"type":"Feature","properties":{"elevation":0},"geometry":{"type":"Point","coordinates":[-1.075328,54.824773]}},{"type":"Feature","properties":{"elevation":0},"geometry":{"type":"Point","coordinates":[-1.055328,54.824773]}},{"type":"Feature","properties":{"elevation":0},"geometry":{"type":"Point","coordinates":[-1.035328,54.824773]}},{"type":"Feature","properties":{"elevation":0},"geometry":{"type":"Point","coordinates":[-1.015328,54.824773]}},{"type":"Feature","properties":{"elevation":0},"geometry":{"type":"Point","coordinates":[-0.995328,54.824773]}},{"type":"Feature","properties":{"elevation":0},"geometry":{"type":"Point","coordinates":[-0.975328,54.824773]}},{"type":"Feature","properties":{"elevation":279},"geometry":{"type":"Point","coordinates":[-2.055328,54.844773]}},{"type":"Feature","properties":{"elevation":274},"geometry":{"type":"Point","coordinates":[-2.035328,54.844773]}},{"type":"Feature","properties":{"elevation":376},"geometry":{"type":"Point","coordinates":[-2.015328,54.844773]}},{"type":"Feature","properties":{"elevation":320},"geometry":{"type":"Point","coordinates":[-1.995328,54.844773]}},{"type":"Feature","properties":{"elevation":253},"geometry":{"type":"Point","coordinates":[-1.975328,54.844773]}},{"type":"Feature","properties":{"elevation":249},"geometry":{"type":"Point","coordinates":[-1.955328,54.844773]}},{"type":"Feature","properties":{"elevation":239},"geometry":{"type":"Point","coordinates":[-1.935328,54.844773]}},{"type":"Feature","properties":{"elevation":201},"geometry":{"type":"Point","coordinates":[-1.915328,54.844773]}},{"type":"Feature","properties":{"elevation":128},"geometry":{"type":"Point","coordinates":[-1.895328,54.844773]}},{"type":"Feature","properties":{"elevation":142},"geometry":{"type":"Point","coordinates":[-1.875328,54.844773]}},{"type":"Feature","properties":{"elevation":202},"geometry":{"type":"Point","coordinates":[-1.855328,54.844773]}},{"type":"Feature","properties":{"elevation":252},"geometry":{"type":"Point","coordinates":[-1.835328,54.844773]}},{"type":"Feature","properties":{"elevation":228},"geometry":{"type":"Point","coordinates":[-1.815328,54.844773]}},{"type":"Feature","properties":{"elevation":182},"geometry":{"type":"Point","coordinates":[-1.795328,54.844773]}},{"type":"Feature","properties":{"elevation":167},"geometry":{"type":"Point","coordinates":[-1.775328,54.844773]}},{"type":"Feature","properties":{"elevation":206},"geometry":{"type":"Point","coordinates":[-1.755328,54.844773]}},{"type":"Feature","properties":{"elevation":243},"geometry":{"type":"Point","coordinates":[-1.735328,54.844773]}},{"type":"Feature","properties":{"elevation":223},"geometry":{"type":"Point","coordinates":[-1.715328,54.844773]}},{"type":"Feature","properties":{"elevation":240},"geometry":{"type":"Point","coordinates":[-1.695328,54.844773]}},{"type":"Feature","properties":{"elevation":183},"geometry":{"type":"Point","coordinates":[-1.675328,54.844773]}},{"type":"Feature","properties":{"elevation":134},"geometry":{"type":"Point","coordinates":[-1.655328,54.844773]}},{"type":"Feature","properties":{"elevation":83},"geometry":{"type":"Point","coordinates":[-1.635328,54.844773]}},{"type":"Feature","properties":{"elevation":110},"geometry":{"type":"Point","coordinates":[-1.615328,54.844773]}},{"type":"Feature","properties":{"elevation":78},"geometry":{"type":"Point","coordinates":[-1.595328,54.844773]}},{"type":"Feature","properties":{"elevation":42},"geometry":{"type":"Point","coordinates":[-1.575328,54.844773]}},{"type":"Feature","properties":{"elevation":9},"geometry":{"type":"Point","coordinates":[-1.555328,54.844773]}},{"type":"Feature","properties":{"elevation":57},"geometry":{"type":"Point","coordinates":[-1.535328,54.844773]}},{"type":"Feature","properties":{"elevation":44},"geometry":{"type":"Point","coordinates":[-1.515328,54.844773]}},{"type":"Feature","properties":{"elevation":49},"geometry":{"type":"Point","coordinates":[-1.495328,54.844773]}},{"type":"Feature","properties":{"elevation":54},"geometry":{"type":"Point","coordinates":[-1.475328,54.844773]}},{"type":"Feature","properties":{"elevation":93},"geometry":{"type":"Point","coordinates":[-1.455328,54.844773]}},{"type":"Feature","properties":{"elevation":146},"geometry":{"type":"Point","coordinates":[-1.435328,54.844773]}},{"type":"Feature","properties":{"elevation":140},"geometry":{"type":"Point","coordinates":[-1.415328,54.844773]}},{"type":"Feature","properties":{"elevation":107},"geometry":{"type":"Point","coordinates":[-1.395328,54.844773]}},{"type":"Feature","properties":{"elevation":80},"geometry":{"type":"Point","coordinates":[-1.375328,54.844773]}},{"type":"Feature","properties":{"elevation":49},"geometry":{"type":"Point","coordinates":[-1.355328,54.844773]}},{"type":"Feature","properties":{"elevation":0},"geometry":{"type":"Point","coordinates":[-1.335328,54.844773]}},{"type":"Feature","properties":{"elevation":0},"geometry":{"type":"Point","coordinates":[-1.315328,54.844773]}},{"type":"Feature","properties":{"elevation":0},"geometry":{"type":"Point","coordinates":[-1.295328,54.844773]}},{"type":"Feature","properties":{"elevation":0},"geometry":{"type":"Point","coordinates":[-1.275328,54.844773]}},{"type":"Feature","properties":{"elevation":0},"geometry":{"type":"Point","coordinates":[-1.255328,54.844773]}},{"type":"Feature","properties":{"elevation":0},"geometry":{"type":"Point","coordinates":[-1.235328,54.844773]}},{"type":"Feature","properties":{"elevation":0},"geometry":{"type":"Point","coordinates":[-1.215328,54.844773]}},{"type":"Feature","properties":{"elevation":0},"geometry":{"type":"Point","coordinates":[-1.195328,54.844773]}},{"type":"Feature","properties":{"elevation":0},"geometry":{"type":"Point","coordinates":[-1.175328,54.844773]}},{"type":"Feature","properties":{"elevation":0},"geometry":{"type":"Point","coordinates":[-1.155328,54.844773]}},{"type":"Feature","properties":{"elevation":0},"geometry":{"type":"Point","coordinates":[-1.135328,54.844773]}},{"type":"Feature","properties":{"elevation":0},"geometry":{"type":"Point","coordinates":[-1.115328,54.844773]}},{"type":"Feature","properties":{"elevation":0},"geometry":{"type":"Point","coordinates":[-1.095328,54.844773]}},{"type":"Feature","properties":{"elevation":0},"geometry":{"type":"Point","coordinates":[-1.075328,54.844773]}},{"type":"Feature","properties":{"elevation":0},"geometry":{"type":"Point","coordinates":[-1.055328,54.844773]}},{"type":"Feature","properties":{"elevation":0},"geometry":{"type":"Point","coordinates":[-1.035328,54.844773]}},{"type":"Feature","properties":{"elevation":0},"geometry":{"type":"Point","coordinates":[-1.015328,54.844773]}},{"type":"Feature","properties":{"elevation":0},"geometry":{"type":"Point","coordinates":[-0.995328,54.844773]}},{"type":"Feature","properties":{"elevation":0},"geometry":{"type":"Point","coordinates":[-0.975328,54.844773]}},{"type":"Feature","properties":{"elevation":381},"geometry":{"type":"Point","coordinates":[-2.075328,54.864773]}},{"type":"Feature","properties":{"elevation":368},"geometry":{"type":"Point","coordinates":[-2.055328,54.864773]}},{"type":"Feature","properties":{"elevation":294},"geometry":{"type":"Point","coordinates":[-2.035328,54.864773]}},{"type":"Feature","properties":{"elevation":218},"geometry":{"type":"Point","coordinates":[-2.015328,54.864773]}},{"type":"Feature","properties":{"elevation":249},"geometry":{"type":"Point","coordinates":[-1.995328,54.864773]}},{"type":"Feature","properties":{"elevation":218},"geometry":{"type":"Point","coordinates":[-1.975328,54.864773]}},{"type":"Feature","properties":{"elevation":227},"geometry":{"type":"Point","coordinates":[-1.955328,54.864773]}},{"type":"Feature","properties":{"elevation":267},"geometry":{"type":"Point","coordinates":[-1.935328,54.864773]}},{"type":"Feature","properties":{"elevation":242},"geometry":{"type":"Point","coordinates":[-1.915328,54.864773]}},{"type":"Feature","properties":{"elevation":191},"geometry":{"type":"Point","coordinates":[-1.895328,54.864773]}},{"type":"Feature","properties":{"elevation":135},"geometry":{"type":"Point","coordinates":[-1.875328,54.864773]}},{"type":"Feature","properties":{"elevation":156},"geometry":{"type":"Point","coordinates":[-1.855328,54.864773]}},{"type":"Feature","properties":{"elevation":222},"geometry":{"type":"Point","coordinates":[-1.835328,54.864773]}},{"type":"Feature","properties":{"elevation":244},"geometry":{"type":"Point","coordinates":[-1.815328,54.864773]}},{"type":"Feature","properties":{"elevation":244},"geometry":{"type":"Point","coordinates":[-1.795328,54.864773]}},{"type":"Feature","properties":{"elevation":268},"geometry":{"type":"Point","coordinates":[-1.775328,54.864773]}},{"type":"Feature","properties":{"elevation":267},"geometry":{"type":"Point","coordinates":[-1.755328,54.864773]}},{"type":"Feature","properties":{"elevation":215},"geometry":{"type":"Point","coordinates":[-1.735328,54.864773]}},{"type":"Feature","properties":{"elevation":230},"geometry":{"type":"Point","coordinates":[-1.715328,54.864773]}},{"type":"Feature","properties":{"elevation":213},"geometry":{"type":"Point","coordinates":[-1.695328,54.864773]}},{"type":"Feature","properties":{"elevation":158},"geometry":{"type":"Point","coordinates":[-1.675328,54.864773]}},{"type":"Feature","properties":{"elevation":145},"geometry":{"type":"Point","coordinates":[-1.655328,54.864773]}},{"type":"Feature","properties":{"elevation":97},"geometry":{"type":"Point","coordinates":[-1.635328,54.864773]}},{"type":"Feature","properties":{"elevation":94},"geometry":{"type":"Point","coordinates":[-1.615328,54.864773]}},{"type":"Feature","properties":{"elevation":56},"geometry":{"type":"Point","coordinates":[-1.595328,54.864773]}},{"type":"Feature","properties":{"elevation":44},"geometry":{"type":"Point","coordinates":[-1.575328,54.864773]}},{"type":"Feature","properties":{"elevation":17},"geometry":{"type":"Point","coordinates":[-1.555328,54.864773]}},{"type":"Feature","properties":{"elevation":42},"geometry":{"type":"Point","coordinates":[-1.535328,54.864773]}},{"type":"Feature","properties":{"elevation":49},"geometry":{"type":"Point","coordinates":[-1.515328,54.864773]}},{"type":"Feature","properties":{"elevation":57},"geometry":{"type":"Point","coordinates":[-1.495328,54.864773]}},{"type":"Feature","properties":{"elevation":67},"geometry":{"type":"Point","coordinates":[-1.475328,54.864773]}},{"type":"Feature","properties":{"elevation":116},"geometry":{"type":"Point","coordinates":[-1.455328,54.864773]}},{"type":"Feature","properties":{"elevation":95},"geometry":{"type":"Point","coordinates":[-1.435328,54.864773]}},{"type":"Feature","properties":{"elevation":85},"geometry":{"type":"Point","coordinates":[-1.415328,54.864773]}},{"type":"Feature","properties":{"elevation":97},"geometry":{"type":"Point","coordinates":[-1.395328,54.864773]}},{"type":"Feature","properties":{"elevation":88},"geometry":{"type":"Point","coordinates":[-1.375328,54.864773]}},{"type":"Feature","properties":{"elevation":35},"geometry":{"type":"Point","coordinates":[-1.355328,54.864773]}},{"type":"Feature","properties":{"elevation":0},"geometry":{"type":"Point","coordinates":[-1.335328,54.864773]}},{"type":"Feature","properties":{"elevation":0},"geometry":{"type":"Point","coordinates":[-1.315328,54.864773]}},{"type":"Feature","properties":{"elevation":0},"geometry":{"type":"Point","coordinates":[-1.295328,54.864773]}},{"type":"Feature","properties":{"elevation":0},"geometry":{"type":"Point","coordinates":[-1.275328,54.864773]}},{"type":"Feature","properties":{"elevation":0},"geometry":{"type":"Point","coordinates":[-1.255328,54.864773]}},{"type":"Feature","properties":{"elevation":0},"geometry":{"type":"Point","coordinates":[-1.235328,54.864773]}},{"type":"Feature","properties":{"elevation":0},"geometry":{"type":"Point","coordinates":[-1.215328,54.864773]}},{"type":"Feature","properties":{"elevation":0},"geometry":{"type":"Point","coordinates":[-1.195328,54.864773]}},{"type":"Feature","properties":{"elevation":0},"geometry":{"type":"Point","coordinates":[-1.175328,54.864773]}},{"type":"Feature","properties":{"elevation":0},"geometry":{"type":"Point","coordinates":[-1.155328,54.864773]}},{"type":"Feature","properties":{"elevation":0},"geometry":{"type":"Point","coordinates":[-1.135328,54.864773]}},{"type":"Feature","properties":{"elevation":0},"geometry":{"type":"Point","coordinates":[-1.115328,54.864773]}},{"type":"Feature","properties":{"elevation":0},"geometry":{"type":"Point","coordinates":[-1.095328,54.864773]}},{"type":"Feature","properties":{"elevation":0},"geometry":{"type":"Point","coordinates":[-1.075328,54.864773]}},{"type":"Feature","properties":{"elevation":0},"geometry":{"type":"Point","coordinates":[-1.055328,54.864773]}},{"type":"Feature","properties":{"elevation":0},"geometry":{"type":"Point","coordinates":[-1.035328,54.864773]}},{"type":"Feature","properties":{"elevation":0},"geometry":{"type":"Point","coordinates":[-1.015328,54.864773]}},{"type":"Feature","properties":{"elevation":0},"geometry":{"type":"Point","coordinates":[-0.995328,54.864773]}},{"type":"Feature","properties":{"elevation":0},"geometry":{"type":"Point","coordinates":[-0.975328,54.864773]}},{"type":"Feature","properties":{"elevation":0},"geometry":{"type":"Point","coordinates":[-0.955328,54.864773]}},{"type":"Feature","properties":{"elevation":298},"geometry":{"type":"Point","coordinates":[-2.095328,54.884773]}},{"type":"Feature","properties":{"elevation":347},"geometry":{"type":"Point","coordinates":[-2.075328,54.884773]}},{"type":"Feature","properties":{"elevation":308},"geometry":{"type":"Point","coordinates":[-2.055328,54.884773]}},{"type":"Feature","properties":{"elevation":332},"geometry":{"type":"Point","coordinates":[-2.035328,54.884773]}},{"type":"Feature","properties":{"elevation":306},"geometry":{"type":"Point","coordinates":[-2.015328,54.884773]}},{"type":"Feature","properties":{"elevation":273},"geometry":{"type":"Point","coordinates":[-1.995328,54.884773]}},{"type":"Feature","properties":{"elevation":272},"geometry":{"type":"Point","coordinates":[-1.975328,54.884773]}},{"type":"Feature","properties":{"elevation":287},"geometry":{"type":"Point","coordinates":[-1.955328,54.884773]}},{"type":"Feature","properties":{"elevation":243},"geometry":{"type":"Point","coordinates":[-1.935328,54.884773]}},{"type":"Feature","properties":{"elevation":233},"geometry":{"type":"Point","coordinates":[-1.915328,54.884773]}},{"type":"Feature","properties":{"elevation":194},"geometry":{"type":"Point","coordinates":[-1.895328,54.884773]}},{"type":"Feature","properties":{"elevation":151},"geometry":{"type":"Point","coordinates":[-1.875328,54.884773]}},{"type":"Feature","properties":{"elevation":93},"geometry":{"type":"Point","coordinates":[-1.855328,54.884773]}},{"type":"Feature","properties":{"elevation":188},"geometry":{"type":"Point","coordinates":[-1.835328,54.884773]}},{"type":"Feature","properties":{"elevation":231},"geometry":{"type":"Point","coordinates":[-1.815328,54.884773]}},{"type":"Feature","properties":{"elevation":177},"geometry":{"type":"Point","coordinates":[-1.795328,54.884773]}},{"type":"Feature","properties":{"elevation":117},"geometry":{"type":"Point","coordinates":[-1.775328,54.884773]}},{"type":"Feature","properties":{"elevation":195},"geometry":{"type":"Point","coordinates":[-1.755328,54.884773]}},{"type":"Feature","properties":{"elevation":255},"geometry":{"type":"Point","coordinates":[-1.735328,54.884773]}},{"type":"Feature","properties":{"elevation":167},"geometry":{"type":"Point","coordinates":[-1.715328,54.884773]}},{"type":"Feature","properties":{"elevation":145},"geometry":{"type":"Point","coordinates":[-1.695328,54.884773]}},{"type":"Feature","properties":{"elevation":120},"geometry":{"type":"Point","coordinates":[-1.675328,54.884773]}},{"type":"Feature","properties":{"elevation":94},"geometry":{"type":"Point","coordinates":[-1.655328,54.884773]}},{"type":"Feature","properties":{"elevation":75},"geometry":{"type":"Point","coordinates":[-1.635328,54.884773]}},{"type":"Feature","properties":{"elevation":69},"geometry":{"type":"Point","coordinates":[-1.615328,54.884773]}},{"type":"Feature","properties":{"elevation":70},"geometry":{"type":"Point","coordinates":[-1.595328,54.884773]}},{"type":"Feature","properties":{"elevation":30},"geometry":{"type":"Point","coordinates":[-1.575328,54.884773]}},{"type":"Feature","properties":{"elevation":69},"geometry":{"type":"Point","coordinates":[-1.555328,54.884773]}},{"type":"Feature","properties":{"elevation":49},"geometry":{"type":"Point","coordinates":[-1.535328,54.884773]}},{"type":"Feature","properties":{"elevation":35},"geometry":{"type":"Point","coordinates":[-1.515328,54.884773]}},{"type":"Feature","properties":{"elevation":39},"geometry":{"type":"Point","coordinates":[-1.495328,54.884773]}},{"type":"Feature","properties":{"elevation":108},"geometry":{"type":"Point","coordinates":[-1.475328,54.884773]}},{"type":"Feature","properties":{"elevation":102},"geometry":{"type":"Point","coordinates":[-1.455328,54.884773]}},{"type":"Feature","properties":{"elevation":77},"geometry":{"type":"Point","coordinates":[-1.435328,54.884773]}},{"type":"Feature","properties":{"elevation":51},"geometry":{"type":"Point","coordinates":[-1.415328,54.884773]}},{"type":"Feature","properties":{"elevation":73},"geometry":{"type":"Point","coordinates":[-1.395328,54.884773]}},{"type":"Feature","properties":{"elevation":46},"geometry":{"type":"Point","coordinates":[-1.375328,54.884773]}},{"type":"Feature","properties":{"elevation":0},"geometry":{"type":"Point","coordinates":[-1.355328,54.884773]}},{"type":"Feature","properties":{"elevation":0},"geometry":{"type":"Point","coordinates":[-1.335328,54.884773]}},{"type":"Feature","properties":{"elevation":0},"geometry":{"type":"Point","coordinates":[-1.315328,54.884773]}},{"type":"Feature","properties":{"elevation":0},"geometry":{"type":"Point","coordinates":[-1.295328,54.884773]}},{"type":"Feature","properties":{"elevation":0},"geometry":{"type":"Point","coordinates":[-1.275328,54.884773]}},{"type":"Feature","properties":{"elevation":0},"geometry":{"type":"Point","coordinates":[-1.255328,54.884773]}},{"type":"Feature","properties":{"elevation":0},"geometry":{"type":"Point","coordinates":[-1.235328,54.884773]}},{"type":"Feature","properties":{"elevation":0},"geometry":{"type":"Point","coordinates":[-1.215328,54.884773]}},{"type":"Feature","properties":{"elevation":0},"geometry":{"type":"Point","coordinates":[-1.195328,54.884773]}},{"type":"Feature","properties":{"elevation":0},"geometry":{"type":"Point","coordinates":[-1.175328,54.884773]}},{"type":"Feature","properties":{"elevation":0},"geometry":{"type":"Point","coordinates":[-1.155328,54.884773]}},{"type":"Feature","properties":{"elevation":0},"geometry":{"type":"Point","coordinates":[-1.135328,54.884773]}},{"type":"Feature","properties":{"elevation":0},"geometry":{"type":"Point","coordinates":[-1.115328,54.884773]}},{"type":"Feature","properties":{"elevation":0},"geometry":{"type":"Point","coordinates":[-1.095328,54.884773]}},{"type":"Feature","properties":{"elevation":0},"geometry":{"type":"Point","coordinates":[-1.075328,54.884773]}},{"type":"Feature","properties":{"elevation":0},"geometry":{"type":"Point","coordinates":[-1.055328,54.884773]}},{"type":"Feature","properties":{"elevation":0},"geometry":{"type":"Point","coordinates":[-1.035328,54.884773]}},{"type":"Feature","properties":{"elevation":0},"geometry":{"type":"Point","coordinates":[-1.015328,54.884773]}},{"type":"Feature","properties":{"elevation":0},"geometry":{"type":"Point","coordinates":[-0.995328,54.884773]}},{"type":"Feature","properties":{"elevation":0},"geometry":{"type":"Point","coordinates":[-0.975328,54.884773]}},{"type":"Feature","properties":{"elevation":0},"geometry":{"type":"Point","coordinates":[-0.955328,54.884773]}},{"type":"Feature","properties":{"elevation":202},"geometry":{"type":"Point","coordinates":[-2.095328,54.904773]}},{"type":"Feature","properties":{"elevation":234},"geometry":{"type":"Point","coordinates":[-2.075328,54.904773]}},{"type":"Feature","properties":{"elevation":209},"geometry":{"type":"Point","coordinates":[-2.055328,54.904773]}},{"type":"Feature","properties":{"elevation":201},"geometry":{"type":"Point","coordinates":[-2.035328,54.904773]}},{"type":"Feature","properties":{"elevation":206},"geometry":{"type":"Point","coordinates":[-2.015328,54.904773]}},{"type":"Feature","properties":{"elevation":210},"geometry":{"type":"Point","coordinates":[-1.995328,54.904773]}},{"type":"Feature","properties":{"elevation":225},"geometry":{"type":"Point","coordinates":[-1.975328,54.904773]}},{"type":"Feature","properties":{"elevation":189},"geometry":{"type":"Point","coordinates":[-1.955328,54.904773]}},{"type":"Feature","properties":{"elevation":171},"geometry":{"type":"Point","coordinates":[-1.935328,54.904773]}},{"type":"Feature","properties":{"elevation":196},"geometry":{"type":"Point","coordinates":[-1.915328,54.904773]}},{"type":"Feature","properties":{"elevation":222},"geometry":{"type":"Point","coordinates":[-1.895328,54.904773]}},{"type":"Feature","properties":{"elevation":205},"geometry":{"type":"Point","coordinates":[-1.875328,54.904773]}},{"type":"Feature","properties":{"elevation":155},"geometry":{"type":"Point","coordinates":[-1.855328,54.904773]}},{"type":"Feature","properties":{"elevation":89},"geometry":{"type":"Point","coordinates":[-1.835328,54.904773]}},{"type":"Feature","properties":{"elevation":56},"geometry":{"type":"Point","coordinates":[-1.815328,54.904773]}},{"type":"Feature","properties":{"elevation":57},"geometry":{"type":"Point","coordinates":[-1.795328,54.904773]}},{"type":"Feature","properties":{"elevation":50},"geometry":{"type":"Point","coordinates":[-1.775328,54.904773]}},{"type":"Feature","properties":{"elevation":117},"geometry":{"type":"Point","coordinates":[-1.755328,54.904773]}},{"type":"Feature","properties":{"elevation":179},"geometry":{"type":"Point","coordinates":[-1.735328,54.904773]}},{"type":"Feature","properties":{"elevation":194},"geometry":{"type":"Point","coordinates":[-1.715328,54.904773]}},{"type":"Feature","properties":{"elevation":146},"geometry":{"type":"Point","coordinates":[-1.695328,54.904773]}},{"type":"Feature","properties":{"elevation":163},"geometry":{"type":"Point","coordinates":[-1.675328,54.904773]}},{"type":"Feature","properties":{"elevation":160},"geometry":{"type":"Point","coordinates":[-1.655328,54.904773]}},{"type":"Feature","properties":{"elevation":103},"geometry":{"type":"Point","coordinates":[-1.635328,54.904773]}},{"type":"Feature","properties":{"elevation":46},"geometry":{"type":"Point","coordinates":[-1.615328,54.904773]}},{"type":"Feature","properties":{"elevation":18},"geometry":{"type":"Point","coordinates":[-1.595328,54.904773]}},{"type":"Feature","properties":{"elevation":57},"geometry":{"type":"Point","coordinates":[-1.575328,54.904773]}},{"type":"Feature","properties":{"elevation":115},"geometry":{"type":"Point","coordinates":[-1.555328,54.904773]}},{"type":"Feature","properties":{"elevation":70},"geometry":{"type":"Point","coordinates":[-1.535328,54.904773]}},{"type":"Feature","properties":{"elevation":63},"geometry":{"type":"Point","coordinates":[-1.515328,54.904773]}},{"type":"Feature","properties":{"elevation":38},"geometry":{"type":"Point","coordinates":[-1.495328,54.904773]}},{"type":"Feature","properties":{"elevation":34},"geometry":{"type":"Point","coordinates":[-1.475328,54.904773]}},{"type":"Feature","properties":{"elevation":3},"geometry":{"type":"Point","coordinates":[-1.455328,54.904773]}},{"type":"Feature","properties":{"elevation":70},"geometry":{"type":"Point","coordinates":[-1.435328,54.904773]}},{"type":"Feature","properties":{"elevation":48},"geometry":{"type":"Point","coordinates":[-1.415328,54.904773]}},{"type":"Feature","properties":{"elevation":46},"geometry":{"type":"Point","coordinates":[-1.395328,54.904773]}},{"type":"Feature","properties":{"elevation":28},"geometry":{"type":"Point","coordinates":[-1.375328,54.904773]}},{"type":"Feature","properties":{"elevation":5},"geometry":{"type":"Point","coordinates":[-1.355328,54.904773]}},{"type":"Feature","properties":{"elevation":0},"geometry":{"type":"Point","coordinates":[-1.335328,54.904773]}},{"type":"Feature","properties":{"elevation":0},"geometry":{"type":"Point","coordinates":[-1.315328,54.904773]}},{"type":"Feature","properties":{"elevation":0},"geometry":{"type":"Point","coordinates":[-1.295328,54.904773]}},{"type":"Feature","properties":{"elevation":0},"geometry":{"type":"Point","coordinates":[-1.275328,54.904773]}},{"type":"Feature","properties":{"elevation":0},"geometry":{"type":"Point","coordinates":[-1.255328,54.904773]}},{"type":"Feature","properties":{"elevation":0},"geometry":{"type":"Point","coordinates":[-1.235328,54.904773]}},{"type":"Feature","properties":{"elevation":0},"geometry":{"type":"Point","coordinates":[-1.215328,54.904773]}},{"type":"Feature","properties":{"elevation":0},"geometry":{"type":"Point","coordinates":[-1.195328,54.904773]}},{"type":"Feature","properties":{"elevation":0},"geometry":{"type":"Point","coordinates":[-1.175328,54.904773]}},{"type":"Feature","properties":{"elevation":0},"geometry":{"type":"Point","coordinates":[-1.155328,54.904773]}},{"type":"Feature","properties":{"elevation":0},"geometry":{"type":"Point","coordinates":[-1.135328,54.904773]}},{"type":"Feature","properties":{"elevation":0},"geometry":{"type":"Point","coordinates":[-1.115328,54.904773]}},{"type":"Feature","properties":{"elevation":0},"geometry":{"type":"Point","coordinates":[-1.095328,54.904773]}},{"type":"Feature","properties":{"elevation":0},"geometry":{"type":"Point","coordinates":[-1.075328,54.904773]}},{"type":"Feature","properties":{"elevation":0},"geometry":{"type":"Point","coordinates":[-1.055328,54.904773]}},{"type":"Feature","properties":{"elevation":0},"geometry":{"type":"Point","coordinates":[-1.035328,54.904773]}},{"type":"Feature","properties":{"elevation":0},"geometry":{"type":"Point","coordinates":[-1.015328,54.904773]}},{"type":"Feature","properties":{"elevation":0},"geometry":{"type":"Point","coordinates":[-0.995328,54.904773]}},{"type":"Feature","properties":{"elevation":0},"geometry":{"type":"Point","coordinates":[-0.975328,54.904773]}},{"type":"Feature","properties":{"elevation":0},"geometry":{"type":"Point","coordinates":[-0.955328,54.904773]}},{"type":"Feature","properties":{"elevation":182},"geometry":{"type":"Point","coordinates":[-2.115328,54.924773]}},{"type":"Feature","properties":{"elevation":161},"geometry":{"type":"Point","coordinates":[-2.095328,54.924773]}},{"type":"Feature","properties":{"elevation":157},"geometry":{"type":"Point","coordinates":[-2.075328,54.924773]}},{"type":"Feature","properties":{"elevation":174},"geometry":{"type":"Point","coordinates":[-2.055328,54.924773]}},{"type":"Feature","properties":{"elevation":141},"geometry":{"type":"Point","coordinates":[-2.035328,54.924773]}},{"type":"Feature","properties":{"elevation":140},"geometry":{"type":"Point","coordinates":[-2.015328,54.924773]}},{"type":"Feature","properties":{"elevation":186},"geometry":{"type":"Point","coordinates":[-1.995328,54.924773]}},{"type":"Feature","properties":{"elevation":190},"geometry":{"type":"Point","coordinates":[-1.975328,54.924773]}},{"type":"Feature","properties":{"elevation":172},"geometry":{"type":"Point","coordinates":[-1.955328,54.924773]}},{"type":"Feature","properties":{"elevation":112},"geometry":{"type":"Point","coordinates":[-1.935328,54.924773]}},{"type":"Feature","properties":{"elevation":85},"geometry":{"type":"Point","coordinates":[-1.915328,54.924773]}},{"type":"Feature","properties":{"elevation":173},"geometry":{"type":"Point","coordinates":[-1.895328,54.924773]}},{"type":"Feature","properties":{"elevation":239},"geometry":{"type":"Point","coordinates":[-1.875328,54.924773]}},{"type":"Feature","properties":{"elevation":233},"geometry":{"type":"Point","coordinates":[-1.855328,54.924773]}},{"type":"Feature","properties":{"elevation":230},"geometry":{"type":"Point","coordinates":[-1.835328,54.924773]}},{"type":"Feature","properties":{"elevation":210},"geometry":{"type":"Point","coordinates":[-1.815328,54.924773]}},{"type":"Feature","properties":{"elevation":211},"geometry":{"type":"Point","coordinates":[-1.795328,54.924773]}},{"type":"Feature","properties":{"elevation":138},"geometry":{"type":"Point","coordinates":[-1.775328,54.924773]}},{"type":"Feature","properties":{"elevation":83},"geometry":{"type":"Point","coordinates":[-1.755328,54.924773]}},{"type":"Feature","properties":{"elevation":47},"geometry":{"type":"Point","coordinates":[-1.735328,54.924773]}},{"type":"Feature","properties":{"elevation":101},"geometry":{"type":"Point","coordinates":[-1.715328,54.924773]}},{"type":"Feature","properties":{"elevation":176},"geometry":{"type":"Point","coordinates":[-1.695328,54.924773]}},{"type":"Feature","properties":{"elevation":146},"geometry":{"type":"Point","coordinates":[-1.675328,54.924773]}},{"type":"Feature","properties":{"elevation":152},"geometry":{"type":"Point","coordinates":[-1.655328,54.924773]}},{"type":"Feature","properties":{"elevation":67},"geometry":{"type":"Point","coordinates":[-1.635328,54.924773]}},{"type":"Feature","properties":{"elevation":13},"geometry":{"type":"Point","coordinates":[-1.615328,54.924773]}},{"type":"Feature","properties":{"elevation":74},"geometry":{"type":"Point","coordinates":[-1.595328,54.924773]}},{"type":"Feature","properties":{"elevation":145},"geometry":{"type":"Point","coordinates":[-1.575328,54.924773]}},{"type":"Feature","properties":{"elevation":136},"geometry":{"type":"Point","coordinates":[-1.555328,54.924773]}},{"type":"Feature","properties":{"elevation":85},"geometry":{"type":"Point","coordinates":[-1.535328,54.924773]}},{"type":"Feature","properties":{"elevation":54},"geometry":{"type":"Point","coordinates":[-1.515328,54.924773]}},{"type":"Feature","properties":{"elevation":40},"geometry":{"type":"Point","coordinates":[-1.495328,54.924773]}},{"type":"Feature","properties":{"elevation":35},"geometry":{"type":"Point","coordinates":[-1.475328,54.924773]}},{"type":"Feature","properties":{"elevation":32},"geometry":{"type":"Point","coordinates":[-1.455328,54.924773]}},{"type":"Feature","properties":{"elevation":62},"geometry":{"type":"Point","coordinates":[-1.435328,54.924773]}},{"type":"Feature","properties":{"elevation":48},"geometry":{"type":"Point","coordinates":[-1.415328,54.924773]}},{"type":"Feature","properties":{"elevation":45},"geometry":{"type":"Point","coordinates":[-1.395328,54.924773]}},{"type":"Feature","properties":{"elevation":23},"geometry":{"type":"Point","coordinates":[-1.375328,54.924773]}},{"type":"Feature","properties":{"elevation":0},"geometry":{"type":"Point","coordinates":[-1.355328,54.924773]}},{"type":"Feature","properties":{"elevation":0},"geometry":{"type":"Point","coordinates":[-1.335328,54.924773]}},{"type":"Feature","properties":{"elevation":0},"geometry":{"type":"Point","coordinates":[-1.315328,54.924773]}},{"type":"Feature","properties":{"elevation":0},"geometry":{"type":"Point","coordinates":[-1.295328,54.924773]}},{"type":"Feature","properties":{"elevation":0},"geometry":{"type":"Point","coordinates":[-1.275328,54.924773]}},{"type":"Feature","properties":{"elevation":0},"geometry":{"type":"Point","coordinates":[-1.255328,54.924773]}},{"type":"Feature","properties":{"elevation":0},"geometry":{"type":"Point","coordinates":[-1.235328,54.924773]}},{"type":"Feature","properties":{"elevation":0},"geometry":{"type":"Point","coordinates":[-1.215328,54.924773]}},{"type":"Feature","properties":{"elevation":0},"geometry":{"type":"Point","coordinates":[-1.195328,54.924773]}},{"type":"Feature","properties":{"elevation":0},"geometry":{"type":"Point","coordinates":[-1.175328,54.924773]}},{"type":"Feature","properties":{"elevation":0},"geometry":{"type":"Point","coordinates":[-1.155328,54.924773]}},{"type":"Feature","properties":{"elevation":0},"geometry":{"type":"Point","coordinates":[-1.135328,54.924773]}},{"type":"Feature","properties":{"elevation":0},"geometry":{"type":"Point","coordinates":[-1.115328,54.924773]}},{"type":"Feature","properties":{"elevation":0},"geometry":{"type":"Point","coordinates":[-1.095328,54.924773]}},{"type":"Feature","properties":{"elevation":0},"geometry":{"type":"Point","coordinates":[-1.075328,54.924773]}},{"type":"Feature","properties":{"elevation":0},"geometry":{"type":"Point","coordinates":[-1.055328,54.924773]}},{"type":"Feature","properties":{"elevation":0},"geometry":{"type":"Point","coordinates":[-1.035328,54.924773]}},{"type":"Feature","properties":{"elevation":0},"geometry":{"type":"Point","coordinates":[-1.015328,54.924773]}},{"type":"Feature","properties":{"elevation":0},"geometry":{"type":"Point","coordinates":[-0.995328,54.924773]}},{"type":"Feature","properties":{"elevation":0},"geometry":{"type":"Point","coordinates":[-0.975328,54.924773]}},{"type":"Feature","properties":{"elevation":0},"geometry":{"type":"Point","coordinates":[-0.955328,54.924773]}},{"type":"Feature","properties":{"elevation":127},"geometry":{"type":"Point","coordinates":[-2.115328,54.944773]}},{"type":"Feature","properties":{"elevation":129},"geometry":{"type":"Point","coordinates":[-2.095328,54.944773]}},{"type":"Feature","properties":{"elevation":72},"geometry":{"type":"Point","coordinates":[-2.075328,54.944773]}},{"type":"Feature","properties":{"elevation":170},"geometry":{"type":"Point","coordinates":[-2.055328,54.944773]}},{"type":"Feature","properties":{"elevation":187},"geometry":{"type":"Point","coordinates":[-2.035328,54.944773]}},{"type":"Feature","properties":{"elevation":121},"geometry":{"type":"Point","coordinates":[-2.015328,54.944773]}},{"type":"Feature","properties":{"elevation":73},"geometry":{"type":"Point","coordinates":[-1.995328,54.944773]}},{"type":"Feature","properties":{"elevation":57},"geometry":{"type":"Point","coordinates":[-1.975328,54.944773]}},{"type":"Feature","properties":{"elevation":53},"geometry":{"type":"Point","coordinates":[-1.955328,54.944773]}},{"type":"Feature","properties":{"elevation":48},"geometry":{"type":"Point","coordinates":[-1.935328,54.944773]}},{"type":"Feature","properties":{"elevation":26},"geometry":{"type":"Point","coordinates":[-1.915328,54.944773]}},{"type":"Feature","properties":{"elevation":106},"geometry":{"type":"Point","coordinates":[-1.895328,54.944773]}},{"type":"Feature","properties":{"elevation":198},"geometry":{"type":"Point","coordinates":[-1.875328,54.944773]}},{"type":"Feature","properties":{"elevation":143},"geometry":{"type":"Point","coordinates":[-1.855328,54.944773]}},{"type":"Feature","properties":{"elevation":122},"geometry":{"type":"Point","coordinates":[-1.835328,54.944773]}},{"type":"Feature","properties":{"elevation":196},"geometry":{"type":"Point","coordinates":[-1.815328,54.944773]}},{"type":"Feature","properties":{"elevation":182},"geometry":{"type":"Point","coordinates":[-1.795328,54.944773]}},{"type":"Feature","properties":{"elevation":153},"geometry":{"type":"Point","coordinates":[-1.775328,54.944773]}},{"type":"Feature","properties":{"elevation":140},"geometry":{"type":"Point","coordinates":[-1.755328,54.944773]}},{"type":"Feature","properties":{"elevation":104},"geometry":{"type":"Point","coordinates":[-1.735328,54.944773]}},{"type":"Feature","properties":{"elevation":65},"geometry":{"type":"Point","coordinates":[-1.715328,54.944773]}},{"type":"Feature","properties":{"elevation":53},"geometry":{"type":"Point","coordinates":[-1.695328,54.944773]}},{"type":"Feature","properties":{"elevation":123},"geometry":{"type":"Point","coordinates":[-1.675328,54.944773]}},{"type":"Feature","properties":{"elevation":98},"geometry":{"type":"Point","coordinates":[-1.655328,54.944773]}},{"type":"Feature","properties":{"elevation":38},"geometry":{"type":"Point","coordinates":[-1.635328,54.944773]}},{"type":"Feature","properties":{"elevation":15},"geometry":{"type":"Point","coordinates":[-1.615328,54.944773]}},{"type":"Feature","properties":{"elevation":99},"geometry":{"type":"Point","coordinates":[-1.595328,54.944773]}},{"type":"Feature","properties":{"elevation":123},"geometry":{"type":"Point","coordinates":[-1.575328,54.944773]}},{"type":"Feature","properties":{"elevation":77},"geometry":{"type":"Point","coordinates":[-1.555328,54.944773]}},{"type":"Feature","properties":{"elevation":69},"geometry":{"type":"Point","coordinates":[-1.535328,54.944773]}},{"type":"Feature","properties":{"elevation":53},"geometry":{"type":"Point","coordinates":[-1.515328,54.944773]}},{"type":"Feature","properties":{"elevation":43},"geometry":{"type":"Point","coordinates":[-1.495328,54.944773]}},{"type":"Feature","properties":{"elevation":34},"geometry":{"type":"Point","coordinates":[-1.475328,54.944773]}},{"type":"Feature","properties":{"elevation":36},"geometry":{"type":"Point","coordinates":[-1.455328,54.944773]}},{"type":"Feature","properties":{"elevation":41},"geometry":{"type":"Point","coordinates":[-1.435328,54.944773]}},{"type":"Feature","properties":{"elevation":22},"geometry":{"type":"Point","coordinates":[-1.415328,54.944773]}},{"type":"Feature","properties":{"elevation":19},"geometry":{"type":"Point","coordinates":[-1.395328,54.944773]}},{"type":"Feature","properties":{"elevation":18},"geometry":{"type":"Point","coordinates":[-1.375328,54.944773]}},{"type":"Feature","properties":{"elevation":0},"geometry":{"type":"Point","coordinates":[-1.355328,54.944773]}},{"type":"Feature","properties":{"elevation":0},"geometry":{"type":"Point","coordinates":[-1.335328,54.944773]}},{"type":"Feature","properties":{"elevation":0},"geometry":{"type":"Point","coordinates":[-1.315328,54.944773]}},{"type":"Feature","properties":{"elevation":0},"geometry":{"type":"Point","coordinates":[-1.295328,54.944773]}},{"type":"Feature","properties":{"elevation":0},"geometry":{"type":"Point","coordinates":[-1.275328,54.944773]}},{"type":"Feature","properties":{"elevation":0},"geometry":{"type":"Point","coordinates":[-1.255328,54.944773]}},{"type":"Feature","properties":{"elevation":0},"geometry":{"type":"Point","coordinates":[-1.235328,54.944773]}},{"type":"Feature","properties":{"elevation":0},"geometry":{"type":"Point","coordinates":[-1.215328,54.944773]}},{"type":"Feature","properties":{"elevation":0},"geometry":{"type":"Point","coordinates":[-1.195328,54.944773]}},{"type":"Feature","properties":{"elevation":0},"geometry":{"type":"Point","coordinates":[-1.175328,54.944773]}},{"type":"Feature","properties":{"elevation":0},"geometry":{"type":"Point","coordinates":[-1.155328,54.944773]}},{"type":"Feature","properties":{"elevation":0},"geometry":{"type":"Point","coordinates":[-1.135328,54.944773]}},{"type":"Feature","properties":{"elevation":0},"geometry":{"type":"Point","coordinates":[-1.115328,54.944773]}},{"type":"Feature","properties":{"elevation":0},"geometry":{"type":"Point","coordinates":[-1.095328,54.944773]}},{"type":"Feature","properties":{"elevation":0},"geometry":{"type":"Point","coordinates":[-1.075328,54.944773]}},{"type":"Feature","properties":{"elevation":0},"geometry":{"type":"Point","coordinates":[-1.055328,54.944773]}},{"type":"Feature","properties":{"elevation":0},"geometry":{"type":"Point","coordinates":[-1.035328,54.944773]}},{"type":"Feature","properties":{"elevation":0},"geometry":{"type":"Point","coordinates":[-1.015328,54.944773]}},{"type":"Feature","properties":{"elevation":0},"geometry":{"type":"Point","coordinates":[-0.995328,54.944773]}},{"type":"Feature","properties":{"elevation":0},"geometry":{"type":"Point","coordinates":[-0.975328,54.944773]}},{"type":"Feature","properties":{"elevation":0},"geometry":{"type":"Point","coordinates":[-0.955328,54.944773]}},{"type":"Feature","properties":{"elevation":116},"geometry":{"type":"Point","coordinates":[-2.115328,54.964773]}},{"type":"Feature","properties":{"elevation":92},"geometry":{"type":"Point","coordinates":[-2.095328,54.964773]}},{"type":"Feature","properties":{"elevation":118},"geometry":{"type":"Point","coordinates":[-2.075328,54.964773]}},{"type":"Feature","properties":{"elevation":69},"geometry":{"type":"Point","coordinates":[-2.055328,54.964773]}},{"type":"Feature","properties":{"elevation":59},"geometry":{"type":"Point","coordinates":[-2.035328,54.964773]}},{"type":"Feature","properties":{"elevation":57},"geometry":{"type":"Point","coordinates":[-2.015328,54.964773]}},{"type":"Feature","properties":{"elevation":31},"geometry":{"type":"Point","coordinates":[-1.995328,54.964773]}},{"type":"Feature","properties":{"elevation":86},"geometry":{"type":"Point","coordinates":[-1.975328,54.964773]}},{"type":"Feature","properties":{"elevation":64},"geometry":{"type":"Point","coordinates":[-1.955328,54.964773]}},{"type":"Feature","properties":{"elevation":99},"geometry":{"type":"Point","coordinates":[-1.935328,54.964773]}},{"type":"Feature","properties":{"elevation":94},"geometry":{"type":"Point","coordinates":[-1.915328,54.964773]}},{"type":"Feature","properties":{"elevation":31},"geometry":{"type":"Point","coordinates":[-1.895328,54.964773]}},{"type":"Feature","properties":{"elevation":18},"geometry":{"type":"Point","coordinates":[-1.875328,54.964773]}},{"type":"Feature","properties":{"elevation":46},"geometry":{"type":"Point","coordinates":[-1.855328,54.964773]}},{"type":"Feature","properties":{"elevation":56},"geometry":{"type":"Point","coordinates":[-1.835328,54.964773]}},{"type":"Feature","properties":{"elevation":49},"geometry":{"type":"Point","coordinates":[-1.815328,54.964773]}},{"type":"Feature","properties":{"elevation":64},"geometry":{"type":"Point","coordinates":[-1.795328,54.964773]}},{"type":"Feature","properties":{"elevation":99},"geometry":{"type":"Point","coordinates":[-1.775328,54.964773]}},{"type":"Feature","properties":{"elevation":96},"geometry":{"type":"Point","coordinates":[-1.755328,54.964773]}},{"type":"Feature","properties":{"elevation":59},"geometry":{"type":"Point","coordinates":[-1.735328,54.964773]}},{"type":"Feature","properties":{"elevation":15},"geometry":{"type":"Point","coordinates":[-1.715328,54.964773]}},{"type":"Feature","properties":{"elevation":5},"geometry":{"type":"Point","coordinates":[-1.695328,54.964773]}},{"type":"Feature","properties":{"elevation":0},"geometry":{"type":"Point","coordinates":[-1.675328,54.964773]}},{"type":"Feature","properties":{"elevation":26},"geometry":{"type":"Point","coordinates":[-1.655328,54.964773]}},{"type":"Feature","properties":{"elevation":47},"geometry":{"type":"Point","coordinates":[-1.635328,54.964773]}},{"type":"Feature","properties":{"elevation":29},"geometry":{"type":"Point","coordinates":[-1.615328,54.964773]}},{"type":"Feature","properties":{"elevation":34},"geometry":{"type":"Point","coordinates":[-1.595328,54.964773]}},{"type":"Feature","properties":{"elevation":0},"geometry":{"type":"Point","coordinates":[-1.575328,54.964773]}},{"type":"Feature","properties":{"elevation":35},"geometry":{"type":"Point","coordinates":[-1.555328,54.964773]}},{"type":"Feature","properties":{"elevation":0},"geometry":{"type":"Point","coordinates":[-1.535328,54.964773]}},{"type":"Feature","properties":{"elevation":39},"geometry":{"type":"Point","coordinates":[-1.515328,54.964773]}},{"type":"Feature","properties":{"elevation":31},"geometry":{"type":"Point","coordinates":[-1.495328,54.964773]}},{"type":"Feature","properties":{"elevation":17},"geometry":{"type":"Point","coordinates":[-1.475328,54.964773]}},{"type":"Feature","properties":{"elevation":27},"geometry":{"type":"Point","coordinates":[-1.455328,54.964773]}},{"type":"Feature","properties":{"elevation":26},"geometry":{"type":"Point","coordinates":[-1.435328,54.964773]}},{"type":"Feature","properties":{"elevation":32},"geometry":{"type":"Point","coordinates":[-1.415328,54.964773]}},{"type":"Feature","properties":{"elevation":82},"geometry":{"type":"Point","coordinates":[-1.395328,54.964773]}},{"type":"Feature","properties":{"elevation":68},"geometry":{"type":"Point","coordinates":[-1.375328,54.964773]}},{"type":"Feature","properties":{"elevation":0},"geometry":{"type":"Point","coordinates":[-1.355328,54.964773]}},{"type":"Feature","properties":{"elevation":0},"geometry":{"type":"Point","coordinates":[-1.335328,54.964773]}},{"type":"Feature","properties":{"elevation":0},"geometry":{"type":"Point","coordinates":[-1.315328,54.964773]}},{"type":"Feature","properties":{"elevation":0},"geometry":{"type":"Point","coordinates":[-1.295328,54.964773]}},{"type":"Feature","properties":{"elevation":0},"geometry":{"type":"Point","coordinates":[-1.275328,54.964773]}},{"type":"Feature","properties":{"elevation":0},"geometry":{"type":"Point","coordinates":[-1.255328,54.964773]}},{"type":"Feature","properties":{"elevation":0},"geometry":{"type":"Point","coordinates":[-1.235328,54.964773]}},{"type":"Feature","properties":{"elevation":0},"geometry":{"type":"Point","coordinates":[-1.215328,54.964773]}},{"type":"Feature","properties":{"elevation":0},"geometry":{"type":"Point","coordinates":[-1.195328,54.964773]}},{"type":"Feature","properties":{"elevation":0},"geometry":{"type":"Point","coordinates":[-1.175328,54.964773]}},{"type":"Feature","properties":{"elevation":0},"geometry":{"type":"Point","coordinates":[-1.155328,54.964773]}},{"type":"Feature","properties":{"elevation":0},"geometry":{"type":"Point","coordinates":[-1.135328,54.964773]}},{"type":"Feature","properties":{"elevation":0},"geometry":{"type":"Point","coordinates":[-1.115328,54.964773]}},{"type":"Feature","properties":{"elevation":0},"geometry":{"type":"Point","coordinates":[-1.095328,54.964773]}},{"type":"Feature","properties":{"elevation":0},"geometry":{"type":"Point","coordinates":[-1.075328,54.964773]}},{"type":"Feature","properties":{"elevation":0},"geometry":{"type":"Point","coordinates":[-1.055328,54.964773]}},{"type":"Feature","properties":{"elevation":0},"geometry":{"type":"Point","coordinates":[-1.035328,54.964773]}},{"type":"Feature","properties":{"elevation":0},"geometry":{"type":"Point","coordinates":[-1.015328,54.964773]}},{"type":"Feature","properties":{"elevation":0},"geometry":{"type":"Point","coordinates":[-0.995328,54.964773]}},{"type":"Feature","properties":{"elevation":0},"geometry":{"type":"Point","coordinates":[-0.975328,54.964773]}},{"type":"Feature","properties":{"elevation":0},"geometry":{"type":"Point","coordinates":[-0.955328,54.964773]}},{"type":"Feature","properties":{"elevation":37},"geometry":{"type":"Point","coordinates":[-2.115328,54.984773]}},{"type":"Feature","properties":{"elevation":112},"geometry":{"type":"Point","coordinates":[-2.095328,54.984773]}},{"type":"Feature","properties":{"elevation":102},"geometry":{"type":"Point","coordinates":[-2.075328,54.984773]}},{"type":"Feature","properties":{"elevation":58},"geometry":{"type":"Point","coordinates":[-2.055328,54.984773]}},{"type":"Feature","properties":{"elevation":56},"geometry":{"type":"Point","coordinates":[-2.035328,54.984773]}},{"type":"Feature","properties":{"elevation":63},"geometry":{"type":"Point","coordinates":[-2.015328,54.984773]}},{"type":"Feature","properties":{"elevation":129},"geometry":{"type":"Point","coordinates":[-1.995328,54.984773]}},{"type":"Feature","properties":{"elevation":141},"geometry":{"type":"Point","coordinates":[-1.975328,54.984773]}},{"type":"Feature","properties":{"elevation":121},"geometry":{"type":"Point","coordinates":[-1.955328,54.984773]}},{"type":"Feature","properties":{"elevation":173},"geometry":{"type":"Point","coordinates":[-1.935328,54.984773]}},{"type":"Feature","properties":{"elevation":141},"geometry":{"type":"Point","coordinates":[-1.915328,54.984773]}},{"type":"Feature","properties":{"elevation":97},"geometry":{"type":"Point","coordinates":[-1.895328,54.984773]}},{"type":"Feature","properties":{"elevation":100},"geometry":{"type":"Point","coordinates":[-1.875328,54.984773]}},{"type":"Feature","properties":{"elevation":109},"geometry":{"type":"Point","coordinates":[-1.855328,54.984773]}},{"type":"Feature","properties":{"elevation":68},"geometry":{"type":"Point","coordinates":[-1.835328,54.984773]}},{"type":"Feature","properties":{"elevation":57},"geometry":{"type":"Point","coordinates":[-1.815328,54.984773]}},{"type":"Feature","properties":{"elevation":7},"geometry":{"type":"Point","coordinates":[-1.795328,54.984773]}},{"type":"Feature","properties":{"elevation":9},"geometry":{"type":"Point","coordinates":[-1.775328,54.984773]}},{"type":"Feature","properties":{"elevation":5},"geometry":{"type":"Point","coordinates":[-1.755328,54.984773]}},{"type":"Feature","properties":{"elevation":30},"geometry":{"type":"Point","coordinates":[-1.735328,54.984773]}},{"type":"Feature","properties":{"elevation":96},"geometry":{"type":"Point","coordinates":[-1.715328,54.984773]}},{"type":"Feature","properties":{"elevation":76},"geometry":{"type":"Point","coordinates":[-1.695328,54.984773]}},{"type":"Feature","properties":{"elevation":79},"geometry":{"type":"Point","coordinates":[-1.675328,54.984773]}},{"type":"Feature","properties":{"elevation":103},"geometry":{"type":"Point","coordinates":[-1.655328,54.984773]}},{"type":"Feature","properties":{"elevation":85},"geometry":{"type":"Point","coordinates":[-1.635328,54.984773]}},{"type":"Feature","properties":{"elevation":60},"geometry":{"type":"Point","coordinates":[-1.615328,54.984773]}},{"type":"Feature","properties":{"elevation":48},"geometry":{"type":"Point","coordinates":[-1.595328,54.984773]}},{"type":"Feature","properties":{"elevation":43},"geometry":{"type":"Point","coordinates":[-1.575328,54.984773]}},{"type":"Feature","properties":{"elevation":29},"geometry":{"type":"Point","coordinates":[-1.555328,54.984773]}},{"type":"Feature","properties":{"elevation":22},"geometry":{"type":"Point","coordinates":[-1.535328,54.984773]}},{"type":"Feature","properties":{"elevation":7},"geometry":{"type":"Point","coordinates":[-1.515328,54.984773]}},{"type":"Feature","properties":{"elevation":9},"geometry":{"type":"Point","coordinates":[-1.495328,54.984773]}},{"type":"Feature","properties":{"elevation":16},"geometry":{"type":"Point","coordinates":[-1.475328,54.984773]}},{"type":"Feature","properties":{"elevation":5},"geometry":{"type":"Point","coordinates":[-1.455328,54.984773]}},{"type":"Feature","properties":{"elevation":14},"geometry":{"type":"Point","coordinates":[-1.435328,54.984773]}},{"type":"Feature","properties":{"elevation":33},"geometry":{"type":"Point","coordinates":[-1.415328,54.984773]}},{"type":"Feature","properties":{"elevation":29},"geometry":{"type":"Point","coordinates":[-1.395328,54.984773]}},{"type":"Feature","properties":{"elevation":0},"geometry":{"type":"Point","coordinates":[-1.375328,54.984773]}},{"type":"Feature","properties":{"elevation":0},"geometry":{"type":"Point","coordinates":[-1.355328,54.984773]}},{"type":"Feature","properties":{"elevation":0},"geometry":{"type":"Point","coordinates":[-1.335328,54.984773]}},{"type":"Feature","properties":{"elevation":0},"geometry":{"type":"Point","coordinates":[-1.315328,54.984773]}},{"type":"Feature","properties":{"elevation":0},"geometry":{"type":"Point","coordinates":[-1.295328,54.984773]}},{"type":"Feature","properties":{"elevation":0},"geometry":{"type":"Point","coordinates":[-1.275328,54.984773]}},{"type":"Feature","properties":{"elevation":0},"geometry":{"type":"Point","coordinates":[-1.255328,54.984773]}},{"type":"Feature","properties":{"elevation":0},"geometry":{"type":"Point","coordinates":[-1.235328,54.984773]}},{"type":"Feature","properties":{"elevation":0},"geometry":{"type":"Point","coordinates":[-1.215328,54.984773]}},{"type":"Feature","properties":{"elevation":0},"geometry":{"type":"Point","coordinates":[-1.195328,54.984773]}},{"type":"Feature","properties":{"elevation":0},"geometry":{"type":"Point","coordinates":[-1.175328,54.984773]}},{"type":"Feature","properties":{"elevation":0},"geometry":{"type":"Point","coordinates":[-1.155328,54.984773]}},{"type":"Feature","properties":{"elevation":0},"geometry":{"type":"Point","coordinates":[-1.135328,54.984773]}},{"type":"Feature","properties":{"elevation":0},"geometry":{"type":"Point","coordinates":[-1.115328,54.984773]}},{"type":"Feature","properties":{"elevation":0},"geometry":{"type":"Point","coordinates":[-1.095328,54.984773]}},{"type":"Feature","properties":{"elevation":0},"geometry":{"type":"Point","coordinates":[-1.075328,54.984773]}},{"type":"Feature","properties":{"elevation":0},"geometry":{"type":"Point","coordinates":[-1.055328,54.984773]}},{"type":"Feature","properties":{"elevation":0},"geometry":{"type":"Point","coordinates":[-1.035328,54.984773]}},{"type":"Feature","properties":{"elevation":0},"geometry":{"type":"Point","coordinates":[-1.015328,54.984773]}},{"type":"Feature","properties":{"elevation":0},"geometry":{"type":"Point","coordinates":[-0.995328,54.984773]}},{"type":"Feature","properties":{"elevation":0},"geometry":{"type":"Point","coordinates":[-0.975328,54.984773]}},{"type":"Feature","properties":{"elevation":0},"geometry":{"type":"Point","coordinates":[-0.955328,54.984773]}},{"type":"Feature","properties":{"elevation":133},"geometry":{"type":"Point","coordinates":[-2.115328,55.004773]}},{"type":"Feature","properties":{"elevation":155},"geometry":{"type":"Point","coordinates":[-2.095328,55.004773]}},{"type":"Feature","properties":{"elevation":215},"geometry":{"type":"Point","coordinates":[-2.075328,55.004773]}},{"type":"Feature","properties":{"elevation":210},"geometry":{"type":"Point","coordinates":[-2.055328,55.004773]}},{"type":"Feature","properties":{"elevation":228},"geometry":{"type":"Point","coordinates":[-2.035328,55.004773]}},{"type":"Feature","properties":{"elevation":182},"geometry":{"type":"Point","coordinates":[-2.015328,55.004773]}},{"type":"Feature","properties":{"elevation":147},"geometry":{"type":"Point","coordinates":[-1.995328,55.004773]}},{"type":"Feature","properties":{"elevation":154},"geometry":{"type":"Point","coordinates":[-1.975328,55.004773]}},{"type":"Feature","properties":{"elevation":176},"geometry":{"type":"Point","coordinates":[-1.955328,55.004773]}},{"type":"Feature","properties":{"elevation":147},"geometry":{"type":"Point","coordinates":[-1.935328,55.004773]}},{"type":"Feature","properties":{"elevation":129},"geometry":{"type":"Point","coordinates":[-1.915328,55.004773]}},{"type":"Feature","properties":{"elevation":112},"geometry":{"type":"Point","coordinates":[-1.895328,55.004773]}},{"type":"Feature","properties":{"elevation":120},"geometry":{"type":"Point","coordinates":[-1.875328,55.004773]}},{"type":"Feature","properties":{"elevation":113},"geometry":{"type":"Point","coordinates":[-1.855328,55.004773]}},{"type":"Feature","properties":{"elevation":135},"geometry":{"type":"Point","coordinates":[-1.835328,55.004773]}},{"type":"Feature","properties":{"elevation":133},"geometry":{"type":"Point","coordinates":[-1.815328,55.004773]}},{"type":"Feature","properties":{"elevation":111},"geometry":{"type":"Point","coordinates":[-1.795328,55.004773]}},{"type":"Feature","properties":{"elevation":90},"geometry":{"type":"Point","coordinates":[-1.775328,55.004773]}},{"type":"Feature","properties":{"elevation":83},"geometry":{"type":"Point","coordinates":[-1.755328,55.004773]}},{"type":"Feature","properties":{"elevation":79},"geometry":{"type":"Point","coordinates":[-1.735328,55.004773]}},{"type":"Feature","properties":{"elevation":107},"geometry":{"type":"Point","coordinates":[-1.715328,55.004773]}},{"type":"Feature","properties":{"elevation":109},"geometry":{"type":"Point","coordinates":[-1.695328,55.004773]}},{"type":"Feature","properties":{"elevation":103},"geometry":{"type":"Point","coordinates":[-1.675328,55.004773]}},{"type":"Feature","properties":{"elevation":102},"geometry":{"type":"Point","coordinates":[-1.655328,55.004773]}},{"type":"Feature","properties":{"elevation":78},"geometry":{"type":"Point","coordinates":[-1.635328,55.004773]}},{"type":"Feature","properties":{"elevation":63},"geometry":{"type":"Point","coordinates":[-1.615328,55.004773]}},{"type":"Feature","properties":{"elevation":62},"geometry":{"type":"Point","coordinates":[-1.595328,55.004773]}},{"type":"Feature","properties":{"elevation":61},"geometry":{"type":"Point","coordinates":[-1.575328,55.004773]}},{"type":"Feature","properties":{"elevation":47},"geometry":{"type":"Point","coordinates":[-1.555328,55.004773]}},{"type":"Feature","properties":{"elevation":45},"geometry":{"type":"Point","coordinates":[-1.535328,55.004773]}},{"type":"Feature","properties":{"elevation":46},"geometry":{"type":"Point","coordinates":[-1.515328,55.004773]}},{"type":"Feature","properties":{"elevation":49},"geometry":{"type":"Point","coordinates":[-1.495328,55.004773]}},{"type":"Feature","properties":{"elevation":40},"geometry":{"type":"Point","coordinates":[-1.475328,55.004773]}},{"type":"Feature","properties":{"elevation":31},"geometry":{"type":"Point","coordinates":[-1.455328,55.004773]}},{"type":"Feature","properties":{"elevation":8},"geometry":{"type":"Point","coordinates":[-1.435328,55.004773]}},{"type":"Feature","properties":{"elevation":0},"geometry":{"type":"Point","coordinates":[-1.415328,55.004773]}},{"type":"Feature","properties":{"elevation":0},"geometry":{"type":"Point","coordinates":[-1.395328,55.004773]}},{"type":"Feature","properties":{"elevation":0},"geometry":{"type":"Point","coordinates":[-1.375328,55.004773]}},{"type":"Feature","properties":{"elevation":0},"geometry":{"type":"Point","coordinates":[-1.355328,55.004773]}},{"type":"Feature","properties":{"elevation":0},"geometry":{"type":"Point","coordinates":[-1.335328,55.004773]}},{"type":"Feature","properties":{"elevation":0},"geometry":{"type":"Point","coordinates":[-1.315328,55.004773]}},{"type":"Feature","properties":{"elevation":0},"geometry":{"type":"Point","coordinates":[-1.295328,55.004773]}},{"type":"Feature","properties":{"elevation":0},"geometry":{"type":"Point","coordinates":[-1.275328,55.004773]}},{"type":"Feature","properties":{"elevation":0},"geometry":{"type":"Point","coordinates":[-1.255328,55.004773]}},{"type":"Feature","properties":{"elevation":0},"geometry":{"type":"Point","coordinates":[-1.235328,55.004773]}},{"type":"Feature","properties":{"elevation":0},"geometry":{"type":"Point","coordinates":[-1.215328,55.004773]}},{"type":"Feature","properties":{"elevation":0},"geometry":{"type":"Point","coordinates":[-1.195328,55.004773]}},{"type":"Feature","properties":{"elevation":0},"geometry":{"type":"Point","coordinates":[-1.175328,55.004773]}},{"type":"Feature","properties":{"elevation":0},"geometry":{"type":"Point","coordinates":[-1.155328,55.004773]}},{"type":"Feature","properties":{"elevation":0},"geometry":{"type":"Point","coordinates":[-1.135328,55.004773]}},{"type":"Feature","properties":{"elevation":0},"geometry":{"type":"Point","coordinates":[-1.115328,55.004773]}},{"type":"Feature","properties":{"elevation":0},"geometry":{"type":"Point","coordinates":[-1.095328,55.004773]}},{"type":"Feature","properties":{"elevation":0},"geometry":{"type":"Point","coordinates":[-1.075328,55.004773]}},{"type":"Feature","properties":{"elevation":0},"geometry":{"type":"Point","coordinates":[-1.055328,55.004773]}},{"type":"Feature","properties":{"elevation":0},"geometry":{"type":"Point","coordinates":[-1.035328,55.004773]}},{"type":"Feature","properties":{"elevation":0},"geometry":{"type":"Point","coordinates":[-1.015328,55.004773]}},{"type":"Feature","properties":{"elevation":0},"geometry":{"type":"Point","coordinates":[-0.995328,55.004773]}},{"type":"Feature","properties":{"elevation":0},"geometry":{"type":"Point","coordinates":[-0.975328,55.004773]}},{"type":"Feature","properties":{"elevation":135},"geometry":{"type":"Point","coordinates":[-2.115328,55.024773]}},{"type":"Feature","properties":{"elevation":205},"geometry":{"type":"Point","coordinates":[-2.095328,55.024773]}},{"type":"Feature","properties":{"elevation":190},"geometry":{"type":"Point","coordinates":[-2.075328,55.024773]}},{"type":"Feature","properties":{"elevation":235},"geometry":{"type":"Point","coordinates":[-2.055328,55.024773]}},{"type":"Feature","properties":{"elevation":228},"geometry":{"type":"Point","coordinates":[-2.035328,55.024773]}},{"type":"Feature","properties":{"elevation":197},"geometry":{"type":"Point","coordinates":[-2.015328,55.024773]}},{"type":"Feature","properties":{"elevation":174},"geometry":{"type":"Point","coordinates":[-1.995328,55.024773]}},{"type":"Feature","properties":{"elevation":165},"geometry":{"type":"Point","coordinates":[-1.975328,55.024773]}},{"type":"Feature","properties":{"elevation":181},"geometry":{"type":"Point","coordinates":[-1.955328,55.024773]}},{"type":"Feature","properties":{"elevation":149},"geometry":{"type":"Point","coordinates":[-1.935328,55.024773]}},{"type":"Feature","properties":{"elevation":136},"geometry":{"type":"Point","coordinates":[-1.915328,55.024773]}},{"type":"Feature","properties":{"elevation":123},"geometry":{"type":"Point","coordinates":[-1.895328,55.024773]}},{"type":"Feature","properties":{"elevation":145},"geometry":{"type":"Point","coordinates":[-1.875328,55.024773]}},{"type":"Feature","properties":{"elevation":123},"geometry":{"type":"Point","coordinates":[-1.855328,55.024773]}},{"type":"Feature","properties":{"elevation":108},"geometry":{"type":"Point","coordinates":[-1.835328,55.024773]}},{"type":"Feature","properties":{"elevation":108},"geometry":{"type":"Point","coordinates":[-1.815328,55.024773]}},{"type":"Feature","properties":{"elevation":113},"geometry":{"type":"Point","coordinates":[-1.795328,55.024773]}},{"type":"Feature","properties":{"elevation":117},"geometry":{"type":"Point","coordinates":[-1.775328,55.024773]}},{"type":"Feature","properties":{"elevation":128},"geometry":{"type":"Point","coordinates":[-1.755328,55.024773]}},{"type":"Feature","properties":{"elevation":106},"geometry":{"type":"Point","coordinates":[-1.735328,55.024773]}},{"type":"Feature","properties":{"elevation":82},"geometry":{"type":"Point","coordinates":[-1.715328,55.024773]}},{"type":"Feature","properties":{"elevation":68},"geometry":{"type":"Point","coordinates":[-1.695328,55.024773]}},{"type":"Feature","properties":{"elevation":59},"geometry":{"type":"Point","coordinates":[-1.675328,55.024773]}},{"type":"Feature","properties":{"elevation":54},"geometry":{"type":"Point","coordinates":[-1.655328,55.024773]}},{"type":"Feature","properties":{"elevation":50},"geometry":{"type":"Point","coordinates":[-1.635328,55.024773]}},{"type":"Feature","properties":{"elevation":54},"geometry":{"type":"Point","coordinates":[-1.615328,55.024773]}},{"type":"Feature","properties":{"elevation":61},"geometry":{"type":"Point","coordinates":[-1.595328,55.024773]}},{"type":"Feature","properties":{"elevation":53},"geometry":{"type":"Point","coordinates":[-1.575328,55.024773]}},{"type":"Feature","properties":{"elevation":66},"geometry":{"type":"Point","coordinates":[-1.555328,55.024773]}},{"type":"Feature","properties":{"elevation":65},"geometry":{"type":"Point","coordinates":[-1.535328,55.024773]}},{"type":"Feature","properties":{"elevation":78},"geometry":{"type":"Point","coordinates":[-1.515328,55.024773]}},{"type":"Feature","properties":{"elevation":67},"geometry":{"type":"Point","coordinates":[-1.495328,55.024773]}},{"type":"Feature","properties":{"elevation":64},"geometry":{"type":"Point","coordinates":[-1.475328,55.024773]}},{"type":"Feature","properties":{"elevation":45},"geometry":{"type":"Point","coordinates":[-1.455328,55.024773]}},{"type":"Feature","properties":{"elevation":31},"geometry":{"type":"Point","coordinates":[-1.435328,55.024773]}},{"type":"Feature","properties":{"elevation":0},"geometry":{"type":"Point","coordinates":[-1.415328,55.024773]}},{"type":"Feature","properties":{"elevation":0},"geometry":{"type":"Point","coordinates":[-1.395328,55.024773]}},{"type":"Feature","properties":{"elevation":0},"geometry":{"type":"Point","coordinates":[-1.375328,55.024773]}},{"type":"Feature","properties":{"elevation":0},"geometry":{"type":"Point","coordinates":[-1.355328,55.024773]}},{"type":"Feature","properties":{"elevation":0},"geometry":{"type":"Point","coordinates":[-1.335328,55.024773]}},{"type":"Feature","properties":{"elevation":0},"geometry":{"type":"Point","coordinates":[-1.315328,55.024773]}},{"type":"Feature","properties":{"elevation":0},"geometry":{"type":"Point","coordinates":[-1.295328,55.024773]}},{"type":"Feature","properties":{"elevation":0},"geometry":{"type":"Point","coordinates":[-1.275328,55.024773]}},{"type":"Feature","properties":{"elevation":0},"geometry":{"type":"Point","coordinates":[-1.255328,55.024773]}},{"type":"Feature","properties":{"elevation":0},"geometry":{"type":"Point","coordinates":[-1.235328,55.024773]}},{"type":"Feature","properties":{"elevation":0},"geometry":{"type":"Point","coordinates":[-1.215328,55.024773]}},{"type":"Feature","properties":{"elevation":0},"geometry":{"type":"Point","coordinates":[-1.195328,55.024773]}},{"type":"Feature","properties":{"elevation":0},"geometry":{"type":"Point","coordinates":[-1.175328,55.024773]}},{"type":"Feature","properties":{"elevation":0},"geometry":{"type":"Point","coordinates":[-1.155328,55.024773]}},{"type":"Feature","properties":{"elevation":0},"geometry":{"type":"Point","coordinates":[-1.135328,55.024773]}},{"type":"Feature","properties":{"elevation":0},"geometry":{"type":"Point","coordinates":[-1.115328,55.024773]}},{"type":"Feature","properties":{"elevation":0},"geometry":{"type":"Point","coordinates":[-1.095328,55.024773]}},{"type":"Feature","properties":{"elevation":0},"geometry":{"type":"Point","coordinates":[-1.075328,55.024773]}},{"type":"Feature","properties":{"elevation":0},"geometry":{"type":"Point","coordinates":[-1.055328,55.024773]}},{"type":"Feature","properties":{"elevation":0},"geometry":{"type":"Point","coordinates":[-1.035328,55.024773]}},{"type":"Feature","properties":{"elevation":0},"geometry":{"type":"Point","coordinates":[-1.015328,55.024773]}},{"type":"Feature","properties":{"elevation":0},"geometry":{"type":"Point","coordinates":[-0.995328,55.024773]}},{"type":"Feature","properties":{"elevation":0},"geometry":{"type":"Point","coordinates":[-0.975328,55.024773]}},{"type":"Feature","properties":{"elevation":86},"geometry":{"type":"Point","coordinates":[-2.115328,55.044773]}},{"type":"Feature","properties":{"elevation":80},"geometry":{"type":"Point","coordinates":[-2.095328,55.044773]}},{"type":"Feature","properties":{"elevation":72},"geometry":{"type":"Point","coordinates":[-2.075328,55.044773]}},{"type":"Feature","properties":{"elevation":92},"geometry":{"type":"Point","coordinates":[-2.055328,55.044773]}},{"type":"Feature","properties":{"elevation":153},"geometry":{"type":"Point","coordinates":[-2.035328,55.044773]}},{"type":"Feature","properties":{"elevation":199},"geometry":{"type":"Point","coordinates":[-2.015328,55.044773]}},{"type":"Feature","properties":{"elevation":195},"geometry":{"type":"Point","coordinates":[-1.995328,55.044773]}},{"type":"Feature","properties":{"elevation":172},"geometry":{"type":"Point","coordinates":[-1.975328,55.044773]}},{"type":"Feature","properties":{"elevation":150},"geometry":{"type":"Point","coordinates":[-1.955328,55.044773]}},{"type":"Feature","properties":{"elevation":135},"geometry":{"type":"Point","coordinates":[-1.935328,55.044773]}},{"type":"Feature","properties":{"elevation":130},"geometry":{"type":"Point","coordinates":[-1.915328,55.044773]}},{"type":"Feature","properties":{"elevation":119},"geometry":{"type":"Point","coordinates":[-1.895328,55.044773]}},{"type":"Feature","properties":{"elevation":144},"geometry":{"type":"Point","coordinates":[-1.875328,55.044773]}},{"type":"Feature","properties":{"elevation":134},"geometry":{"type":"Point","coordinates":[-1.855328,55.044773]}},{"type":"Feature","properties":{"elevation":121},"geometry":{"type":"Point","coordinates":[-1.835328,55.044773]}},{"type":"Feature","properties":{"elevation":110},"geometry":{"type":"Point","coordinates":[-1.815328,55.044773]}},{"type":"Feature","properties":{"elevation":88},"geometry":{"type":"Point","coordinates":[-1.795328,55.044773]}},{"type":"Feature","properties":{"elevation":74},"geometry":{"type":"Point","coordinates":[-1.775328,55.044773]}},{"type":"Feature","properties":{"elevation":73},"geometry":{"type":"Point","coordinates":[-1.755328,55.044773]}},{"type":"Feature","properties":{"elevation":57},"geometry":{"type":"Point","coordinates":[-1.735328,55.044773]}},{"type":"Feature","properties":{"elevation":64},"geometry":{"type":"Point","coordinates":[-1.715328,55.044773]}},{"type":"Feature","properties":{"elevation":70},"geometry":{"type":"Point","coordinates":[-1.695328,55.044773]}},{"type":"Feature","properties":{"elevation":66},"geometry":{"type":"Point","coordinates":[-1.675328,55.044773]}},{"type":"Feature","properties":{"elevation":75},"geometry":{"type":"Point","coordinates":[-1.655328,55.044773]}},{"type":"Feature","properties":{"elevation":70},"geometry":{"type":"Point","coordinates":[-1.635328,55.044773]}},{"type":"Feature","properties":{"elevation":60},"geometry":{"type":"Point","coordinates":[-1.615328,55.044773]}},{"type":"Feature","properties":{"elevation":63},"geometry":{"type":"Point","coordinates":[-1.595328,55.044773]}},{"type":"Feature","properties":{"elevation":70},"geometry":{"type":"Point","coordinates":[-1.575328,55.044773]}},{"type":"Feature","properties":{"elevation":69},"geometry":{"type":"Point","coordinates":[-1.555328,55.044773]}},{"type":"Feature","properties":{"elevation":53},"geometry":{"type":"Point","coordinates":[-1.535328,55.044773]}},{"type":"Feature","properties":{"elevation":46},"geometry":{"type":"Point","coordinates":[-1.515328,55.044773]}},{"type":"Feature","properties":{"elevation":55},"geometry":{"type":"Point","coordinates":[-1.495328,55.044773]}},{"type":"Feature","properties":{"elevation":41},"geometry":{"type":"Point","coordinates":[-1.475328,55.044773]}},{"type":"Feature","properties":{"elevation":27},"geometry":{"type":"Point","coordinates":[-1.455328,55.044773]}},{"type":"Feature","properties":{"elevation":0},"geometry":{"type":"Point","coordinates":[-1.435328,55.044773]}},{"type":"Feature","properties":{"elevation":0},"geometry":{"type":"Point","coordinates":[-1.415328,55.044773]}},{"type":"Feature","properties":{"elevation":0},"geometry":{"type":"Point","coordinates":[-1.395328,55.044773]}},{"type":"Feature","properties":{"elevation":0},"geometry":{"type":"Point","coordinates":[-1.375328,55.044773]}},{"type":"Feature","properties":{"elevation":0},"geometry":{"type":"Point","coordinates":[-1.355328,55.044773]}},{"type":"Feature","properties":{"elevation":0},"geometry":{"type":"Point","coordinates":[-1.335328,55.044773]}},{"type":"Feature","properties":{"elevation":0},"geometry":{"type":"Point","coordinates":[-1.315328,55.044773]}},{"type":"Feature","properties":{"elevation":0},"geometry":{"type":"Point","coordinates":[-1.295328,55.044773]}},{"type":"Feature","properties":{"elevation":0},"geometry":{"type":"Point","coordinates":[-1.275328,55.044773]}},{"type":"Feature","properties":{"elevation":0},"geometry":{"type":"Point","coordinates":[-1.255328,55.044773]}},{"type":"Feature","properties":{"elevation":0},"geometry":{"type":"Point","coordinates":[-1.235328,55.044773]}},{"type":"Feature","properties":{"elevation":0},"geometry":{"type":"Point","coordinates":[-1.215328,55.044773]}},{"type":"Feature","properties":{"elevation":0},"geometry":{"type":"Point","coordinates":[-1.195328,55.044773]}},{"type":"Feature","properties":{"elevation":0},"geometry":{"type":"Point","coordinates":[-1.175328,55.044773]}},{"type":"Feature","properties":{"elevation":0},"geometry":{"type":"Point","coordinates":[-1.155328,55.044773]}},{"type":"Feature","properties":{"elevation":0},"geometry":{"type":"Point","coordinates":[-1.135328,55.044773]}},{"type":"Feature","properties":{"elevation":0},"geometry":{"type":"Point","coordinates":[-1.115328,55.044773]}},{"type":"Feature","properties":{"elevation":0},"geometry":{"type":"Point","coordinates":[-1.095328,55.044773]}},{"type":"Feature","properties":{"elevation":0},"geometry":{"type":"Point","coordinates":[-1.075328,55.044773]}},{"type":"Feature","properties":{"elevation":0},"geometry":{"type":"Point","coordinates":[-1.055328,55.044773]}},{"type":"Feature","properties":{"elevation":0},"geometry":{"type":"Point","coordinates":[-1.035328,55.044773]}},{"type":"Feature","properties":{"elevation":0},"geometry":{"type":"Point","coordinates":[-1.015328,55.044773]}},{"type":"Feature","properties":{"elevation":0},"geometry":{"type":"Point","coordinates":[-0.995328,55.044773]}},{"type":"Feature","properties":{"elevation":100},"geometry":{"type":"Point","coordinates":[-2.115328,55.064773]}},{"type":"Feature","properties":{"elevation":118},"geometry":{"type":"Point","coordinates":[-2.095328,55.064773]}},{"type":"Feature","properties":{"elevation":142},"geometry":{"type":"Point","coordinates":[-2.075328,55.064773]}},{"type":"Feature","properties":{"elevation":140},"geometry":{"type":"Point","coordinates":[-2.055328,55.064773]}},{"type":"Feature","properties":{"elevation":123},"geometry":{"type":"Point","coordinates":[-2.035328,55.064773]}},{"type":"Feature","properties":{"elevation":114},"geometry":{"type":"Point","coordinates":[-2.015328,55.064773]}},{"type":"Feature","properties":{"elevation":202},"geometry":{"type":"Point","coordinates":[-1.995328,55.064773]}},{"type":"Feature","properties":{"elevation":204},"geometry":{"type":"Point","coordinates":[-1.975328,55.064773]}},{"type":"Feature","properties":{"elevation":190},"geometry":{"type":"Point","coordinates":[-1.955328,55.064773]}},{"type":"Feature","properties":{"elevation":197},"geometry":{"type":"Point","coordinates":[-1.935328,55.064773]}},{"type":"Feature","properties":{"elevation":174},"geometry":{"type":"Point","coordinates":[-1.915328,55.064773]}},{"type":"Feature","properties":{"elevation":163},"geometry":{"type":"Point","coordinates":[-1.895328,55.064773]}},{"type":"Feature","properties":{"elevation":142},"geometry":{"type":"Point","coordinates":[-1.875328,55.064773]}},{"type":"Feature","properties":{"elevation":135},"geometry":{"type":"Point","coordinates":[-1.855328,55.064773]}},{"type":"Feature","properties":{"elevation":129},"geometry":{"type":"Point","coordinates":[-1.835328,55.064773]}},{"type":"Feature","properties":{"elevation":98},"geometry":{"type":"Point","coordinates":[-1.815328,55.064773]}},{"type":"Feature","properties":{"elevation":82},"geometry":{"type":"Point","coordinates":[-1.795328,55.064773]}},{"type":"Feature","properties":{"elevation":65},"geometry":{"type":"Point","coordinates":[-1.775328,55.064773]}},{"type":"Feature","properties":{"elevation":58},"geometry":{"type":"Point","coordinates":[-1.755328,55.064773]}},{"type":"Feature","properties":{"elevation":60},"geometry":{"type":"Point","coordinates":[-1.735328,55.064773]}},{"type":"Feature","properties":{"elevation":52},"geometry":{"type":"Point","coordinates":[-1.715328,55.064773]}},{"type":"Feature","properties":{"elevation":53},"geometry":{"type":"Point","coordinates":[-1.695328,55.064773]}},{"type":"Feature","properties":{"elevation":68},"geometry":{"type":"Point","coordinates":[-1.675328,55.064773]}},{"type":"Feature","properties":{"elevation":61},"geometry":{"type":"Point","coordinates":[-1.655328,55.064773]}},{"type":"Feature","properties":{"elevation":70},"geometry":{"type":"Point","coordinates":[-1.635328,55.064773]}},{"type":"Feature","properties":{"elevation":59},"geometry":{"type":"Point","coordinates":[-1.615328,55.064773]}},{"type":"Feature","properties":{"elevation":56},"geometry":{"type":"Point","coordinates":[-1.595328,55.064773]}},{"type":"Feature","properties":{"elevation":50},"geometry":{"type":"Point","coordinates":[-1.575328,55.064773]}},{"type":"Feature","properties":{"elevation":43},"geometry":{"type":"Point","coordinates":[-1.555328,55.064773]}},{"type":"Feature","properties":{"elevation":31},"geometry":{"type":"Point","coordinates":[-1.535328,55.064773]}},{"type":"Feature","properties":{"elevation":37},"geometry":{"type":"Point","coordinates":[-1.515328,55.064773]}},{"type":"Feature","properties":{"elevation":32},"geometry":{"type":"Point","coordinates":[-1.495328,55.064773]}},{"type":"Feature","properties":{"elevation":27},"geometry":{"type":"Point","coordinates":[-1.475328,55.064773]}},{"type":"Feature","properties":{"elevation":12},"geometry":{"type":"Point","coordinates":[-1.455328,55.064773]}},{"type":"Feature","properties":{"elevation":0},"geometry":{"type":"Point","coordinates":[-1.435328,55.064773]}},{"type":"Feature","properties":{"elevation":0},"geometry":{"type":"Point","coordinates":[-1.415328,55.064773]}},{"type":"Feature","properties":{"elevation":0},"geometry":{"type":"Point","coordinates":[-1.395328,55.064773]}},{"type":"Feature","properties":{"elevation":0},"geometry":{"type":"Point","coordinates":[-1.375328,55.064773]}},{"type":"Feature","properties":{"elevation":0},"geometry":{"type":"Point","coordinates":[-1.355328,55.064773]}},{"type":"Feature","properties":{"elevation":0},"geometry":{"type":"Point","coordinates":[-1.335328,55.064773]}},{"type":"Feature","properties":{"elevation":0},"geometry":{"type":"Point","coordinates":[-1.315328,55.064773]}},{"type":"Feature","properties":{"elevation":0},"geometry":{"type":"Point","coordinates":[-1.295328,55.064773]}},{"type":"Feature","properties":{"elevation":0},"geometry":{"type":"Point","coordinates":[-1.275328,55.064773]}},{"type":"Feature","properties":{"elevation":0},"geometry":{"type":"Point","coordinates":[-1.255328,55.064773]}},{"type":"Feature","properties":{"elevation":0},"geometry":{"type":"Point","coordinates":[-1.235328,55.064773]}},{"type":"Feature","properties":{"elevation":0},"geometry":{"type":"Point","coordinates":[-1.215328,55.064773]}},{"type":"Feature","properties":{"elevation":0},"geometry":{"type":"Point","coordinates":[-1.195328,55.064773]}},{"type":"Feature","properties":{"elevation":0},"geometry":{"type":"Point","coordinates":[-1.175328,55.064773]}},{"type":"Feature","properties":{"elevation":0},"geometry":{"type":"Point","coordinates":[-1.155328,55.064773]}},{"type":"Feature","properties":{"elevation":0},"geometry":{"type":"Point","coordinates":[-1.135328,55.064773]}},{"type":"Feature","properties":{"elevation":0},"geometry":{"type":"Point","coordinates":[-1.115328,55.064773]}},{"type":"Feature","properties":{"elevation":0},"geometry":{"type":"Point","coordinates":[-1.095328,55.064773]}},{"type":"Feature","properties":{"elevation":0},"geometry":{"type":"Point","coordinates":[-1.075328,55.064773]}},{"type":"Feature","properties":{"elevation":0},"geometry":{"type":"Point","coordinates":[-1.055328,55.064773]}},{"type":"Feature","properties":{"elevation":0},"geometry":{"type":"Point","coordinates":[-1.035328,55.064773]}},{"type":"Feature","properties":{"elevation":0},"geometry":{"type":"Point","coordinates":[-1.015328,55.064773]}},{"type":"Feature","properties":{"elevation":0},"geometry":{"type":"Point","coordinates":[-0.995328,55.064773]}},{"type":"Feature","properties":{"elevation":153},"geometry":{"type":"Point","coordinates":[-2.095328,55.084773]}},{"type":"Feature","properties":{"elevation":195},"geometry":{"type":"Point","coordinates":[-2.075328,55.084773]}},{"type":"Feature","properties":{"elevation":165},"geometry":{"type":"Point","coordinates":[-2.055328,55.084773]}},{"type":"Feature","properties":{"elevation":164},"geometry":{"type":"Point","coordinates":[-2.035328,55.084773]}},{"type":"Feature","properties":{"elevation":169},"geometry":{"type":"Point","coordinates":[-2.015328,55.084773]}},{"type":"Feature","properties":{"elevation":220},"geometry":{"type":"Point","coordinates":[-1.995328,55.084773]}},{"type":"Feature","properties":{"elevation":232},"geometry":{"type":"Point","coordinates":[-1.975328,55.084773]}},{"type":"Feature","properties":{"elevation":213},"geometry":{"type":"Point","coordinates":[-1.955328,55.084773]}},{"type":"Feature","properties":{"elevation":208},"geometry":{"type":"Point","coordinates":[-1.935328,55.084773]}},{"type":"Feature","properties":{"elevation":184},"geometry":{"type":"Point","coordinates":[-1.915328,55.084773]}},{"type":"Feature","properties":{"elevation":189},"geometry":{"type":"Point","coordinates":[-1.895328,55.084773]}},{"type":"Feature","properties":{"elevation":164},"geometry":{"type":"Point","coordinates":[-1.875328,55.084773]}},{"type":"Feature","properties":{"elevation":141},"geometry":{"type":"Point","coordinates":[-1.855328,55.084773]}},{"type":"Feature","properties":{"elevation":126},"geometry":{"type":"Point","coordinates":[-1.835328,55.084773]}},{"type":"Feature","properties":{"elevation":104},"geometry":{"type":"Point","coordinates":[-1.815328,55.084773]}},{"type":"Feature","properties":{"elevation":85},"geometry":{"type":"Point","coordinates":[-1.795328,55.084773]}},{"type":"Feature","properties":{"elevation":67},"geometry":{"type":"Point","coordinates":[-1.775328,55.084773]}},{"type":"Feature","properties":{"elevation":55},"geometry":{"type":"Point","coordinates":[-1.755328,55.084773]}},{"type":"Feature","properties":{"elevation":51},"geometry":{"type":"Point","coordinates":[-1.735328,55.084773]}},{"type":"Feature","properties":{"elevation":50},"geometry":{"type":"Point","coordinates":[-1.715328,55.084773]}},{"type":"Feature","properties":{"elevation":49},"geometry":{"type":"Point","coordinates":[-1.695328,55.084773]}},{"type":"Feature","properties":{"elevation":58},"geometry":{"type":"Point","coordinates":[-1.675328,55.084773]}},{"type":"Feature","properties":{"elevation":71},"geometry":{"type":"Point","coordinates":[-1.655328,55.084773]}},{"type":"Feature","properties":{"elevation":79},"geometry":{"type":"Point","coordinates":[-1.635328,55.084773]}},{"type":"Feature","properties":{"elevation":76},"geometry":{"type":"Point","coordinates":[-1.615328,55.084773]}},{"type":"Feature","properties":{"elevation":71},"geometry":{"type":"Point","coordinates":[-1.595328,55.084773]}},{"type":"Feature","properties":{"elevation":69},"geometry":{"type":"Point","coordinates":[-1.575328,55.084773]}},{"type":"Feature","properties":{"elevation":55},"geometry":{"type":"Point","coordinates":[-1.555328,55.084773]}},{"type":"Feature","properties":{"elevation":31},"geometry":{"type":"Point","coordinates":[-1.535328,55.084773]}},{"type":"Feature","properties":{"elevation":28},"geometry":{"type":"Point","coordinates":[-1.515328,55.084773]}},{"type":"Feature","properties":{"elevation":28},"geometry":{"type":"Point","coordinates":[-1.495328,55.084773]}},{"type":"Feature","properties":{"elevation":11},"geometry":{"type":"Point","coordinates":[-1.475328,55.084773]}},{"type":"Feature","properties":{"elevation":0},"geometry":{"type":"Point","coordinates":[-1.455328,55.084773]}},{"type":"Feature","properties":{"elevation":0},"geometry":{"type":"Point","coordinates":[-1.435328,55.084773]}},{"type":"Feature","properties":{"elevation":0},"geometry":{"type":"Point","coordinates":[-1.415328,55.084773]}},{"type":"Feature","properties":{"elevation":0},"geometry":{"type":"Point","coordinates":[-1.395328,55.084773]}},{"type":"Feature","properties":{"elevation":0},"geometry":{"type":"Point","coordinates":[-1.375328,55.084773]}},{"type":"Feature","properties":{"elevation":0},"geometry":{"type":"Point","coordinates":[-1.355328,55.084773]}},{"type":"Feature","properties":{"elevation":0},"geometry":{"type":"Point","coordinates":[-1.335328,55.084773]}},{"type":"Feature","properties":{"elevation":0},"geometry":{"type":"Point","coordinates":[-1.315328,55.084773]}},{"type":"Feature","properties":{"elevation":0},"geometry":{"type":"Point","coordinates":[-1.295328,55.084773]}},{"type":"Feature","properties":{"elevation":0},"geometry":{"type":"Point","coordinates":[-1.275328,55.084773]}},{"type":"Feature","properties":{"elevation":0},"geometry":{"type":"Point","coordinates":[-1.255328,55.084773]}},{"type":"Feature","properties":{"elevation":0},"geometry":{"type":"Point","coordinates":[-1.235328,55.084773]}},{"type":"Feature","properties":{"elevation":0},"geometry":{"type":"Point","coordinates":[-1.215328,55.084773]}},{"type":"Feature","properties":{"elevation":0},"geometry":{"type":"Point","coordinates":[-1.195328,55.084773]}},{"type":"Feature","properties":{"elevation":0},"geometry":{"type":"Point","coordinates":[-1.175328,55.084773]}},{"type":"Feature","properties":{"elevation":0},"geometry":{"type":"Point","coordinates":[-1.155328,55.084773]}},{"type":"Feature","properties":{"elevation":0},"geometry":{"type":"Point","coordinates":[-1.135328,55.084773]}},{"type":"Feature","properties":{"elevation":0},"geometry":{"type":"Point","coordinates":[-1.115328,55.084773]}},{"type":"Feature","properties":{"elevation":0},"geometry":{"type":"Point","coordinates":[-1.095328,55.084773]}},{"type":"Feature","properties":{"elevation":0},"geometry":{"type":"Point","coordinates":[-1.075328,55.084773]}},{"type":"Feature","properties":{"elevation":0},"geometry":{"type":"Point","coordinates":[-1.055328,55.084773]}},{"type":"Feature","properties":{"elevation":0},"geometry":{"type":"Point","coordinates":[-1.035328,55.084773]}},{"type":"Feature","properties":{"elevation":0},"geometry":{"type":"Point","coordinates":[-1.015328,55.084773]}},{"type":"Feature","properties":{"elevation":225},"geometry":{"type":"Point","coordinates":[-2.075328,55.104773]}},{"type":"Feature","properties":{"elevation":195},"geometry":{"type":"Point","coordinates":[-2.055328,55.104773]}},{"type":"Feature","properties":{"elevation":205},"geometry":{"type":"Point","coordinates":[-2.035328,55.104773]}},{"type":"Feature","properties":{"elevation":189},"geometry":{"type":"Point","coordinates":[-2.015328,55.104773]}},{"type":"Feature","properties":{"elevation":209},"geometry":{"type":"Point","coordinates":[-1.995328,55.104773]}},{"type":"Feature","properties":{"elevation":206},"geometry":{"type":"Point","coordinates":[-1.975328,55.104773]}},{"type":"Feature","properties":{"elevation":184},"geometry":{"type":"Point","coordinates":[-1.955328,55.104773]}},{"type":"Feature","properties":{"elevation":168},"geometry":{"type":"Point","coordinates":[-1.935328,55.104773]}},{"type":"Feature","properties":{"elevation":166},"geometry":{"type":"Point","coordinates":[-1.915328,55.104773]}},{"type":"Feature","properties":{"elevation":170},"geometry":{"type":"Point","coordinates":[-1.895328,55.104773]}},{"type":"Feature","properties":{"elevation":139},"geometry":{"type":"Point","coordinates":[-1.875328,55.104773]}},{"type":"Feature","properties":{"elevation":114},"geometry":{"type":"Point","coordinates":[-1.855328,55.104773]}},{"type":"Feature","properties":{"elevation":107},"geometry":{"type":"Point","coordinates":[-1.835328,55.104773]}},{"type":"Feature","properties":{"elevation":105},"geometry":{"type":"Point","coordinates":[-1.815328,55.104773]}},{"type":"Feature","properties":{"elevation":89},"geometry":{"type":"Point","coordinates":[-1.795328,55.104773]}},{"type":"Feature","properties":{"elevation":77},"geometry":{"type":"Point","coordinates":[-1.775328,55.104773]}},{"type":"Feature","properties":{"elevation":59},"geometry":{"type":"Point","coordinates":[-1.755328,55.104773]}},{"type":"Feature","properties":{"elevation":59},"geometry":{"type":"Point","coordinates":[-1.735328,55.104773]}},{"type":"Feature","properties":{"elevation":59},"geometry":{"type":"Point","coordinates":[-1.715328,55.104773]}},{"type":"Feature","properties":{"elevation":69},"geometry":{"type":"Point","coordinates":[-1.695328,55.104773]}},{"type":"Feature","properties":{"elevation":57},"geometry":{"type":"Point","coordinates":[-1.675328,55.104773]}},{"type":"Feature","properties":{"elevation":54},"geometry":{"type":"Point","coordinates":[-1.655328,55.104773]}},{"type":"Feature","properties":{"elevation":67},"geometry":{"type":"Point","coordinates":[-1.635328,55.104773]}},{"type":"Feature","properties":{"elevation":59},"geometry":{"type":"Point","coordinates":[-1.615328,55.104773]}},{"type":"Feature","properties":{"elevation":48},"geometry":{"type":"Point","coordinates":[-1.595328,55.104773]}},{"type":"Feature","properties":{"elevation":39},"geometry":{"type":"Point","coordinates":[-1.575328,55.104773]}},{"type":"Feature","properties":{"elevation":32},"geometry":{"type":"Point","coordinates":[-1.555328,55.104773]}},{"type":"Feature","properties":{"elevation":18},"geometry":{"type":"Point","coordinates":[-1.535328,55.104773]}},{"type":"Feature","properties":{"elevation":11},"geometry":{"type":"Point","coordinates":[-1.515328,55.104773]}},{"type":"Feature","properties":{"elevation":0},"geometry":{"type":"Point","coordinates":[-1.495328,55.104773]}},{"type":"Feature","properties":{"elevation":0},"geometry":{"type":"Point","coordinates":[-1.475328,55.104773]}},{"type":"Feature","properties":{"elevation":0},"geometry":{"type":"Point","coordinates":[-1.455328,55.104773]}},{"type":"Feature","properties":{"elevation":0},"geometry":{"type":"Point","coordinates":[-1.435328,55.104773]}},{"type":"Feature","properties":{"elevation":0},"geometry":{"type":"Point","coordinates":[-1.415328,55.104773]}},{"type":"Feature","properties":{"elevation":0},"geometry":{"type":"Point","coordinates":[-1.395328,55.104773]}},{"type":"Feature","properties":{"elevation":0},"geometry":{"type":"Point","coordinates":[-1.375328,55.104773]}},{"type":"Feature","properties":{"elevation":0},"geometry":{"type":"Point","coordinates":[-1.355328,55.104773]}},{"type":"Feature","properties":{"elevation":0},"geometry":{"type":"Point","coordinates":[-1.335328,55.104773]}},{"type":"Feature","properties":{"elevation":0},"geometry":{"type":"Point","coordinates":[-1.315328,55.104773]}},{"type":"Feature","properties":{"elevation":0},"geometry":{"type":"Point","coordinates":[-1.295328,55.104773]}},{"type":"Feature","properties":{"elevation":0},"geometry":{"type":"Point","coordinates":[-1.275328,55.104773]}},{"type":"Feature","properties":{"elevation":0},"geometry":{"type":"Point","coordinates":[-1.255328,55.104773]}},{"type":"Feature","properties":{"elevation":0},"geometry":{"type":"Point","coordinates":[-1.235328,55.104773]}},{"type":"Feature","properties":{"elevation":0},"geometry":{"type":"Point","coordinates":[-1.215328,55.104773]}},{"type":"Feature","properties":{"elevation":0},"geometry":{"type":"Point","coordinates":[-1.195328,55.104773]}},{"type":"Feature","properties":{"elevation":0},"geometry":{"type":"Point","coordinates":[-1.175328,55.104773]}},{"type":"Feature","properties":{"elevation":0},"geometry":{"type":"Point","coordinates":[-1.155328,55.104773]}},{"type":"Feature","properties":{"elevation":0},"geometry":{"type":"Point","coordinates":[-1.135328,55.104773]}},{"type":"Feature","properties":{"elevation":0},"geometry":{"type":"Point","coordinates":[-1.115328,55.104773]}},{"type":"Feature","properties":{"elevation":0},"geometry":{"type":"Point","coordinates":[-1.095328,55.104773]}},{"type":"Feature","properties":{"elevation":0},"geometry":{"type":"Point","coordinates":[-1.075328,55.104773]}},{"type":"Feature","properties":{"elevation":0},"geometry":{"type":"Point","coordinates":[-1.055328,55.104773]}},{"type":"Feature","properties":{"elevation":0},"geometry":{"type":"Point","coordinates":[-1.035328,55.104773]}},{"type":"Feature","properties":{"elevation":226},"geometry":{"type":"Point","coordinates":[-2.055328,55.124773]}},{"type":"Feature","properties":{"elevation":229},"geometry":{"type":"Point","coordinates":[-2.035328,55.124773]}},{"type":"Feature","properties":{"elevation":201},"geometry":{"type":"Point","coordinates":[-2.015328,55.124773]}},{"type":"Feature","properties":{"elevation":194},"geometry":{"type":"Point","coordinates":[-1.995328,55.124773]}},{"type":"Feature","properties":{"elevation":196},"geometry":{"type":"Point","coordinates":[-1.975328,55.124773]}},{"type":"Feature","properties":{"elevation":173},"geometry":{"type":"Point","coordinates":[-1.955328,55.124773]}},{"type":"Feature","properties":{"elevation":172},"geometry":{"type":"Point","coordinates":[-1.935328,55.124773]}},{"type":"Feature","properties":{"elevation":145},"geometry":{"type":"Point","coordinates":[-1.915328,55.124773]}},{"type":"Feature","properties":{"elevation":125},"geometry":{"type":"Point","coordinates":[-1.895328,55.124773]}},{"type":"Feature","properties":{"elevation":115},"geometry":{"type":"Point","coordinates":[-1.875328,55.124773]}},{"type":"Feature","properties":{"elevation":110},"geometry":{"type":"Point","coordinates":[-1.855328,55.124773]}},{"type":"Feature","properties":{"elevation":99},"geometry":{"type":"Point","coordinates":[-1.835328,55.124773]}},{"type":"Feature","properties":{"elevation":91},"geometry":{"type":"Point","coordinates":[-1.815328,55.124773]}},{"type":"Feature","properties":{"elevation":95},"geometry":{"type":"Point","coordinates":[-1.795328,55.124773]}},{"type":"Feature","properties":{"elevation":96},"geometry":{"type":"Point","coordinates":[-1.775328,55.124773]}},{"type":"Feature","properties":{"elevation":83},"geometry":{"type":"Point","coordinates":[-1.755328,55.124773]}},{"type":"Feature","properties":{"elevation":97},"geometry":{"type":"Point","coordinates":[-1.735328,55.124773]}},{"type":"Feature","properties":{"elevation":86},"geometry":{"type":"Point","coordinates":[-1.715328,55.124773]}},{"type":"Feature","properties":{"elevation":79},"geometry":{"type":"Point","coordinates":[-1.695328,55.124773]}},{"type":"Feature","properties":{"elevation":66},"geometry":{"type":"Point","coordinates":[-1.675328,55.124773]}},{"type":"Feature","properties":{"elevation":54},"geometry":{"type":"Point","coordinates":[-1.655328,55.124773]}},{"type":"Feature","properties":{"elevation":52},"geometry":{"type":"Point","coordinates":[-1.635328,55.124773]}},{"type":"Feature","properties":{"elevation":65},"geometry":{"type":"Point","coordinates":[-1.615328,55.124773]}},{"type":"Feature","properties":{"elevation":46},"geometry":{"type":"Point","coordinates":[-1.595328,55.124773]}},{"type":"Feature","properties":{"elevation":37},"geometry":{"type":"Point","coordinates":[-1.575328,55.124773]}},{"type":"Feature","properties":{"elevation":24},"geometry":{"type":"Point","coordinates":[-1.555328,55.124773]}},{"type":"Feature","properties":{"elevation":8},"geometry":{"type":"Point","coordinates":[-1.535328,55.124773]}},{"type":"Feature","properties":{"elevation":9},"geometry":{"type":"Point","coordinates":[-1.515328,55.124773]}},{"type":"Feature","properties":{"elevation":0},"geometry":{"type":"Point","coordinates":[-1.495328,55.124773]}},{"type":"Feature","properties":{"elevation":0},"geometry":{"type":"Point","coordinates":[-1.475328,55.124773]}},{"type":"Feature","properties":{"elevation":0},"geometry":{"type":"Point","coordinates":[-1.455328,55.124773]}},{"type":"Feature","properties":{"elevation":0},"geometry":{"type":"Point","coordinates":[-1.435328,55.124773]}},{"type":"Feature","properties":{"elevation":0},"geometry":{"type":"Point","coordinates":[-1.415328,55.124773]}},{"type":"Feature","properties":{"elevation":0},"geometry":{"type":"Point","coordinates":[-1.395328,55.124773]}},{"type":"Feature","properties":{"elevation":0},"geometry":{"type":"Point","coordinates":[-1.375328,55.124773]}},{"type":"Feature","properties":{"elevation":0},"geometry":{"type":"Point","coordinates":[-1.355328,55.124773]}},{"type":"Feature","properties":{"elevation":0},"geometry":{"type":"Point","coordinates":[-1.335328,55.124773]}},{"type":"Feature","properties":{"elevation":0},"geometry":{"type":"Point","coordinates":[-1.315328,55.124773]}},{"type":"Feature","properties":{"elevation":0},"geometry":{"type":"Point","coordinates":[-1.295328,55.124773]}},{"type":"Feature","properties":{"elevation":0},"geometry":{"type":"Point","coordinates":[-1.275328,55.124773]}},{"type":"Feature","properties":{"elevation":0},"geometry":{"type":"Point","coordinates":[-1.255328,55.124773]}},{"type":"Feature","properties":{"elevation":0},"geometry":{"type":"Point","coordinates":[-1.235328,55.124773]}},{"type":"Feature","properties":{"elevation":0},"geometry":{"type":"Point","coordinates":[-1.215328,55.124773]}},{"type":"Feature","properties":{"elevation":0},"geometry":{"type":"Point","coordinates":[-1.195328,55.124773]}},{"type":"Feature","properties":{"elevation":0},"geometry":{"type":"Point","coordinates":[-1.175328,55.124773]}},{"type":"Feature","properties":{"elevation":0},"geometry":{"type":"Point","coordinates":[-1.155328,55.124773]}},{"type":"Feature","properties":{"elevation":0},"geometry":{"type":"Point","coordinates":[-1.135328,55.124773]}},{"type":"Feature","properties":{"elevation":0},"geometry":{"type":"Point","coordinates":[-1.115328,55.124773]}},{"type":"Feature","properties":{"elevation":0},"geometry":{"type":"Point","coordinates":[-1.095328,55.124773]}},{"type":"Feature","properties":{"elevation":0},"geometry":{"type":"Point","coordinates":[-1.075328,55.124773]}},{"type":"Feature","properties":{"elevation":0},"geometry":{"type":"Point","coordinates":[-1.055328,55.124773]}},{"type":"Feature","properties":{"elevation":218},"geometry":{"type":"Point","coordinates":[-2.035328,55.144773]}},{"type":"Feature","properties":{"elevation":211},"geometry":{"type":"Point","coordinates":[-2.015328,55.144773]}},{"type":"Feature","properties":{"elevation":185},"geometry":{"type":"Point","coordinates":[-1.995328,55.144773]}},{"type":"Feature","properties":{"elevation":166},"geometry":{"type":"Point","coordinates":[-1.975328,55.144773]}},{"type":"Feature","properties":{"elevation":137},"geometry":{"type":"Point","coordinates":[-1.955328,55.144773]}},{"type":"Feature","properties":{"elevation":131},"geometry":{"type":"Point","coordinates":[-1.935328,55.144773]}},{"type":"Feature","properties":{"elevation":140},"geometry":{"type":"Point","coordinates":[-1.915328,55.144773]}},{"type":"Feature","properties":{"elevation":132},"geometry":{"type":"Point","coordinates":[-1.895328,55.144773]}},{"type":"Feature","properties":{"elevation":121},"geometry":{"type":"Point","coordinates":[-1.875328,55.144773]}},{"type":"Feature","properties":{"elevation":103},"geometry":{"type":"Point","coordinates":[-1.855328,55.144773]}},{"type":"Feature","properties":{"elevation":100},"geometry":{"type":"Point","coordinates":[-1.835328,55.144773]}},{"type":"Feature","properties":{"elevation":107},"geometry":{"type":"Point","coordinates":[-1.815328,55.144773]}},{"type":"Feature","properties":{"elevation":103},"geometry":{"type":"Point","coordinates":[-1.795328,55.144773]}},{"type":"Feature","properties":{"elevation":101},"geometry":{"type":"Point","coordinates":[-1.775328,55.144773]}},{"type":"Feature","properties":{"elevation":92},"geometry":{"type":"Point","coordinates":[-1.755328,55.144773]}},{"type":"Feature","properties":{"elevation":114},"geometry":{"type":"Point","coordinates":[-1.735328,55.144773]}},{"type":"Feature","properties":{"elevation":96},"geometry":{"type":"Point","coordinates":[-1.715328,55.144773]}},{"type":"Feature","properties":{"elevation":79},"geometry":{"type":"Point","coordinates":[-1.695328,55.144773]}},{"type":"Feature","properties":{"elevation":67},"geometry":{"type":"Point","coordinates":[-1.675328,55.144773]}},{"type":"Feature","properties":{"elevation":49},"geometry":{"type":"Point","coordinates":[-1.655328,55.144773]}},{"type":"Feature","properties":{"elevation":36},"geometry":{"type":"Point","coordinates":[-1.635328,55.144773]}},{"type":"Feature","properties":{"elevation":33},"geometry":{"type":"Point","coordinates":[-1.615328,55.144773]}},{"type":"Feature","properties":{"elevation":27},"geometry":{"type":"Point","coordinates":[-1.595328,55.144773]}},{"type":"Feature","properties":{"elevation":21},"geometry":{"type":"Point","coordinates":[-1.575328,55.144773]}},{"type":"Feature","properties":{"elevation":11},"geometry":{"type":"Point","coordinates":[-1.555328,55.144773]}},{"type":"Feature","properties":{"elevation":13},"geometry":{"type":"Point","coordinates":[-1.535328,55.144773]}},{"type":"Feature","properties":{"elevation":0},"geometry":{"type":"Point","coordinates":[-1.515328,55.144773]}},{"type":"Feature","properties":{"elevation":0},"geometry":{"type":"Point","coordinates":[-1.495328,55.144773]}},{"type":"Feature","properties":{"elevation":0},"geometry":{"type":"Point","coordinates":[-1.475328,55.144773]}},{"type":"Feature","properties":{"elevation":0},"geometry":{"type":"Point","coordinates":[-1.455328,55.144773]}},{"type":"Feature","properties":{"elevation":0},"geometry":{"type":"Point","coordinates":[-1.435328,55.144773]}},{"type":"Feature","properties":{"elevation":0},"geometry":{"type":"Point","coordinates":[-1.415328,55.144773]}},{"type":"Feature","properties":{"elevation":0},"geometry":{"type":"Point","coordinates":[-1.395328,55.144773]}},{"type":"Feature","properties":{"elevation":0},"geometry":{"type":"Point","coordinates":[-1.375328,55.144773]}},{"type":"Feature","properties":{"elevation":0},"geometry":{"type":"Point","coordinates":[-1.355328,55.144773]}},{"type":"Feature","properties":{"elevation":0},"geometry":{"type":"Point","coordinates":[-1.335328,55.144773]}},{"type":"Feature","properties":{"elevation":0},"geometry":{"type":"Point","coordinates":[-1.315328,55.144773]}},{"type":"Feature","properties":{"elevation":0},"geometry":{"type":"Point","coordinates":[-1.295328,55.144773]}},{"type":"Feature","properties":{"elevation":0},"geometry":{"type":"Point","coordinates":[-1.275328,55.144773]}},{"type":"Feature","properties":{"elevation":0},"geometry":{"type":"Point","coordinates":[-1.255328,55.144773]}},{"type":"Feature","properties":{"elevation":0},"geometry":{"type":"Point","coordinates":[-1.235328,55.144773]}},{"type":"Feature","properties":{"elevation":0},"geometry":{"type":"Point","coordinates":[-1.215328,55.144773]}},{"type":"Feature","properties":{"elevation":0},"geometry":{"type":"Point","coordinates":[-1.195328,55.144773]}},{"type":"Feature","properties":{"elevation":0},"geometry":{"type":"Point","coordinates":[-1.175328,55.144773]}},{"type":"Feature","properties":{"elevation":0},"geometry":{"type":"Point","coordinates":[-1.155328,55.144773]}},{"type":"Feature","properties":{"elevation":0},"geometry":{"type":"Point","coordinates":[-1.135328,55.144773]}},{"type":"Feature","properties":{"elevation":0},"geometry":{"type":"Point","coordinates":[-1.115328,55.144773]}},{"type":"Feature","properties":{"elevation":0},"geometry":{"type":"Point","coordinates":[-1.095328,55.144773]}},{"type":"Feature","properties":{"elevation":0},"geometry":{"type":"Point","coordinates":[-1.075328,55.144773]}},{"type":"Feature","properties":{"elevation":224},"geometry":{"type":"Point","coordinates":[-2.015328,55.164773]}},{"type":"Feature","properties":{"elevation":240},"geometry":{"type":"Point","coordinates":[-1.995328,55.164773]}},{"type":"Feature","properties":{"elevation":203},"geometry":{"type":"Point","coordinates":[-1.975328,55.164773]}},{"type":"Feature","properties":{"elevation":185},"geometry":{"type":"Point","coordinates":[-1.955328,55.164773]}},{"type":"Feature","properties":{"elevation":140},"geometry":{"type":"Point","coordinates":[-1.935328,55.164773]}},{"type":"Feature","properties":{"elevation":122},"geometry":{"type":"Point","coordinates":[-1.915328,55.164773]}},{"type":"Feature","properties":{"elevation":138},"geometry":{"type":"Point","coordinates":[-1.895328,55.164773]}},{"type":"Feature","properties":{"elevation":128},"geometry":{"type":"Point","coordinates":[-1.875328,55.164773]}},{"type":"Feature","properties":{"elevation":105},"geometry":{"type":"Point","coordinates":[-1.855328,55.164773]}},{"type":"Feature","properties":{"elevation":118},"geometry":{"type":"Point","coordinates":[-1.835328,55.164773]}},{"type":"Feature","properties":{"elevation":98},"geometry":{"type":"Point","coordinates":[-1.815328,55.164773]}},{"type":"Feature","properties":{"elevation":98},"geometry":{"type":"Point","coordinates":[-1.795328,55.164773]}},{"type":"Feature","properties":{"elevation":77},"geometry":{"type":"Point","coordinates":[-1.775328,55.164773]}},{"type":"Feature","properties":{"elevation":63},"geometry":{"type":"Point","coordinates":[-1.755328,55.164773]}},{"type":"Feature","properties":{"elevation":47},"geometry":{"type":"Point","coordinates":[-1.735328,55.164773]}},{"type":"Feature","properties":{"elevation":44},"geometry":{"type":"Point","coordinates":[-1.715328,55.164773]}},{"type":"Feature","properties":{"elevation":58},"geometry":{"type":"Point","coordinates":[-1.695328,55.164773]}},{"type":"Feature","properties":{"elevation":52},"geometry":{"type":"Point","coordinates":[-1.675328,55.164773]}},{"type":"Feature","properties":{"elevation":48},"geometry":{"type":"Point","coordinates":[-1.655328,55.164773]}},{"type":"Feature","properties":{"elevation":49},"geometry":{"type":"Point","coordinates":[-1.635328,55.164773]}},{"type":"Feature","properties":{"elevation":7},"geometry":{"type":"Point","coordinates":[-1.615328,55.164773]}},{"type":"Feature","properties":{"elevation":32},"geometry":{"type":"Point","coordinates":[-1.595328,55.164773]}},{"type":"Feature","properties":{"elevation":23},"geometry":{"type":"Point","coordinates":[-1.575328,55.164773]}},{"type":"Feature","properties":{"elevation":8},"geometry":{"type":"Point","coordinates":[-1.555328,55.164773]}},{"type":"Feature","properties":{"elevation":18},"geometry":{"type":"Point","coordinates":[-1.535328,55.164773]}},{"type":"Feature","properties":{"elevation":0},"geometry":{"type":"Point","coordinates":[-1.515328,55.164773]}},{"type":"Feature","properties":{"elevation":0},"geometry":{"type":"Point","coordinates":[-1.495328,55.164773]}},{"type":"Feature","properties":{"elevation":0},"geometry":{"type":"Point","coordinates":[-1.475328,55.164773]}},{"type":"Feature","properties":{"elevation":0},"geometry":{"type":"Point","coordinates":[-1.455328,55.164773]}},{"type":"Feature","properties":{"elevation":0},"geometry":{"type":"Point","coordinates":[-1.435328,55.164773]}},{"type":"Feature","properties":{"elevation":0},"geometry":{"type":"Point","coordinates":[-1.415328,55.164773]}},{"type":"Feature","properties":{"elevation":0},"geometry":{"type":"Point","coordinates":[-1.395328,55.164773]}},{"type":"Feature","properties":{"elevation":0},"geometry":{"type":"Point","coordinates":[-1.375328,55.164773]}},{"type":"Feature","properties":{"elevation":0},"geometry":{"type":"Point","coordinates":[-1.355328,55.164773]}},{"type":"Feature","properties":{"elevation":0},"geometry":{"type":"Point","coordinates":[-1.335328,55.164773]}},{"type":"Feature","properties":{"elevation":0},"geometry":{"type":"Point","coordinates":[-1.315328,55.164773]}},{"type":"Feature","properties":{"elevation":0},"geometry":{"type":"Point","coordinates":[-1.295328,55.164773]}},{"type":"Feature","properties":{"elevation":0},"geometry":{"type":"Point","coordinates":[-1.275328,55.164773]}},{"type":"Feature","properties":{"elevation":0},"geometry":{"type":"Point","coordinates":[-1.255328,55.164773]}},{"type":"Feature","properties":{"elevation":0},"geometry":{"type":"Point","coordinates":[-1.235328,55.164773]}},{"type":"Feature","properties":{"elevation":0},"geometry":{"type":"Point","coordinates":[-1.215328,55.164773]}},{"type":"Feature","properties":{"elevation":0},"geometry":{"type":"Point","coordinates":[-1.195328,55.164773]}},{"type":"Feature","properties":{"elevation":0},"geometry":{"type":"Point","coordinates":[-1.175328,55.164773]}},{"type":"Feature","properties":{"elevation":0},"geometry":{"type":"Point","coordinates":[-1.155328,55.164773]}},{"type":"Feature","properties":{"elevation":0},"geometry":{"type":"Point","coordinates":[-1.135328,55.164773]}},{"type":"Feature","properties":{"elevation":0},"geometry":{"type":"Point","coordinates":[-1.115328,55.164773]}},{"type":"Feature","properties":{"elevation":0},"geometry":{"type":"Point","coordinates":[-1.095328,55.164773]}},{"type":"Feature","properties":{"elevation":184},"geometry":{"type":"Point","coordinates":[-1.975328,55.184773]}},{"type":"Feature","properties":{"elevation":174},"geometry":{"type":"Point","coordinates":[-1.955328,55.184773]}},{"type":"Feature","properties":{"elevation":169},"geometry":{"type":"Point","coordinates":[-1.935328,55.184773]}},{"type":"Feature","properties":{"elevation":170},"geometry":{"type":"Point","coordinates":[-1.915328,55.184773]}},{"type":"Feature","properties":{"elevation":151},"geometry":{"type":"Point","coordinates":[-1.895328,55.184773]}},{"type":"Feature","properties":{"elevation":141},"geometry":{"type":"Point","coordinates":[-1.875328,55.184773]}},{"type":"Feature","properties":{"elevation":140},"geometry":{"type":"Point","coordinates":[-1.855328,55.184773]}},{"type":"Feature","properties":{"elevation":149},"geometry":{"type":"Point","coordinates":[-1.835328,55.184773]}},{"type":"Feature","properties":{"elevation":136},"geometry":{"type":"Point","coordinates":[-1.815328,55.184773]}},{"type":"Feature","properties":{"elevation":106},"geometry":{"type":"Point","coordinates":[-1.795328,55.184773]}},{"type":"Feature","properties":{"elevation":107},"geometry":{"type":"Point","coordinates":[-1.775328,55.184773]}},{"type":"Feature","properties":{"elevation":101},"geometry":{"type":"Point","coordinates":[-1.755328,55.184773]}},{"type":"Feature","properties":{"elevation":86},"geometry":{"type":"Point","coordinates":[-1.735328,55.184773]}},{"type":"Feature","properties":{"elevation":79},"geometry":{"type":"Point","coordinates":[-1.715328,55.184773]}},{"type":"Feature","properties":{"elevation":70},"geometry":{"type":"Point","coordinates":[-1.695328,55.184773]}},{"type":"Feature","properties":{"elevation":70},"geometry":{"type":"Point","coordinates":[-1.675328,55.184773]}},{"type":"Feature","properties":{"elevation":60},"geometry":{"type":"Point","coordinates":[-1.655328,55.184773]}},{"type":"Feature","properties":{"elevation":42},"geometry":{"type":"Point","coordinates":[-1.635328,55.184773]}},{"type":"Feature","properties":{"elevation":35},"geometry":{"type":"Point","coordinates":[-1.615328,55.184773]}},{"type":"Feature","properties":{"elevation":34},"geometry":{"type":"Point","coordinates":[-1.595328,55.184773]}},{"type":"Feature","properties":{"elevation":40},"geometry":{"type":"Point","coordinates":[-1.575328,55.184773]}},{"type":"Feature","properties":{"elevation":33},"geometry":{"type":"Point","coordinates":[-1.555328,55.184773]}},{"type":"Feature","properties":{"elevation":13},"geometry":{"type":"Point","coordinates":[-1.535328,55.184773]}},{"type":"Feature","properties":{"elevation":13},"geometry":{"type":"Point","coordinates":[-1.515328,55.184773]}},{"type":"Feature","properties":{"elevation":0},"geometry":{"type":"Point","coordinates":[-1.495328,55.184773]}},{"type":"Feature","properties":{"elevation":0},"geometry":{"type":"Point","coordinates":[-1.475328,55.184773]}},{"type":"Feature","properties":{"elevation":0},"geometry":{"type":"Point","coordinates":[-1.455328,55.184773]}},{"type":"Feature","properties":{"elevation":0},"geometry":{"type":"Point","coordinates":[-1.435328,55.184773]}},{"type":"Feature","properties":{"elevation":0},"geometry":{"type":"Point","coordinates":[-1.415328,55.184773]}},{"type":"Feature","properties":{"elevation":0},"geometry":{"type":"Point","coordinates":[-1.395328,55.184773]}},{"type":"Feature","properties":{"elevation":0},"geometry":{"type":"Point","coordinates":[-1.375328,55.184773]}},{"type":"Feature","properties":{"elevation":0},"geometry":{"type":"Point","coordinates":[-1.355328,55.184773]}},{"type":"Feature","properties":{"elevation":0},"geometry":{"type":"Point","coordinates":[-1.335328,55.184773]}},{"type":"Feature","properties":{"elevation":0},"geometry":{"type":"Point","coordinates":[-1.315328,55.184773]}},{"type":"Feature","properties":{"elevation":0},"geometry":{"type":"Point","coordinates":[-1.295328,55.184773]}},{"type":"Feature","properties":{"elevation":0},"geometry":{"type":"Point","coordinates":[-1.275328,55.184773]}},{"type":"Feature","properties":{"elevation":0},"geometry":{"type":"Point","coordinates":[-1.255328,55.184773]}},{"type":"Feature","properties":{"elevation":0},"geometry":{"type":"Point","coordinates":[-1.235328,55.184773]}},{"type":"Feature","properties":{"elevation":0},"geometry":{"type":"Point","coordinates":[-1.215328,55.184773]}},{"type":"Feature","properties":{"elevation":0},"geometry":{"type":"Point","coordinates":[-1.195328,55.184773]}},{"type":"Feature","properties":{"elevation":0},"geometry":{"type":"Point","coordinates":[-1.175328,55.184773]}},{"type":"Feature","properties":{"elevation":0},"geometry":{"type":"Point","coordinates":[-1.155328,55.184773]}},{"type":"Feature","properties":{"elevation":0},"geometry":{"type":"Point","coordinates":[-1.135328,55.184773]}},{"type":"Feature","properties":{"elevation":0},"geometry":{"type":"Point","coordinates":[-1.115328,55.184773]}},{"type":"Feature","properties":{"elevation":197},"geometry":{"type":"Point","coordinates":[-1.915328,55.204773]}},{"type":"Feature","properties":{"elevation":180},"geometry":{"type":"Point","coordinates":[-1.895328,55.204773]}},{"type":"Feature","properties":{"elevation":148},"geometry":{"type":"Point","coordinates":[-1.875328,55.204773]}},{"type":"Feature","properties":{"elevation":115},"geometry":{"type":"Point","coordinates":[-1.855328,55.204773]}},{"type":"Feature","properties":{"elevation":97},"geometry":{"type":"Point","coordinates":[-1.835328,55.204773]}},{"type":"Feature","properties":{"elevation":95},"geometry":{"type":"Point","coordinates":[-1.815328,55.204773]}},{"type":"Feature","properties":{"elevation":114},"geometry":{"type":"Point","coordinates":[-1.795328,55.204773]}},{"type":"Feature","properties":{"elevation":118},"geometry":{"type":"Point","coordinates":[-1.775328,55.204773]}},{"type":"Feature","properties":{"elevation":101},"geometry":{"type":"Point","coordinates":[-1.755328,55.204773]}},{"type":"Feature","properties":{"elevation":116},"geometry":{"type":"Point","coordinates":[-1.735328,55.204773]}},{"type":"Feature","properties":{"elevation":107},"geometry":{"type":"Point","coordinates":[-1.715328,55.204773]}},{"type":"Feature","properties":{"elevation":113},"geometry":{"type":"Point","coordinates":[-1.695328,55.204773]}},{"type":"Feature","properties":{"elevation":87},"geometry":{"type":"Point","coordinates":[-1.675328,55.204773]}},{"type":"Feature","properties":{"elevation":60},"geometry":{"type":"Point","coordinates":[-1.655328,55.204773]}},{"type":"Feature","properties":{"elevation":45},"geometry":{"type":"Point","coordinates":[-1.635328,55.204773]}},{"type":"Feature","properties":{"elevation":31},"geometry":{"type":"Point","coordinates":[-1.615328,55.204773]}},{"type":"Feature","properties":{"elevation":20},"geometry":{"type":"Point","coordinates":[-1.595328,55.204773]}},{"type":"Feature","properties":{"elevation":20},"geometry":{"type":"Point","coordinates":[-1.575328,55.204773]}},{"type":"Feature","properties":{"elevation":22},"geometry":{"type":"Point","coordinates":[-1.555328,55.204773]}},{"type":"Feature","properties":{"elevation":20},"geometry":{"type":"Point","coordinates":[-1.535328,55.204773]}},{"type":"Feature","properties":{"elevation":0},"geometry":{"type":"Point","coordinates":[-1.515328,55.204773]}},{"type":"Feature","properties":{"elevation":0},"geometry":{"type":"Point","coordinates":[-1.495328,55.204773]}},{"type":"Feature","properties":{"elevation":0},"geometry":{"type":"Point","coordinates":[-1.475328,55.204773]}},{"type":"Feature","properties":{"elevation":0},"geometry":{"type":"Point","coordinates":[-1.455328,55.204773]}},{"type":"Feature","properties":{"elevation":0},"geometry":{"type":"Point","coordinates":[-1.435328,55.204773]}},{"type":"Feature","properties":{"elevation":0},"geometry":{"type":"Point","coordinates":[-1.415328,55.204773]}},{"type":"Feature","properties":{"elevation":0},"geometry":{"type":"Point","coordinates":[-1.395328,55.204773]}},{"type":"Feature","properties":{"elevation":0},"geometry":{"type":"Point","coordinates":[-1.375328,55.204773]}},{"type":"Feature","properties":{"elevation":0},"geometry":{"type":"Point","coordinates":[-1.355328,55.204773]}},{"type":"Feature","properties":{"elevation":0},"geometry":{"type":"Point","coordinates":[-1.335328,55.204773]}},{"type":"Feature","properties":{"elevation":0},"geometry":{"type":"Point","coordinates":[-1.315328,55.204773]}},{"type":"Feature","properties":{"elevation":0},"geometry":{"type":"Point","coordinates":[-1.295328,55.204773]}},{"type":"Feature","properties":{"elevation":0},"geometry":{"type":"Point","coordinates":[-1.275328,55.204773]}},{"type":"Feature","properties":{"elevation":0},"geometry":{"type":"Point","coordinates":[-1.255328,55.204773]}},{"type":"Feature","properties":{"elevation":0},"geometry":{"type":"Point","coordinates":[-1.235328,55.204773]}},{"type":"Feature","properties":{"elevation":0},"geometry":{"type":"Point","coordinates":[-1.215328,55.204773]}},{"type":"Feature","properties":{"elevation":0},"geometry":{"type":"Point","coordinates":[-1.195328,55.204773]}},{"type":"Feature","properties":{"elevation":0},"geometry":{"type":"Point","coordinates":[-1.175328,55.204773]}},{"type":"Feature","properties":{"elevation":0},"geometry":{"type":"Point","coordinates":[-1.155328,55.204773]}},{"type":"Feature","properties":{"elevation":132},"geometry":{"type":"Point","coordinates":[-1.855328,55.224773]}},{"type":"Feature","properties":{"elevation":154},"geometry":{"type":"Point","coordinates":[-1.835328,55.224773]}},{"type":"Feature","properties":{"elevation":158},"geometry":{"type":"Point","coordinates":[-1.815328,55.224773]}},{"type":"Feature","properties":{"elevation":150},"geometry":{"type":"Point","coordinates":[-1.795328,55.224773]}},{"type":"Feature","properties":{"elevation":155},"geometry":{"type":"Point","coordinates":[-1.775328,55.224773]}},{"type":"Feature","properties":{"elevation":165},"geometry":{"type":"Point","coordinates":[-1.755328,55.224773]}},{"type":"Feature","properties":{"elevation":129},"geometry":{"type":"Point","coordinates":[-1.735328,55.224773]}},{"type":"Feature","properties":{"elevation":88},"geometry":{"type":"Point","coordinates":[-1.715328,55.224773]}},{"type":"Feature","properties":{"elevation":77},"geometry":{"type":"Point","coordinates":[-1.695328,55.224773]}},{"type":"Feature","properties":{"elevation":68},"geometry":{"type":"Point","coordinates":[-1.675328,55.224773]}},{"type":"Feature","properties":{"elevation":56},"geometry":{"type":"Point","coordinates":[-1.655328,55.224773]}},{"type":"Feature","properties":{"elevation":53},"geometry":{"type":"Point","coordinates":[-1.635328,55.224773]}},{"type":"Feature","properties":{"elevation":43},"geometry":{"type":"Point","coordinates":[-1.615328,55.224773]}},{"type":"Feature","properties":{"elevation":23},"geometry":{"type":"Point","coordinates":[-1.595328,55.224773]}},{"type":"Feature","properties":{"elevation":18},"geometry":{"type":"Point","coordinates":[-1.575328,55.224773]}},{"type":"Feature","properties":{"elevation":25},"geometry":{"type":"Point","coordinates":[-1.555328,55.224773]}},{"type":"Feature","properties":{"elevation":23},"geometry":{"type":"Point","coordinates":[-1.535328,55.224773]}},{"type":"Feature","properties":{"elevation":0},"geometry":{"type":"Point","coordinates":[-1.515328,55.224773]}},{"type":"Feature","properties":{"elevation":0},"geometry":{"type":"Point","coordinates":[-1.495328,55.224773]}},{"type":"Feature","properties":{"elevation":0},"geometry":{"type":"Point","coordinates":[-1.475328,55.224773]}},{"type":"Feature","properties":{"elevation":0},"geometry":{"type":"Point","coordinates":[-1.455328,55.224773]}},{"type":"Feature","properties":{"elevation":0},"geometry":{"type":"Point","coordinates":[-1.435328,55.224773]}},{"type":"Feature","properties":{"elevation":0},"geometry":{"type":"Point","coordinates":[-1.415328,55.224773]}},{"type":"Feature","properties":{"elevation":0},"geometry":{"type":"Point","coordinates":[-1.395328,55.224773]}},{"type":"Feature","properties":{"elevation":0},"geometry":{"type":"Point","coordinates":[-1.375328,55.224773]}},{"type":"Feature","properties":{"elevation":0},"geometry":{"type":"Point","coordinates":[-1.355328,55.224773]}},{"type":"Feature","properties":{"elevation":0},"geometry":{"type":"Point","coordinates":[-1.335328,55.224773]}},{"type":"Feature","properties":{"elevation":0},"geometry":{"type":"Point","coordinates":[-1.315328,55.224773]}},{"type":"Feature","properties":{"elevation":0},"geometry":{"type":"Point","coordinates":[-1.295328,55.224773]}},{"type":"Feature","properties":{"elevation":0},"geometry":{"type":"Point","coordinates":[-1.275328,55.224773]}},{"type":"Feature","properties":{"elevation":0},"geometry":{"type":"Point","coordinates":[-1.255328,55.224773]}},{"type":"Feature","properties":{"elevation":0},"geometry":{"type":"Point","coordinates":[-1.235328,55.224773]}},{"type":"Feature","properties":{"elevation":0},"geometry":{"type":"Point","coordinates":[-1.215328,55.224773]}},{"type":"Feature","properties":{"elevation":0},"geometry":{"type":"Point","coordinates":[-1.195328,55.224773]}},{"type":"Feature","properties":{"elevation":0},"geometry":{"type":"Point","coordinates":[-1.175328,55.224773]}},{"type":"Feature","properties":{"elevation":139},"geometry":{"type":"Point","coordinates":[-1.795328,55.244773]}},{"type":"Feature","properties":{"elevation":129},"geometry":{"type":"Point","coordinates":[-1.775328,55.244773]}},{"type":"Feature","properties":{"elevation":99},"geometry":{"type":"Point","coordinates":[-1.755328,55.244773]}},{"type":"Feature","properties":{"elevation":102},"geometry":{"type":"Point","coordinates":[-1.735328,55.244773]}},{"type":"Feature","properties":{"elevation":91},"geometry":{"type":"Point","coordinates":[-1.715328,55.244773]}},{"type":"Feature","properties":{"elevation":92},"geometry":{"type":"Point","coordinates":[-1.695328,55.244773]}},{"type":"Feature","properties":{"elevation":78},"geometry":{"type":"Point","coordinates":[-1.675328,55.244773]}},{"type":"Feature","properties":{"elevation":53},"geometry":{"type":"Point","coordinates":[-1.655328,55.244773]}},{"type":"Feature","properties":{"elevation":53},"geometry":{"type":"Point","coordinates":[-1.635328,55.244773]}},{"type":"Feature","properties":{"elevation":43},"geometry":{"type":"Point","coordinates":[-1.615328,55.244773]}},{"type":"Feature","properties":{"elevation":28},"geometry":{"type":"Point","coordinates":[-1.595328,55.244773]}},{"type":"Feature","properties":{"elevation":11},"geometry":{"type":"Point","coordinates":[-1.575328,55.244773]}},{"type":"Feature","properties":{"elevation":4},"geometry":{"type":"Point","coordinates":[-1.555328,55.244773]}},{"type":"Feature","properties":{"elevation":0},"geometry":{"type":"Point","coordinates":[-1.535328,55.244773]}},{"type":"Feature","properties":{"elevation":0},"geometry":{"type":"Point","coordinates":[-1.515328,55.244773]}},{"type":"Feature","properties":{"elevation":0},"geometry":{"type":"Point","coordinates":[-1.495328,55.244773]}},{"type":"Feature","properties":{"elevation":0},"geometry":{"type":"Point","coordinates":[-1.475328,55.244773]}},{"type":"Feature","properties":{"elevation":0},"geometry":{"type":"Point","coordinates":[-1.455328,55.244773]}},{"type":"Feature","properties":{"elevation":0},"geometry":{"type":"Point","coordinates":[-1.435328,55.244773]}},{"type":"Feature","properties":{"elevation":0},"geometry":{"type":"Point","coordinates":[-1.415328,55.244773]}},{"type":"Feature","properties":{"elevation":0},"geometry":{"type":"Point","coordinates":[-1.395328,55.244773]}},{"type":"Feature","properties":{"elevation":0},"geometry":{"type":"Point","coordinates":[-1.375328,55.244773]}},{"type":"Feature","properties":{"elevation":0},"geometry":{"type":"Point","coordinates":[-1.355328,55.244773]}},{"type":"Feature","properties":{"elevation":0},"geometry":{"type":"Point","coordinates":[-1.335328,55.244773]}},{"type":"Feature","properties":{"elevation":0},"geometry":{"type":"Point","coordinates":[-1.315328,55.244773]}},{"type":"Feature","properties":{"elevation":0},"geometry":{"type":"Point","coordinates":[-1.295328,55.244773]}},{"type":"Feature","properties":{"elevation":0},"geometry":{"type":"Point","coordinates":[-1.275328,55.244773]}},{"type":"Feature","properties":{"elevation":0},"geometry":{"type":"Point","coordinates":[-1.255328,55.244773]}},{"type":"Feature","properties":{"elevation":0},"geometry":{"type":"Point","coordinates":[-1.235328,55.244773]}},{"type":"Feature","properties":{"elevation":0},"geometry":{"type":"Point","coordinates":[-1.215328,55.244773]}},{"type":"Feature","properties":{"elevation":31},"geometry":{"type":"Point","coordinates":[-1.635328,55.264773]}},{"type":"Feature","properties":{"elevation":27},"geometry":{"type":"Point","coordinates":[-1.615328,55.264773]}},{"type":"Feature","properties":{"elevation":17},"geometry":{"type":"Point","coordinates":[-1.595328,55.264773]}},{"type":"Feature","properties":{"elevation":6},"geometry":{"type":"Point","coordinates":[-1.575328,55.264773]}},{"type":"Feature","properties":{"elevation":0},"geometry":{"type":"Point","coordinates":[-1.555328,55.264773]}},{"type":"Feature","properties":{"elevation":0},"geometry":{"type":"Point","coordinates":[-1.535328,55.264773]}},{"type":"Feature","properties":{"elevation":0},"geometry":{"type":"Point","coordinates":[-1.515328,55.264773]}},{"type":"Feature","properties":{"elevation":0},"geometry":{"type":"Point","coordinates":[-1.495328,55.264773]}},{"type":"Feature","properties":{"elevation":0},"geometry":{"type":"Point","coordinates":[-1.475328,55.264773]}},{"type":"Feature","properties":{"elevation":0},"geometry":{"type":"Point","coordinates":[-1.455328,55.264773]}},{"type":"Feature","properties":{"elevation":0},"geometry":{"type":"Point","coordinates":[-1.435328,55.264773]}},{"type":"Feature","properties":{"elevation":0},"geometry":{"type":"Point","coordinates":[-1.415328,55.264773]}},{"type":"Feature","properties":{"elevation":0},"geometry":{"type":"Point","coordinates":[-1.395328,55.264773]}},{"type":"Feature","properties":{"elevation":0},"geometry":{"type":"Point","coordinates":[-1.375328,55.264773]}},{"type":"Feature","properties":{"elevation":0},"geometry":{"type":"Point","coordinates":[-1.355328,55.264773]}},{"type":"Feature","properties":{"elevation":0},"geometry":{"type":"Point","coordinates":[-1.335328,55.264773]}},{"type":"Feature","properties":{"elevation":0},"geometry":{"type":"Point","coordinates":[-1.315328,55.264773]}},{"type":"Feature","properties":{"elevation":0},"geometry":{"type":"Point","coordinates":[-1.295328,55.264773]}},{"type":"Feature","properties":{"elevation":0},"geometry":{"type":"Point","coordinates":[-1.275328,55.264773]}},{"type":"Feature","properties":{"elevation":0},"geometry":{"type":"Point","coordinates":[-1.535328,55.284773]}},{"type":"Feature","properties":{"elevation":0},"geometry":{"type":"Point","coordinates":[-1.515328,55.284773]}},{"type":"Feature","properties":{"elevation":0},"geometry":{"type":"Point","coordinates":[-1.495328,55.284773]}},{"type":"Feature","properties":{"elevation":0},"geometry":{"type":"Point","coordinates":[-1.475328,55.284773]}},{"type":"Feature","properties":{"elevation":0},"geometry":{"type":"Point","coordinates":[-1.455328,55.284773]}},{"type":"Feature","properties":{"elevation":0},"geometry":{"type":"Point","coordinates":[-1.435328,55.284773]}},{"type":"Feature","properties":{"elevation":0},"geometry":{"type":"Point","coordinates":[-1.415328,55.284773]}},{"type":"Feature","properties":{"elevation":0},"geometry":{"type":"Point","coordinates":[-1.395328,55.284773]}},{"type":"Feature","properties":{"elevation":0},"geometry":{"type":"Point","coordinates":[-1.375328,55.284773]}}]}
