{"type":"FeatureCollection","features":[{"type":"Feature","properties":{"name":"High-Speed Train Line","osmWayId":"_fullGeom198655152","purposeBuilt":false,"routeNames":["East Coast Main Line","GR C","GR B","GR D","GR HC","GR NL","Lumo: London King's Cross => Newcastle","Lumo: London King's Cross => Edinburgh Waverley (weekday late nights)","Lumo: London King's Cross => Edinburgh Waverley","Lumo: London King's Cross => Glasgow Queen Street"]},"geometry":{"type":"LineString","coordinates":[[-1.5024209,54.650715],[-1.5023067,54.6510744],[-1.5022374,54.6512925],[-1.5020216,54.6520043],[-1.5019219,54.6524187],[-1.501832,54.6528827],[-1.5017895,54.653127],[-1.5017622,54.6533709],[-1.5017166,54.6538349],[-1.5017089,54.6543554],[-1.5017438,54.6549291]]}},{"type":"Feature","properties":{"name":"High-Speed Train Line","osmWayId":"_fullGeom286249792","purposeBuilt":false,"routeNames":["East Coast Main Line","GR C","GR B","GR D","GR HC","GR NL","Lumo: London King's Cross => Newcastle","Lumo: London King's Cross => Edinburgh Waverley (weekday late nights)","Lumo: London King's Cross => Edinburgh Waverley","Lumo: London King's Cross => Glasgow Queen Street"]},"geometry":{"type":"LineString","coordinates":[[-1.5017438,54.6549291],[-1.5017551,54.655045]]}},{"type":"Feature","properties":{"name":"High-Speed Train Line","osmWayId":"_fullGeom286249793","purposeBuilt":false,"routeNames":["East Coast Main Line","GR C","GR B","GR D","GR HC","GR NL","Lumo: London King's Cross => Newcastle","Lumo: London King's Cross => Edinburgh Waverley (weekday late nights)","Lumo: London King's Cross => Edinburgh Waverley","Lumo: London King's Cross => Glasgow Queen Street"]},"geometry":{"type":"LineString","coordinates":[[-1.5017551,54.655045],[-1.5018007,54.6553953],[-1.5019434,54.6560904],[-1.5020464,54.6564713],[-1.5022208,54.6569958],[-1.5024307,54.6575198],[-1.5026465,54.6579786],[-1.5030129,54.658669],[-1.5032583,54.659051],[-1.5035579,54.6594618],[-1.5039093,54.6599212],[-1.5043285,54.6604215],[-1.5047639,54.6608833],[-1.5052617,54.6613648],[-1.5053782,54.6614699],[-1.50577,54.6618233],[-1.5063832,54.6623219],[-1.5068982,54.6627106],[-1.5076535,54.663217]]}},{"type":"Feature","properties":{"name":"High-Speed Train Line","osmWayId":"_fullGeom368536692","purposeBuilt":false,"routeNames":["East Coast Main Line","GR C","GR B","GR D","GR HC","GR NL","Lumo: London King's Cross => Newcastle","Lumo: London King's Cross => Edinburgh Waverley (weekday late nights)","Lumo: London King's Cross => Edinburgh Waverley","Lumo: London King's Cross => Glasgow Queen Street"]},"geometry":{"type":"LineString","coordinates":[[-1.5076535,54.663217],[-1.5083265,54.6636326],[-1.5086739,54.6638289],[-1.5090486,54.6640227],[-1.509464,54.6642385],[-1.5099251,54.6644568],[-1.5106051,54.6647563],[-1.5113843,54.6650596],[-1.5137139,54.665863],[-1.5144658,54.6661057],[-1.5160667,54.6666536],[-1.51652,54.6668257],[-1.516975,54.6670006],[-1.5173754,54.6671771],[-1.5175961,54.6672669],[-1.5178062,54.6673576],[-1.5186504,54.6677442],[-1.5194722,54.6681444],[-1.5198736,54.6683429],[-1.5202796,54.6685604],[-1.5210478,54.6689781],[-1.521481,54.6692378],[-1.5218869,54.6695088],[-1.5220881,54.6696424],[-1.522715,54.6700587],[-1.5237367,54.6708117],[-1.5239186,54.6709515],[-1.5247096,54.6715586],[-1.5251978,54.6719346]]}},{"type":"Feature","properties":{"name":"High-Speed Train Line","osmWayId":"_fullGeom368536691","purposeBuilt":false,"routeNames":["East Coast Main Line","GR C","GR B","GR D","GR HC","GR NL","Lumo: London King's Cross => Newcastle","Lumo: London King's Cross => Edinburgh Waverley (weekday late nights)","Lumo: London King's Cross => Edinburgh Waverley","Lumo: London King's Cross => Glasgow Queen Street"]},"geometry":{"type":"LineString","coordinates":[[-1.5251978,54.6719346],[-1.5262023,54.6727082],[-1.5271033,54.6734651]]}},{"type":"Feature","properties":{"name":"High-Speed Train Line","osmWayId":"_fullGeom814351407","purposeBuilt":false,"routeNames":["East Coast Main Line","GR C","GR B","GR D","GR HC","GR NL","Lumo: London King's Cross => Newcastle","Lumo: London King's Cross => Edinburgh Waverley (weekday late nights)","Lumo: London King's Cross => Edinburgh Waverley","Lumo: London King's Cross => Glasgow Queen Street"]},"geometry":{"type":"LineString","coordinates":[[-1.5271033,54.6734651],[-1.5271759,54.6735294]]}},{"type":"Feature","properties":{"name":"High-Speed Train Line","osmWayId":"_fullGeom3991658","purposeBuilt":false,"routeNames":["East Coast Main Line","GR C","GR B","GR D","GR HC","GR NL","Lumo: London King's Cross => Newcastle","Lumo: London King's Cross => Edinburgh Waverley (weekday late nights)","Lumo: London King's Cross => Edinburgh Waverley","Lumo: London King's Cross => Glasgow Queen Street"]},"geometry":{"type":"LineString","coordinates":[[-1.5271759,54.6735294],[-1.5276893,54.6740179],[-1.5280466,54.6743791],[-1.528156,54.6744988],[-1.5282326,54.6745826],[-1.5283828,54.6747553],[-1.528693,54.6751341],[-1.5290532,54.6756007],[-1.5293833,54.6760737],[-1.5296735,54.6765296],[-1.5299312,54.6769913],[-1.5300684,54.6772558],[-1.5301881,54.677512],[-1.5303161,54.677791],[-1.5304174,54.6780626],[-1.5305789,54.6785879],[-1.5307295,54.6791084],[-1.5308815,54.6798419],[-1.5310143,54.680586],[-1.5312281,54.6819897],[-1.5320819,54.6877086],[-1.533074,54.6943665],[-1.5334585,54.696952],[-1.5340566,54.7009737],[-1.5341967,54.7018234],[-1.5343785,54.7026739],[-1.5348003,54.7041272],[-1.5349665,54.7046952],[-1.5350693,54.7050725],[-1.5351664,54.7054693],[-1.5353012,54.706006],[-1.5353848,54.7064447],[-1.5354329,54.7068702],[-1.535443,54.707315],[-1.5354306,54.7077296],[-1.5354064,54.7080742],[-1.5353718,54.7083948],[-1.5352864,54.7090614]]}},{"type":"Feature","properties":{"name":"High-Speed Train Line","osmWayId":"_fullGeom814351419","purposeBuilt":false,"routeNames":["East Coast Main Line","GR C","GR B","GR D","GR HC","GR NL","Lumo: London King's Cross => Newcastle","Lumo: London King's Cross => Edinburgh Waverley (weekday late nights)","Lumo: London King's Cross => Edinburgh Waverley","Lumo: London King's Cross => Glasgow Queen Street"]},"geometry":{"type":"LineString","coordinates":[[-1.5352864,54.7090614],[-1.5352529,54.7092761]]}},{"type":"Feature","properties":{"name":"High-Speed Train Line","osmWayId":"_fullGeom814351418","purposeBuilt":false,"routeNames":["East Coast Main Line","GR C","GR B","GR D","GR HC","GR NL","Lumo: London King's Cross => Newcastle","Lumo: London King's Cross => Edinburgh Waverley (weekday late nights)","Lumo: London King's Cross => Edinburgh Waverley","Lumo: London King's Cross => Glasgow Queen Street"]},"geometry":{"type":"LineString","coordinates":[[-1.5352529,54.7092761],[-1.535143,54.7097848],[-1.5350934,54.7101567],[-1.5350261,54.7105293],[-1.5349961,54.7107618],[-1.5348378,54.7121252],[-1.5347987,54.7128989],[-1.5348278,54.7134281]]}},{"type":"Feature","properties":{"name":"High-Speed Train Line","osmWayId":"_fullGeom34947274","purposeBuilt":false,"routeNames":["East Coast Main Line","GR C","GR B","GR D","GR HC","GR NL","Lumo: London King's Cross => Newcastle","Lumo: London King's Cross => Edinburgh Waverley (weekday late nights)","Lumo: London King's Cross => Edinburgh Waverley","Lumo: London King's Cross => Glasgow Queen Street"]},"geometry":{"type":"LineString","coordinates":[[-1.5348278,54.7134281],[-1.5348385,54.7136476]]}},{"type":"Feature","properties":{"name":"High-Speed Train Line","osmWayId":"_fullGeom34947273","purposeBuilt":false,"routeNames":["East Coast Main Line","GR C","GR B","GR D","GR HC","GR NL","Lumo: London King's Cross => Newcastle","Lumo: London King's Cross => Edinburgh Waverley (weekday late nights)","Lumo: London King's Cross => Edinburgh Waverley","Lumo: London King's Cross => Glasgow Queen Street"]},"geometry":{"type":"LineString","coordinates":[[-1.5348385,54.7136476],[-1.5348477,54.7137185],[-1.5349016,54.7141482],[-1.5349773,54.7146016],[-1.5350724,54.7150379],[-1.5352173,54.7155281],[-1.5352979,54.7157431],[-1.5354009,54.7160178],[-1.5358154,54.7169337],[-1.5363399,54.7178172],[-1.5368565,54.7185638]]}},{"type":"Feature","properties":{"name":"High-Speed Train Line","osmWayId":"_fullGeom75766538","purposeBuilt":false,"routeNames":["East Coast Main Line","GR C","GR B","GR D","GR HC","GR NL","Lumo: London King's Cross => Newcastle","Lumo: London King's Cross => Edinburgh Waverley (weekday late nights)","Lumo: London King's Cross => Edinburgh Waverley","Lumo: London King's Cross => Glasgow Queen Street"]},"geometry":{"type":"LineString","coordinates":[[-1.5368565,54.7185638],[-1.536938,54.7186682]]}},{"type":"Feature","properties":{"name":"High-Speed Train Line","osmWayId":"_fullGeom75766664","purposeBuilt":false,"routeNames":["East Coast Main Line","GR C","GR B","GR D","GR HC","GR NL","Lumo: London King's Cross => Newcastle","Lumo: London King's Cross => Edinburgh Waverley (weekday late nights)","Lumo: London King's Cross => Edinburgh Waverley","Lumo: London King's Cross => Glasgow Queen Street"]},"geometry":{"type":"LineString","coordinates":[[-1.536938,54.7186682],[-1.5375277,54.7193557],[-1.537727,54.7195816],[-1.5381021,54.7200068],[-1.5388722,54.720722],[-1.5393327,54.7211102]]}},{"type":"Feature","properties":{"name":"High-Speed Train Line","osmWayId":"_fullGeom38088892","purposeBuilt":false,"routeNames":["East Coast Main Line","GR C","GR B","GR D","GR HC","GR NL","Lumo: London King's Cross => Newcastle","Lumo: London King's Cross => Edinburgh Waverley (weekday late nights)","Lumo: London King's Cross => Edinburgh Waverley","Lumo: London King's Cross => Glasgow Queen Street"]},"geometry":{"type":"LineString","coordinates":[[-1.5393327,54.7211102],[-1.5395865,54.721316]]}},{"type":"Feature","properties":{"name":"High-Speed Train Line","osmWayId":"_fullGeom38088891","purposeBuilt":false,"routeNames":["East Coast Main Line","GR C","GR B","GR D","GR HC","GR NL","Lumo: London King's Cross => Newcastle","Lumo: London King's Cross => Edinburgh Waverley (weekday late nights)","Lumo: London King's Cross => Edinburgh Waverley","Lumo: London King's Cross => Glasgow Queen Street"]},"geometry":{"type":"LineString","coordinates":[[-1.5395865,54.721316],[-1.5410715,54.7223961],[-1.5416077,54.7227335],[-1.5421842,54.7230717],[-1.5435664,54.7238221],[-1.5449272,54.7244472],[-1.5458544,54.7248116],[-1.5462278,54.7249583],[-1.5475404,54.7254361],[-1.5484333,54.7257475],[-1.5510982,54.7266852],[-1.5517163,54.726903]]}},{"type":"Feature","properties":{"name":"High-Speed Train Line","osmWayId":"_fullGeom797085032","purposeBuilt":false,"routeNames":["East Coast Main Line","GR C","GR B","GR D","GR HC","GR NL","Lumo: London King's Cross => Newcastle","Lumo: London King's Cross => Edinburgh Waverley (weekday late nights)","Lumo: London King's Cross => Edinburgh Waverley","Lumo: London King's Cross => Glasgow Queen Street"]},"geometry":{"type":"LineString","coordinates":[[-1.5517163,54.726903],[-1.5541407,54.7277422]]}},{"type":"Feature","properties":{"name":"High-Speed Train Line","osmWayId":"_fullGeom368538931","purposeBuilt":false,"routeNames":["East Coast Main Line","GR C","GR B","GR D","GR HC","GR NL","Lumo: London King's Cross => Newcastle","Lumo: London King's Cross => Edinburgh Waverley (weekday late nights)","Lumo: London King's Cross => Edinburgh Waverley","Lumo: London King's Cross => Glasgow Queen Street"]},"geometry":{"type":"LineString","coordinates":[[-1.5541407,54.7277422],[-1.5556567,54.7282669],[-1.5565312,54.7285658],[-1.5574987,54.728863],[-1.5579451,54.7289968],[-1.5584219,54.7291211],[-1.5589014,54.7292391],[-1.5594497,54.7293515],[-1.5603161,54.7295209],[-1.5612037,54.7296723],[-1.5618664,54.7297656],[-1.5624067,54.7298349],[-1.5634129,54.7299234],[-1.5644021,54.7299733],[-1.5651946,54.7300005],[-1.5659779,54.7300105],[-1.5672376,54.729976],[-1.5679162,54.729947],[-1.5686612,54.7298868],[-1.5699761,54.7297384],[-1.5710119,54.7295994],[-1.5722887,54.72942],[-1.5735113,54.7292563],[-1.5751697,54.729132],[-1.5756541,54.7291169],[-1.5762164,54.7291033],[-1.5773029,54.729113],[-1.5782339,54.7291465],[-1.5791918,54.7292059],[-1.5799265,54.7292735],[-1.5809856,54.7293994],[-1.5823758,54.7296327],[-1.5828842,54.7297408],[-1.5833659,54.7298479],[-1.5843434,54.7301039],[-1.5873764,54.7310049],[-1.5893464,54.7316173],[-1.5915835,54.732287]]}},{"type":"Feature","properties":{"name":"High-Speed Train Line","osmWayId":"_fullGeom4854172","purposeBuilt":false,"routeNames":["East Coast Main Line","GR C","GR B","GR D","GR HC","GR NL","Lumo: London King's Cross => Newcastle","Lumo: London King's Cross => Edinburgh Waverley (weekday late nights)","Lumo: London King's Cross => Edinburgh Waverley","Lumo: London King's Cross => Glasgow Queen Street"]},"geometry":{"type":"LineString","coordinates":[[-1.5915835,54.732287],[-1.5932423,54.7327842],[-1.5949763,54.7333121]]}},{"type":"Feature","properties":{"name":"High-Speed Train Line","osmWayId":"_fullGeom4004364","purposeBuilt":false,"routeNames":["East Coast Main Line","GR C","GR B","GR D","GR HC","GR NL","Lumo: London King's Cross => Newcastle","Lumo: London King's Cross => Edinburgh Waverley (weekday late nights)","Lumo: London King's Cross => Edinburgh Waverley","Lumo: London King's Cross => Glasgow Queen Street"]},"geometry":{"type":"LineString","coordinates":[[-1.5949763,54.7333121],[-1.5964488,54.7338198],[-1.5969101,54.7339957],[-1.5978799,54.7344143],[-1.5989284,54.7349399],[-1.59923,54.7351056]]}},{"type":"Feature","properties":{"name":"High-Speed Train Line","osmWayId":"_fullGeom34322507","purposeBuilt":false,"routeNames":["East Coast Main Line","GR C","GR B","GR D","GR HC","GR NL","Lumo: London King's Cross => Newcastle","Lumo: London King's Cross => Edinburgh Waverley (weekday late nights)","Lumo: London King's Cross => Edinburgh Waverley","Lumo: London King's Cross => Glasgow Queen Street"]},"geometry":{"type":"LineString","coordinates":[[-1.59923,54.7351056],[-1.599344,54.7351691]]}},{"type":"Feature","properties":{"name":"High-Speed Train Line","osmWayId":"_fullGeom34322496","purposeBuilt":false,"routeNames":["East Coast Main Line","GR C","GR B","GR D","GR HC","GR NL","Lumo: London King's Cross => Newcastle","Lumo: London King's Cross => Edinburgh Waverley (weekday late nights)","Lumo: London King's Cross => Edinburgh Waverley","Lumo: London King's Cross => Glasgow Queen Street"]},"geometry":{"type":"LineString","coordinates":[[-1.599344,54.7351691],[-1.5998193,54.7354517],[-1.6007821,54.7360905],[-1.6012729,54.7364592],[-1.6016906,54.7368007],[-1.6023681,54.7374139],[-1.6029638,54.73803],[-1.6034627,54.7386599],[-1.6039881,54.7394434],[-1.6043163,54.7400999],[-1.6044719,54.7404743],[-1.6047125,54.7412294]]}},{"type":"Feature","properties":{"name":"High-Speed Train Line","osmWayId":"_fullGeom111754165","purposeBuilt":false,"routeNames":["East Coast Main Line","GR C","GR B","GR D","GR HC","GR NL","Lumo: London King's Cross => Newcastle","Lumo: London King's Cross => Edinburgh Waverley (weekday late nights)","Lumo: London King's Cross => Edinburgh Waverley","Lumo: London King's Cross => Glasgow Queen Street"]},"geometry":{"type":"LineString","coordinates":[[-1.6047125,54.7412294],[-1.6047373,54.741336]]}},{"type":"Feature","properties":{"name":"High-Speed Train Line","osmWayId":"_fullGeom111754158","purposeBuilt":false,"routeNames":["East Coast Main Line","GR C","GR B","GR D","GR HC","GR NL","Lumo: London King's Cross => Newcastle","Lumo: London King's Cross => Edinburgh Waverley (weekday late nights)","Lumo: London King's Cross => Edinburgh Waverley","Lumo: London King's Cross => Glasgow Queen Street"]},"geometry":{"type":"LineString","coordinates":[[-1.6047373,54.741336],[-1.6050625,54.743324],[-1.6056219,54.7473049],[-1.6057095,54.7479352],[-1.6064963,54.7535948],[-1.6071011,54.7579123],[-1.6072024,54.7589329],[-1.6072045,54.7599344],[-1.6071766,54.7605282]]}},{"type":"Feature","properties":{"name":"High-Speed Train Line","osmWayId":"_fullGeom24377828","purposeBuilt":false,"routeNames":["East Coast Main Line","GR C","GR B","GR D","GR HC","GR NL","Lumo: London King's Cross => Newcastle","Lumo: London King's Cross => Edinburgh Waverley (weekday late nights)","Lumo: London King's Cross => Edinburgh Waverley","Lumo: London King's Cross => Glasgow Queen Street"]},"geometry":{"type":"LineString","coordinates":[[-1.6071766,54.7605282],[-1.6071623,54.7609992]]}},{"type":"Feature","properties":{"name":"High-Speed Train Line","osmWayId":"_fullGeom24377829","purposeBuilt":false,"routeNames":["East Coast Main Line","GR C","GR B","GR D","GR HC","GR NL","Lumo: London King's Cross => Newcastle","Lumo: London King's Cross => Edinburgh Waverley (weekday late nights)","Lumo: London King's Cross => Edinburgh Waverley","Lumo: London King's Cross => Glasgow Queen Street"]},"geometry":{"type":"LineString","coordinates":[[-1.6071623,54.7609992],[-1.6071275,54.7620878]]}},{"type":"Feature","properties":{"name":"High-Speed Train Line","osmWayId":"_fullGeom45822703","purposeBuilt":false,"routeNames":["East Coast Main Line","GR C","GR B","GR D","GR HC","GR NL","Lumo: London King's Cross => Newcastle","Lumo: London King's Cross => Edinburgh Waverley (weekday late nights)","Lumo: London King's Cross => Edinburgh Waverley","Lumo: London King's Cross => Glasgow Queen Street"]},"geometry":{"type":"LineString","coordinates":[[-1.6071275,54.7620878],[-1.6070679,54.7633074]]}},{"type":"Feature","properties":{"name":"High-Speed Train Line","osmWayId":"_fullGeom45822704","purposeBuilt":false,"routeNames":["East Coast Main Line","GR C","GR B","GR D","GR HC","GR NL","Lumo: London King's Cross => Newcastle","Lumo: London King's Cross => Edinburgh Waverley (weekday late nights)","Lumo: London King's Cross => Edinburgh Waverley","Lumo: London King's Cross => Glasgow Queen Street"]},"geometry":{"type":"LineString","coordinates":[[-1.6070679,54.7633074],[-1.607069,54.7635677],[-1.6070348,54.7644377]]}},{"type":"Feature","properties":{"name":"High-Speed Train Line","osmWayId":"_fullGeom797085031","purposeBuilt":false,"routeNames":["East Coast Main Line","GR C","GR B","GR D","GR HC","GR NL","Lumo: London King's Cross => Newcastle","Lumo: London King's Cross => Edinburgh Waverley (weekday late nights)","Lumo: London King's Cross => Edinburgh Waverley","Lumo: London King's Cross => Glasgow Queen Street"]},"geometry":{"type":"LineString","coordinates":[[-1.6070348,54.7644377],[-1.6069651,54.7655812],[-1.6069574,54.7660224],[-1.6069545,54.7661898],[-1.6069452,54.7667329]]}},{"type":"Feature","properties":{"name":"High-Speed Train Line","osmWayId":"_fullGeom368538935","purposeBuilt":false,"routeNames":["East Coast Main Line","GR C","GR B","GR D","GR HC","GR NL","Lumo: London King's Cross => Newcastle","Lumo: London King's Cross => Edinburgh Waverley (weekday late nights)","Lumo: London King's Cross => Edinburgh Waverley","Lumo: London King's Cross => Glasgow Queen Street"]},"geometry":{"type":"LineString","coordinates":[[-1.6069452,54.7667329],[-1.6069401,54.767514],[-1.6068446,54.7681705],[-1.6067058,54.7686198],[-1.6064882,54.7691359],[-1.6063212,54.7694117],[-1.6062384,54.7695282],[-1.6060426,54.769804],[-1.6057138,54.770219],[-1.6052683,54.7706325],[-1.6050844,54.7707905],[-1.6048135,54.7710049],[-1.604603,54.7711579],[-1.604405,54.7712955],[-1.6041601,54.7714509],[-1.6039432,54.7715819],[-1.603678,54.7717316],[-1.603291,54.7719299],[-1.6029671,54.7720836],[-1.6026546,54.7722178],[-1.6021957,54.7724004],[-1.6016391,54.7726071],[-1.60144,54.7726689]]}},{"type":"Feature","properties":{"name":"High-Speed Train Line","osmWayId":"_fullGeom23968305","purposeBuilt":false,"routeNames":["East Coast Main Line","GR C","GR B","GR D","GR HC","GR NL","Lumo: London King's Cross => Newcastle","Lumo: London King's Cross => Edinburgh Waverley (weekday late nights)","Lumo: London King's Cross => Edinburgh Waverley","Lumo: London King's Cross => Glasgow Queen Street"]},"geometry":{"type":"LineString","coordinates":[[-1.60144,54.7726689],[-1.6003495,54.7730383],[-1.5998446,54.7732001]]}},{"type":"Feature","properties":{"name":"High-Speed Train Line","osmWayId":"_fullGeom23968306","purposeBuilt":false,"routeNames":["East Coast Main Line","GR C","GR B","GR D","GR HC","GR NL","Lumo: London King's Cross => Newcastle","Lumo: London King's Cross => Edinburgh Waverley (weekday late nights)","Lumo: London King's Cross => Edinburgh Waverley","Lumo: London King's Cross => Glasgow Queen Street"]},"geometry":{"type":"LineString","coordinates":[[-1.5998446,54.7732001],[-1.5994093,54.7733424],[-1.5991482,54.7734187],[-1.5961788,54.7741986],[-1.590009,54.7757811]]}},{"type":"Feature","properties":{"name":"High-Speed Train Line","osmWayId":"_fullGeom746492941","purposeBuilt":false,"routeNames":["East Coast Main Line","GR C","GR B","GR D","GR HC","GR NL","Lumo: London King's Cross => Newcastle","Lumo: London King's Cross => Edinburgh Waverley (weekday late nights)","Lumo: London King's Cross => Edinburgh Waverley","Lumo: London King's Cross => Glasgow Queen Street"]},"geometry":{"type":"LineString","coordinates":[[-1.590009,54.7757811],[-1.5890032,54.7760497]]}},{"type":"Feature","properties":{"name":"High-Speed Train Line","osmWayId":"_fullGeom368538934","purposeBuilt":false,"routeNames":["East Coast Main Line","GR C","GR B","GR D","GR HC","GR NL","Lumo: London King's Cross => Newcastle","Lumo: London King's Cross => Edinburgh Waverley (weekday late nights)","Lumo: London King's Cross => Edinburgh Waverley","Lumo: London King's Cross => Glasgow Queen Street"]},"geometry":{"type":"LineString","coordinates":[[-1.5890032,54.7760497],[-1.5870453,54.7765581],[-1.5862291,54.7768191],[-1.5855702,54.7770764],[-1.5854321,54.7771303]]}},{"type":"Feature","properties":{"name":"High-Speed Train Line","osmWayId":"_fullGeom23967914","purposeBuilt":false,"routeNames":["East Coast Main Line","GR C","GR B","GR D","GR HC","GR NL","Lumo: London King's Cross => Newcastle","Lumo: London King's Cross => Edinburgh Waverley (weekday late nights)","Lumo: London King's Cross => Edinburgh Waverley","Lumo: London King's Cross => Glasgow Queen Street"]},"geometry":{"type":"LineString","coordinates":[[-1.5854321,54.7771303],[-1.5843187,54.7776648],[-1.5838989,54.7778815],[-1.5832932,54.7782364],[-1.5830116,54.7784321],[-1.5828158,54.778576]]}},{"type":"Feature","properties":{"name":"High-Speed Train Line","osmWayId":"_fullGeom797095858","purposeBuilt":false,"routeNames":["East Coast Main Line","GR C","GR B","GR D","GR HC","GR NL","Lumo: London King's Cross => Newcastle","Lumo: London King's Cross => Edinburgh Waverley (weekday late nights)","Lumo: London King's Cross => Edinburgh Waverley","Lumo: London King's Cross => Glasgow Queen Street"]},"geometry":{"type":"LineString","coordinates":[[-1.5828158,54.778576],[-1.5827398,54.7786341]]}},{"type":"Feature","properties":{"name":"High-Speed Train Line","osmWayId":"_fullGeom111699521","purposeBuilt":false,"routeNames":["East Coast Main Line","GR C","GR B","GR HC","GR NL","Lumo: London King's Cross => Newcastle","Lumo: London King's Cross => Edinburgh Waverley (weekday late nights)","Lumo: London King's Cross => Edinburgh Waverley","Lumo: London King's Cross => Glasgow Queen Street"]},"geometry":{"type":"LineString","coordinates":[[-1.5827398,54.7786341],[-1.5825288,54.7788103],[-1.5824036,54.778922],[-1.5810589,54.7802268]]}},{"type":"Feature","properties":{"name":"High-Speed Train Line","osmWayId":"_fullGeom797095857","purposeBuilt":false,"routeNames":["East Coast Main Line","GR C","GR B","GR HC","GR NL","Lumo: London King's Cross => Newcastle","Lumo: London King's Cross => Edinburgh Waverley (weekday late nights)","Lumo: London King's Cross => Edinburgh Waverley","Lumo: London King's Cross => Glasgow Queen Street"]},"geometry":{"type":"LineString","coordinates":[[-1.5810589,54.7802268],[-1.5806687,54.7806055]]}},{"type":"Feature","properties":{"name":"High-Speed Train Line","osmWayId":"_fullGeom111699522","purposeBuilt":false,"routeNames":["East Coast Main Line","GR C","GR B","GR HC","GR NL","Lumo: London King's Cross => Newcastle","Lumo: London King's Cross => Edinburgh Waverley (weekday late nights)","Lumo: London King's Cross => Edinburgh Waverley","Lumo: London King's Cross => Glasgow Queen Street"]},"geometry":{"type":"LineString","coordinates":[[-1.5803824,54.7808952],[-1.5806687,54.7806055]]}},{"type":"Feature","properties":{"name":"High-Speed Train Line","osmWayId":"_fullGeom24028673","purposeBuilt":false,"routeNames":["East Coast Main Line","GR C","GR B","GR HC","GR NL","Lumo: London King's Cross => Newcastle","Lumo: London King's Cross => Edinburgh Waverley (weekday late nights)","Lumo: London King's Cross => Edinburgh Waverley","Lumo: London King's Cross => Glasgow Queen Street"]},"geometry":{"type":"LineString","coordinates":[[-1.5782703,54.783141],[-1.5787387,54.7826147],[-1.5790515,54.7822716],[-1.5803824,54.7808952]]}},{"type":"Feature","properties":{"name":"High-Speed Train Line","osmWayId":"_fullGeom798939598","purposeBuilt":false,"routeNames":["East Coast Main Line","GR C","GR B","GR D","GR HC","GR NL","Lumo: London King's Cross => Newcastle","Lumo: London King's Cross => Edinburgh Waverley (weekday late nights)","Lumo: London King's Cross => Edinburgh Waverley","Lumo: London King's Cross => Glasgow Queen Street"]},"geometry":{"type":"LineString","coordinates":[[-1.5782703,54.783141],[-1.5775496,54.7839282],[-1.5758007,54.7858384],[-1.5750774,54.7866221],[-1.5743206,54.7874515],[-1.573271,54.7886019],[-1.5724693,54.7894817],[-1.572252,54.7897207]]}},{"type":"Feature","properties":{"name":"High-Speed Train Line","osmWayId":"_fullGeom3991659","purposeBuilt":false,"routeNames":["East Coast Main Line","GR C","GR B","GR D","GR HC","GR NL","Lumo: London King's Cross => Newcastle","Lumo: London King's Cross => Edinburgh Waverley (weekday late nights)","Lumo: London King's Cross => Edinburgh Waverley","Lumo: London King's Cross => Glasgow Queen Street"]},"geometry":{"type":"LineString","coordinates":[[-1.572252,54.7897207],[-1.5708764,54.7912333],[-1.5706419,54.791472],[-1.569915,54.7922119],[-1.5695251,54.7926224],[-1.569096,54.7930161],[-1.5687706,54.7932757],[-1.5684344,54.7935054],[-1.5677223,54.7939599],[-1.567263,54.7942596],[-1.5669396,54.7944698],[-1.5660932,54.7949736],[-1.5650889,54.7955595],[-1.5645944,54.7958641],[-1.5641327,54.7961727],[-1.5637128,54.7964782],[-1.5633568,54.79676],[-1.5629951,54.7970712],[-1.5626792,54.7973726],[-1.5624229,54.7976478],[-1.5623071,54.797787],[-1.5621955,54.7979263],[-1.5619793,54.7982097],[-1.5617734,54.7984927],[-1.561605,54.798767],[-1.5614512,54.7990515],[-1.5613073,54.799336],[-1.5611873,54.7996202],[-1.5610896,54.7999003],[-1.5610136,54.8001871],[-1.5609457,54.8004681],[-1.5609039,54.8007558],[-1.5608818,54.8009922],[-1.5608778,54.8012294],[-1.5608838,54.8017027],[-1.5608997,54.8019423],[-1.5609417,54.8021795],[-1.5609837,54.8024168],[-1.5610527,54.8026472],[-1.5611695,54.8030156],[-1.5613113,54.8033795],[-1.5613833,54.803558],[-1.5614752,54.8037388],[-1.561636,54.8040157],[-1.5616809,54.8040931],[-1.5618528,54.8043653],[-1.5620426,54.8046198],[-1.5622444,54.8048812],[-1.5624632,54.8051249],[-1.5628278,54.8055077],[-1.5632124,54.8058575]]}},{"type":"Feature","properties":{"name":"High-Speed Train Line","osmWayId":"_fullGeom5028233","purposeBuilt":false,"routeNames":["East Coast Main Line","GR C","GR B","GR D","GR HC","GR NL","Lumo: London King's Cross => Newcastle","Lumo: London King's Cross => Edinburgh Waverley (weekday late nights)","Lumo: London King's Cross => Edinburgh Waverley","Lumo: London King's Cross => Glasgow Queen Street"]},"geometry":{"type":"LineString","coordinates":[[-1.5632124,54.8058575],[-1.563544,54.8061503]]}},{"type":"Feature","properties":{"name":"High-Speed Train Line","osmWayId":"_fullGeom368577194","purposeBuilt":false,"routeNames":["East Coast Main Line","GR C","GR B","GR D","GR HC","GR NL","Lumo: London King's Cross => Newcastle","Lumo: London King's Cross => Edinburgh Waverley (weekday late nights)","Lumo: London King's Cross => Edinburgh Waverley","Lumo: London King's Cross => Glasgow Queen Street"]},"geometry":{"type":"LineString","coordinates":[[-1.563544,54.8061503],[-1.5639054,54.8064417],[-1.5646126,54.807003],[-1.5651789,54.8074242]]}},{"type":"Feature","properties":{"name":"High-Speed Train Line","osmWayId":"_fullGeom1243815876","purposeBuilt":false,"routeNames":["East Coast Main Line","GR C","GR B","GR D","GR HC","GR NL","Lumo: London King's Cross => Newcastle","Lumo: London King's Cross => Edinburgh Waverley (weekday late nights)","Lumo: London King's Cross => Edinburgh Waverley","Lumo: London King's Cross => Glasgow Queen Street"]},"geometry":{"type":"LineString","coordinates":[[-1.5651789,54.8074242],[-1.565311,54.8075225]]}},{"type":"Feature","properties":{"name":"High-Speed Train Line","osmWayId":"_fullGeom1243815874","purposeBuilt":false,"routeNames":["East Coast Main Line","GR C","GR B","GR D","GR HC","GR NL","Lumo: London King's Cross => Newcastle","Lumo: London King's Cross => Edinburgh Waverley (weekday late nights)","Lumo: London King's Cross => Edinburgh Waverley","Lumo: London King's Cross => Glasgow Queen Street"]},"geometry":{"type":"LineString","coordinates":[[-1.565311,54.8075225],[-1.566293,54.8083067]]}},{"type":"Feature","properties":{"name":"High-Speed Train Line","osmWayId":"_fullGeom797095856","purposeBuilt":false,"routeNames":["East Coast Main Line","GR C","GR B","GR D","GR HC","GR NL","Lumo: London King's Cross => Newcastle","Lumo: London King's Cross => Edinburgh Waverley (weekday late nights)","Lumo: London King's Cross => Edinburgh Waverley","Lumo: London King's Cross => Glasgow Queen Street"]},"geometry":{"type":"LineString","coordinates":[[-1.566293,54.8083067],[-1.5678408,54.8095241],[-1.5691517,54.8105597]]}},{"type":"Feature","properties":{"name":"High-Speed Train Line","osmWayId":"_fullGeom306135009","purposeBuilt":false,"routeNames":["East Coast Main Line","GR C","GR B","GR D","GR HC","GR NL","Lumo: London King's Cross => Newcastle","Lumo: London King's Cross => Edinburgh Waverley (weekday late nights)","Lumo: London King's Cross => Edinburgh Waverley","Lumo: London King's Cross => Glasgow Queen Street"]},"geometry":{"type":"LineString","coordinates":[[-1.5691517,54.8105597],[-1.5694015,54.8107371]]}},{"type":"Feature","properties":{"name":"High-Speed Train Line","osmWayId":"_fullGeom306135010","purposeBuilt":false,"routeNames":["East Coast Main Line","GR C","GR B","GR D","GR HC","GR NL","Lumo: London King's Cross => Newcastle","Lumo: London King's Cross => Edinburgh Waverley (weekday late nights)","Lumo: London King's Cross => Edinburgh Waverley","Lumo: London King's Cross => Glasgow Queen Street"]},"geometry":{"type":"LineString","coordinates":[[-1.5694015,54.8107371],[-1.5702344,54.8113871],[-1.5709135,54.8119272],[-1.5715531,54.8124636],[-1.5721365,54.8130013],[-1.5724122,54.813281],[-1.57267,54.8135597],[-1.57316,54.8141031],[-1.5739983,54.8151168]]}},{"type":"Feature","properties":{"name":"High-Speed Train Line","osmWayId":"_fullGeom5028232","purposeBuilt":false,"routeNames":["East Coast Main Line","GR C","GR B","GR D","GR HC","GR NL","Lumo: London King's Cross => Newcastle","Lumo: London King's Cross => Edinburgh Waverley (weekday late nights)","Lumo: London King's Cross => Edinburgh Waverley","Lumo: London King's Cross => Glasgow Queen Street"]},"geometry":{"type":"LineString","coordinates":[[-1.5739983,54.8151168],[-1.5743674,54.815552],[-1.5754218,54.816863],[-1.5760748,54.8176749]]}},{"type":"Feature","properties":{"name":"High-Speed Train Line","osmWayId":"_fullGeom63407469","purposeBuilt":false,"routeNames":["East Coast Main Line","GR C","GR B","GR D","GR HC","GR NL","Lumo: London King's Cross => Newcastle","Lumo: London King's Cross => Edinburgh Waverley (weekday late nights)","Lumo: London King's Cross => Edinburgh Waverley","Lumo: London King's Cross => Glasgow Queen Street"]},"geometry":{"type":"LineString","coordinates":[[-1.5760748,54.8176749],[-1.5773304,54.8192081],[-1.5785787,54.8207464],[-1.5793044,54.8216335],[-1.5800518,54.8226576],[-1.5800946,54.8227163]]}},{"type":"Feature","properties":{"name":"High-Speed Train Line","osmWayId":"_fullGeom23952988","purposeBuilt":false,"routeNames":["East Coast Main Line","GR C","GR B","GR D","GR HC","GR NL","Lumo: London King's Cross => Newcastle","Lumo: London King's Cross => Edinburgh Waverley (weekday late nights)","Lumo: London King's Cross => Edinburgh Waverley","Lumo: London King's Cross => Glasgow Queen Street"]},"geometry":{"type":"LineString","coordinates":[[-1.5800946,54.8227163],[-1.5803227,54.8230474],[-1.5805352,54.8233921],[-1.5807708,54.8238416]]}},{"type":"Feature","properties":{"name":"High-Speed Train Line","osmWayId":"_fullGeom31714900","purposeBuilt":false,"routeNames":["East Coast Main Line","GR C","GR B","GR D","GR HC","GR NL","Lumo: London King's Cross => Newcastle","Lumo: London King's Cross => Edinburgh Waverley (weekday late nights)","Lumo: London King's Cross => Edinburgh Waverley","Lumo: London King's Cross => Glasgow Queen Street"]},"geometry":{"type":"LineString","coordinates":[[-1.5807708,54.8238416],[-1.5809986,54.8242736],[-1.5812004,54.8247052],[-1.5814861,54.8255581],[-1.5816038,54.8259987],[-1.5816957,54.8264154],[-1.5818657,54.8272972],[-1.5824179,54.8307722],[-1.5825351,54.8318592],[-1.5825323,54.8324044],[-1.5825011,54.8329497],[-1.582419,54.8335129],[-1.5823171,54.8340514],[-1.5821633,54.8346049],[-1.5819825,54.8351411],[-1.5816321,54.8359949],[-1.581498,54.8363218]]}},{"type":"Feature","properties":{"name":"High-Speed Train Line","osmWayId":"_fullGeom514246360","purposeBuilt":false,"routeNames":["East Coast Main Line","GR C","GR B","GR D","GR HC","GR NL","Lumo: London King's Cross => Newcastle","Lumo: London King's Cross => Edinburgh Waverley (weekday late nights)","Lumo: London King's Cross => Edinburgh Waverley","Lumo: London King's Cross => Glasgow Queen Street"]},"geometry":{"type":"LineString","coordinates":[[-1.581498,54.8363218],[-1.5814442,54.836457]]}},{"type":"Feature","properties":{"name":"High-Speed Train Line","osmWayId":"_fullGeom514246359","purposeBuilt":false,"routeNames":["East Coast Main Line","GR C","GR B","GR D","GR HC","GR NL","Lumo: London King's Cross => Newcastle","Lumo: London King's Cross => Edinburgh Waverley (weekday late nights)","Lumo: London King's Cross => Edinburgh Waverley","Lumo: London King's Cross => Glasgow Queen Street"]},"geometry":{"type":"LineString","coordinates":[[-1.5814442,54.836457],[-1.581024,54.8375135],[-1.5806808,54.8383285],[-1.5803293,54.8391446]]}},{"type":"Feature","properties":{"name":"High-Speed Train Line","osmWayId":"_fullGeom114889163","purposeBuilt":false,"routeNames":["East Coast Main Line","GR C","GR B","GR D","GR HC","GR NL","Lumo: London King's Cross => Newcastle","Lumo: London King's Cross => Edinburgh Waverley (weekday late nights)","Lumo: London King's Cross => Edinburgh Waverley","Lumo: London King's Cross => Glasgow Queen Street"]},"geometry":{"type":"LineString","coordinates":[[-1.5803293,54.8391446],[-1.5802451,54.8393604]]}},{"type":"Feature","properties":{"name":"High-Speed Train Line","osmWayId":"_fullGeom114889166","purposeBuilt":false,"routeNames":["East Coast Main Line","GR C","GR B","GR D","GR HC","GR NL","Lumo: London King's Cross => Newcastle","Lumo: London King's Cross => Edinburgh Waverley (weekday late nights)","Lumo: London King's Cross => Edinburgh Waverley","Lumo: London King's Cross => Glasgow Queen Street"]},"geometry":{"type":"LineString","coordinates":[[-1.5802451,54.8393604],[-1.5796914,54.8407053]]}},{"type":"Feature","properties":{"name":"High-Speed Train Line","osmWayId":"_fullGeom962605242","purposeBuilt":false,"routeNames":["East Coast Main Line","GR C","GR B","GR D","GR HC","GR NL","Lumo: London King's Cross => Newcastle","Lumo: London King's Cross => Edinburgh Waverley (weekday late nights)","Lumo: London King's Cross => Edinburgh Waverley","Lumo: London King's Cross => Glasgow Queen Street"]},"geometry":{"type":"LineString","coordinates":[[-1.5796914,54.8407053],[-1.5794887,54.8411944]]}},{"type":"Feature","properties":{"name":"High-Speed Train Line","osmWayId":"_fullGeom962605243","purposeBuilt":false,"routeNames":["East Coast Main Line","GR C","GR B","GR D","GR HC","GR NL","Lumo: London King's Cross => Newcastle","Lumo: London King's Cross => Edinburgh Waverley (weekday late nights)","Lumo: London King's Cross => Edinburgh Waverley","Lumo: London King's Cross => Glasgow Queen Street"]},"geometry":{"type":"LineString","coordinates":[[-1.5794887,54.8411944],[-1.5794163,54.8413691]]}},{"type":"Feature","properties":{"name":"High-Speed Train Line","osmWayId":"_fullGeom3991655","purposeBuilt":false,"routeNames":["East Coast Main Line","GR C","GR B","GR D","GR HC","GR NL","Lumo: London King's Cross => Newcastle","Lumo: London King's Cross => Edinburgh Waverley (weekday late nights)","Lumo: London King's Cross => Edinburgh Waverley","Lumo: London King's Cross => Glasgow Queen Street"]},"geometry":{"type":"LineString","coordinates":[[-1.5794163,54.8413691],[-1.5787849,54.8428925]]}},{"type":"Feature","properties":{"name":"High-Speed Train Line","osmWayId":"_fullGeom114889158","purposeBuilt":false,"routeNames":["East Coast Main Line","GR C","GR B","GR D","GR HC","GR NL","Lumo: London King's Cross => Newcastle","Lumo: London King's Cross => Edinburgh Waverley (weekday late nights)","Lumo: London King's Cross => Edinburgh Waverley","Lumo: London King's Cross => Glasgow Queen Street"]},"geometry":{"type":"LineString","coordinates":[[-1.5787849,54.8428925],[-1.5787128,54.8430584],[-1.5782651,54.8442119],[-1.5775719,54.8458598],[-1.5774141,54.8462636],[-1.5772822,54.8466857],[-1.577081,54.847524],[-1.5769965,54.848111],[-1.5769385,54.8487092],[-1.5769376,54.8488028],[-1.5769325,54.8493016],[-1.5769699,54.8498851],[-1.5771543,54.8509362],[-1.5773042,54.8514745],[-1.577464,54.8519764]]}},{"type":"Feature","properties":{"name":"High-Speed Train Line","osmWayId":"_fullGeom36251896","purposeBuilt":false,"routeNames":["East Coast Main Line","GR C","GR B","GR D","GR HC","GR NL","Lumo: London King's Cross => Newcastle","Lumo: London King's Cross => Edinburgh Waverley (weekday late nights)","Lumo: London King's Cross => Edinburgh Waverley","Lumo: London King's Cross => Glasgow Queen Street"]},"geometry":{"type":"LineString","coordinates":[[-1.577464,54.8519764],[-1.5775613,54.8522776]]}},{"type":"Feature","properties":{"name":"High-Speed Train Line","osmWayId":"_fullGeom36251894","purposeBuilt":false,"routeNames":["East Coast Main Line","GR C","GR B","GR D","GR HC","GR NL","Lumo: London King's Cross => Newcastle","Lumo: London King's Cross => Edinburgh Waverley (weekday late nights)","Lumo: London King's Cross => Edinburgh Waverley","Lumo: London King's Cross => Glasgow Queen Street"]},"geometry":{"type":"LineString","coordinates":[[-1.5775613,54.8522776],[-1.5778932,54.8533532],[-1.5780573,54.8538279]]}},{"type":"Feature","properties":{"name":"High-Speed Train Line","osmWayId":"_fullGeom114886971","purposeBuilt":false,"routeNames":["East Coast Main Line","GR C","GR B","GR D","GR HC","GR NL","Lumo: London King's Cross => Newcastle","Lumo: London King's Cross => Edinburgh Waverley (weekday late nights)","Lumo: London King's Cross => Edinburgh Waverley","Lumo: London King's Cross => Glasgow Queen Street"]},"geometry":{"type":"LineString","coordinates":[[-1.5780573,54.8538279],[-1.5781149,54.8539997]]}},{"type":"Feature","properties":{"name":"High-Speed Train Line","osmWayId":"_fullGeom114886968","purposeBuilt":false,"routeNames":["East Coast Main Line","GR C","GR B","GR D","GR HC","GR NL","Lumo: London King's Cross => Newcastle","Lumo: London King's Cross => Edinburgh Waverley (weekday late nights)","Lumo: London King's Cross => Edinburgh Waverley","Lumo: London King's Cross => Glasgow Queen Street"]},"geometry":{"type":"LineString","coordinates":[[-1.5781149,54.8539997],[-1.5783536,54.8547029],[-1.5785033,54.8551444],[-1.5785125,54.8551716],[-1.5786657,54.8556462],[-1.5788154,54.8561951],[-1.578883,54.8564805],[-1.5789471,54.8567515],[-1.579026,54.8571422],[-1.5790934,54.8574871]]}},{"type":"Feature","properties":{"name":"High-Speed Train Line","osmWayId":"_fullGeom29116082","purposeBuilt":false,"routeNames":["East Coast Main Line","GR C","GR B","GR D","GR HC","GR NL","Lumo: London King's Cross => Newcastle","Lumo: London King's Cross => Edinburgh Waverley (weekday late nights)","Lumo: London King's Cross => Edinburgh Waverley","Lumo: London King's Cross => Glasgow Queen Street"]},"geometry":{"type":"LineString","coordinates":[[-1.5790934,54.8574871],[-1.5791181,54.8577811],[-1.5791345,54.8580821],[-1.57914,54.8583831],[-1.5791345,54.8586842],[-1.5791156,54.8590161],[-1.5790832,54.8593477],[-1.5790376,54.8596783]]}},{"type":"Feature","properties":{"name":"High-Speed Train Line","osmWayId":"_fullGeom29116083","purposeBuilt":false,"routeNames":["East Coast Main Line","GR C","GR B","GR D","GR HC","GR NL","Lumo: London King's Cross => Newcastle","Lumo: London King's Cross => Edinburgh Waverley (weekday late nights)","Lumo: London King's Cross => Edinburgh Waverley","Lumo: London King's Cross => Glasgow Queen Street"]},"geometry":{"type":"LineString","coordinates":[[-1.5790376,54.8596783],[-1.5789681,54.8600393],[-1.5789069,54.8604907],[-1.5788177,54.8610529],[-1.5787109,54.8616832],[-1.5785076,54.8628735],[-1.5783989,54.8634609],[-1.5783067,54.8640562],[-1.5780795,54.8654666],[-1.5779708,54.8661338],[-1.5779013,54.8668505],[-1.5778597,54.8672457],[-1.5778414,54.8676365],[-1.5778389,54.8682605],[-1.577874,54.8688868],[-1.5779314,54.8698491],[-1.578049,54.8707605],[-1.5782091,54.8717213],[-1.5783318,54.87221],[-1.5784608,54.8727825],[-1.5785541,54.8731945],[-1.5788339,54.8743404],[-1.579044,54.8752154],[-1.5790987,54.8754433],[-1.5793239,54.8763722],[-1.579398,54.8766778],[-1.579459,54.8769292],[-1.5795311,54.877265],[-1.579616,54.8776218],[-1.5802217,54.8801155],[-1.5808514,54.8825885],[-1.5810775,54.8835378],[-1.5816568,54.8859846],[-1.5817502,54.886379],[-1.5820744,54.8877869],[-1.5822556,54.8886528]]}},{"type":"Feature","properties":{"name":"High-Speed Train Line","osmWayId":"_fullGeom1071905797","purposeBuilt":false,"routeNames":["East Coast Main Line","GR C","GR B","GR D","GR HC","GR NL","Lumo: London King's Cross => Newcastle","Lumo: London King's Cross => Edinburgh Waverley (weekday late nights)","Lumo: London King's Cross => Edinburgh Waverley","Lumo: London King's Cross => Glasgow Queen Street"]},"geometry":{"type":"LineString","coordinates":[[-1.5822556,54.8886528],[-1.5822774,54.8887328]]}},{"type":"Feature","properties":{"name":"High-Speed Train Line","osmWayId":"_fullGeom1071905796","purposeBuilt":false,"routeNames":["East Coast Main Line","GR C","GR B","GR D","GR HC","GR NL","Lumo: London King's Cross => Newcastle","Lumo: London King's Cross => Edinburgh Waverley (weekday late nights)","Lumo: London King's Cross => Edinburgh Waverley","Lumo: London King's Cross => Glasgow Queen Street"]},"geometry":{"type":"LineString","coordinates":[[-1.5822774,54.8887328],[-1.5823888,54.8891828],[-1.5828079,54.8907609],[-1.5831051,54.8916475],[-1.583419,54.8923872],[-1.5836925,54.8929187],[-1.5839979,54.8934222],[-1.5844744,54.8940958],[-1.5849953,54.8947758],[-1.5868247,54.8969518],[-1.5874606,54.8977162],[-1.588633,54.8991256],[-1.5898692,54.9006647],[-1.5904506,54.9014299],[-1.59101,54.9022043],[-1.5913168,54.9026372],[-1.5913973,54.9027589],[-1.5915473,54.9029856]]}},{"type":"Feature","properties":{"name":"High-Speed Train Line","osmWayId":"_fullGeom715155768","purposeBuilt":false,"routeNames":["East Coast Main Line","GR C","GR B","GR D","GR HC","GR NL","Lumo: London King's Cross => Newcastle","Lumo: London King's Cross => Edinburgh Waverley (weekday late nights)","Lumo: London King's Cross => Edinburgh Waverley","Lumo: London King's Cross => Glasgow Queen Street"]},"geometry":{"type":"LineString","coordinates":[[-1.5915473,54.9029856],[-1.5916017,54.903068],[-1.5926477,54.9045503],[-1.5937719,54.9061109]]}},{"type":"Feature","properties":{"name":"High-Speed Train Line","osmWayId":"_fullGeom45825899","purposeBuilt":false,"routeNames":["East Coast Main Line","GR C","GR B","GR D","GR HC","GR NL","Lumo: London King's Cross => Newcastle","Lumo: London King's Cross => Edinburgh Waverley (weekday late nights)","Lumo: London King's Cross => Edinburgh Waverley","Lumo: London King's Cross => Glasgow Queen Street"]},"geometry":{"type":"LineString","coordinates":[[-1.5937719,54.9061109],[-1.5938277,54.9061934]]}},{"type":"Feature","properties":{"name":"High-Speed Train Line","osmWayId":"_fullGeom45825900","purposeBuilt":false,"routeNames":["East Coast Main Line","GR C","GR B","GR D","GR HC","GR NL","Lumo: London King's Cross => Newcastle","Lumo: London King's Cross => Edinburgh Waverley (weekday late nights)","Lumo: London King's Cross => Edinburgh Waverley","Lumo: London King's Cross => Glasgow Queen Street"]},"geometry":{"type":"LineString","coordinates":[[-1.5938277,54.9061934],[-1.5944843,54.9071333]]}},{"type":"Feature","properties":{"name":"High-Speed Train Line","osmWayId":"_fullGeom101625305","purposeBuilt":false,"routeNames":["East Coast Main Line","GR C","GR B","GR D","GR HC","GR NL","Lumo: London King's Cross => Newcastle","Lumo: London King's Cross => Edinburgh Waverley (weekday late nights)","Lumo: London King's Cross => Edinburgh Waverley","Lumo: London King's Cross => Glasgow Queen Street"]},"geometry":{"type":"LineString","coordinates":[[-1.5944843,54.9071333],[-1.5946616,54.9073772]]}},{"type":"Feature","properties":{"name":"High-Speed Train Line","osmWayId":"_fullGeom101625303","purposeBuilt":false,"routeNames":["East Coast Main Line","GR C","GR B","GR D","GR HC","GR NL","Lumo: London King's Cross => Newcastle","Lumo: London King's Cross => Edinburgh Waverley (weekday late nights)","Lumo: London King's Cross => Edinburgh Waverley","Lumo: London King's Cross => Glasgow Queen Street"]},"geometry":{"type":"LineString","coordinates":[[-1.5946616,54.9073772],[-1.5953282,54.9082996],[-1.595975,54.9092094],[-1.5969703,54.9106094],[-1.5986206,54.9129145],[-1.5996651,54.9143837],[-1.6001857,54.9151085],[-1.6006963,54.915832],[-1.6020423,54.9177144],[-1.6027219,54.9187021],[-1.6034076,54.9196867],[-1.6037914,54.9202746],[-1.6041597,54.9208713],[-1.6046373,54.9216662],[-1.6073036,54.9263729],[-1.6074746,54.9267339],[-1.6076227,54.9270999],[-1.6077802,54.9274713],[-1.6079044,54.9278159],[-1.6080951,54.9284154],[-1.6082738,54.9289934],[-1.6085384,54.9299175],[-1.6086052,54.9301508],[-1.6091672,54.9320613]]}},{"type":"Feature","properties":{"name":"High-Speed Train Line","osmWayId":"_fullGeom715155763","purposeBuilt":false,"routeNames":["East Coast Main Line","GR C","GR B","GR D","GR HC","GR NL","Lumo: London King's Cross => Newcastle","Lumo: London King's Cross => Edinburgh Waverley (weekday late nights)","Lumo: London King's Cross => Edinburgh Waverley","Lumo: London King's Cross => Glasgow Queen Street"]},"geometry":{"type":"LineString","coordinates":[[-1.6091672,54.9320613],[-1.6092712,54.932415],[-1.6092983,54.9325071]]}},{"type":"Feature","properties":{"name":"High-Speed Train Line","osmWayId":"_fullGeom306546783","purposeBuilt":false,"routeNames":["East Coast Main Line","GR C","GR B","GR D","GR HC","GR NL","Lumo: London King's Cross => Newcastle","Lumo: London King's Cross => Edinburgh Waverley (weekday late nights)","Lumo: London King's Cross => Edinburgh Waverley","Lumo: London King's Cross => Glasgow Queen Street"]},"geometry":{"type":"LineString","coordinates":[[-1.6092983,54.9325071],[-1.6093413,54.9326553],[-1.6096397,54.9336795],[-1.6096575,54.9337327]]}},{"type":"Feature","properties":{"name":"High-Speed Train Line","osmWayId":"_fullGeom3991654","purposeBuilt":false,"routeNames":["East Coast Main Line","GR C","GR B","GR D","GR HC","GR NL","Lumo: London King's Cross => Newcastle","Lumo: London King's Cross => Edinburgh Waverley (weekday late nights)","Lumo: London King's Cross => Edinburgh Waverley","Lumo: London King's Cross => Glasgow Queen Street"]},"geometry":{"type":"LineString","coordinates":[[-1.6096575,54.9337327],[-1.6099708,54.9347532],[-1.6102764,54.9358146],[-1.6105843,54.9368489],[-1.610907,54.9378973],[-1.6112246,54.938991],[-1.6113048,54.939267],[-1.6113905,54.9395346],[-1.6115467,54.9400959],[-1.6117582,54.9407688]]}},{"type":"Feature","properties":{"name":"High-Speed Train Line","osmWayId":"_fullGeom368579581","purposeBuilt":false,"routeNames":["East Coast Main Line","GR C","GR B","GR D","GR HC","GR NL","Lumo: London King's Cross => Newcastle","Lumo: London King's Cross => Edinburgh Waverley (weekday late nights)","Lumo: London King's Cross => Edinburgh Waverley","Lumo: London King's Cross => Glasgow Queen Street"]},"geometry":{"type":"LineString","coordinates":[[-1.6117582,54.9407688],[-1.6119734,54.9414356],[-1.6120909,54.9417691],[-1.6122414,54.942108],[-1.6125421,54.9427605],[-1.6127773,54.943207],[-1.6131738,54.9438585]]}},{"type":"Feature","properties":{"name":"High-Speed Train Line","osmWayId":"_fullGeom442173543","purposeBuilt":false,"routeNames":["East Coast Main Line","GR C","GR B","GR D","GR HC","GR NL","Lumo: London King's Cross => Newcastle","Lumo: London King's Cross => Edinburgh Waverley (weekday late nights)","Lumo: London King's Cross => Edinburgh Waverley","Lumo: London King's Cross => Glasgow Queen Street"]},"geometry":{"type":"LineString","coordinates":[[-1.6131738,54.9438585],[-1.6132919,54.9440242]]}},{"type":"Feature","properties":{"name":"High-Speed Train Line","osmWayId":"_fullGeom442173538","purposeBuilt":false,"routeNames":["East Coast Main Line","GR C","GR B","GR D","GR HC","GR NL","Lumo: London King's Cross => Newcastle","Lumo: London King's Cross => Edinburgh Waverley (weekday late nights)","Lumo: London King's Cross => Edinburgh Waverley","Lumo: London King's Cross => Glasgow Queen Street"]},"geometry":{"type":"LineString","coordinates":[[-1.6132919,54.9440242],[-1.6136377,54.9445266],[-1.6142205,54.9452982],[-1.6148379,54.946057],[-1.6160403,54.9475094],[-1.6161629,54.9476509]]}},{"type":"Feature","properties":{"name":"High-Speed Train Line","osmWayId":"_fullGeom448345124","purposeBuilt":false,"routeNames":["East Coast Main Line","GR C","GR B","GR D","GR HC","GR NL","Lumo: London King's Cross => Newcastle","Lumo: London King's Cross => Edinburgh Waverley (weekday late nights)","Lumo: London King's Cross => Edinburgh Waverley","Lumo: London King's Cross => Glasgow Queen Street"]},"geometry":{"type":"LineString","coordinates":[[-1.6161629,54.9476509],[-1.6162212,54.9477211]]}},{"type":"Feature","properties":{"name":"High-Speed Train Line","osmWayId":"_fullGeom448345122","purposeBuilt":false,"routeNames":["East Coast Main Line","GR C","GR B","GR D","GR HC","GR NL","Lumo: London King's Cross => Newcastle","Lumo: London King's Cross => Edinburgh Waverley (weekday late nights)","Lumo: London King's Cross => Edinburgh Waverley","Lumo: London King's Cross => Glasgow Queen Street"]},"geometry":{"type":"LineString","coordinates":[[-1.6162212,54.9477211],[-1.6177832,54.9496052]]}},{"type":"Feature","properties":{"name":"High-Speed Train Line","osmWayId":"_fullGeom368579582","purposeBuilt":false,"routeNames":["East Coast Main Line","GR C","GR B","GR D","GR HC","GR NL","Lumo: London King's Cross => Newcastle","Lumo: London King's Cross => Edinburgh Waverley (weekday late nights)","Lumo: London King's Cross => Edinburgh Waverley","Lumo: London King's Cross => Glasgow Queen Street"]},"geometry":{"type":"LineString","coordinates":[[-1.6177832,54.9496052],[-1.6181703,54.9500704]]}},{"type":"Feature","properties":{"name":"High-Speed Train Line","osmWayId":"_fullGeom441592119","purposeBuilt":false,"routeNames":["East Coast Main Line","GR C","GR B","GR D","GR HC","GR NL","Lumo: London King's Cross => Newcastle","Lumo: London King's Cross => Edinburgh Waverley (weekday late nights)","Lumo: London King's Cross => Edinburgh Waverley","Lumo: London King's Cross => Glasgow Queen Street"]},"geometry":{"type":"LineString","coordinates":[[-1.6181703,54.9500704],[-1.6185791,54.9505823]]}},{"type":"Feature","properties":{"name":"High-Speed Train Line","osmWayId":"_fullGeom441592118","purposeBuilt":false,"routeNames":["East Coast Main Line","GR C","GR B","GR D","GR HC","GR NL","Lumo: London King's Cross => Newcastle","Lumo: London King's Cross => Edinburgh Waverley (weekday late nights)","Lumo: London King's Cross => Edinburgh Waverley","Lumo: London King's Cross => Glasgow Queen Street"]},"geometry":{"type":"LineString","coordinates":[[-1.6185791,54.9505823],[-1.6188909,54.9510003],[-1.6190716,54.9513066],[-1.6192012,54.9515861],[-1.6192811,54.9518277],[-1.6193845,54.9521031],[-1.6194538,54.9523646],[-1.6194745,54.9524401],[-1.6195443,54.9526943],[-1.6195984,54.9530115]]}},{"type":"Feature","properties":{"name":"High-Speed Train Line","osmWayId":"_fullGeom368579583","purposeBuilt":false,"routeNames":["East Coast Main Line","GR C","GR B","GR D","GR HC","GR NL","Lumo: London King's Cross => Newcastle","Lumo: London King's Cross => Edinburgh Waverley (weekday late nights)","Lumo: London King's Cross => Edinburgh Waverley","Lumo: London King's Cross => Glasgow Queen Street"]},"geometry":{"type":"LineString","coordinates":[[-1.6195984,54.9530115],[-1.619636,54.9533327],[-1.6196619,54.9536576],[-1.6196783,54.9538834],[-1.6196642,54.954098],[-1.6196478,54.9543275],[-1.6196177,54.9545138],[-1.6196149,54.954531],[-1.6195808,54.9546529],[-1.6195326,54.9547904],[-1.619424,54.9550649],[-1.6193304,54.9552912],[-1.6192316,54.9554974],[-1.6188524,54.9561334]]}},{"type":"Feature","properties":{"name":"High-Speed Train Line","osmWayId":"_fullGeom1371913089","purposeBuilt":false,"routeNames":["East Coast Main Line","GR C","GR B","GR D","GR HC","GR NL","Lumo: London King's Cross => Newcastle","Lumo: London King's Cross => Edinburgh Waverley (weekday late nights)","Lumo: London King's Cross => Edinburgh Waverley","Lumo: London King's Cross => Glasgow Queen Street"]},"geometry":{"type":"LineString","coordinates":[[-1.6188524,54.9561334],[-1.6183701,54.9569526],[-1.6180701,54.9574721]]}},{"type":"Feature","properties":{"name":"High-Speed Train Line","osmWayId":"_fullGeom1371913088","purposeBuilt":false,"routeNames":["East Coast Main Line","GR C","GR B","GR D","GR HC","GR NL","Lumo: London King's Cross => Newcastle","Lumo: London King's Cross => Edinburgh Waverley (weekday late nights)","Lumo: London King's Cross => Edinburgh Waverley","Lumo: London King's Cross => Glasgow Queen Street"]},"geometry":{"type":"LineString","coordinates":[[-1.6180701,54.9574721],[-1.6178413,54.9578826]]}},{"type":"Feature","properties":{"name":"High-Speed Train Line","osmWayId":"_fullGeom796304914","purposeBuilt":false,"routeNames":["East Coast Main Line","GR C","GR B","GR D","GR HC","GR NL","Lumo: London King's Cross => Newcastle","Lumo: London King's Cross => Edinburgh Waverley (weekday late nights)","Lumo: London King's Cross => Edinburgh Waverley","Lumo: London King's Cross => Glasgow Queen Street"]},"geometry":{"type":"LineString","coordinates":[[-1.6178413,54.9578826],[-1.6177248,54.9580941],[-1.6175301,54.9584143],[-1.6174054,54.9585836],[-1.6172431,54.9587738],[-1.6169455,54.959095]]}},{"type":"Feature","properties":{"name":"High-Speed Train Line","osmWayId":"_fullGeom797115754","purposeBuilt":false,"routeNames":["East Coast Main Line","GR C","GR B","GR D","GR HC","GR NL","Lumo: London King's Cross => Newcastle","Lumo: London King's Cross => Edinburgh Waverley (weekday late nights)","Lumo: London King's Cross => Edinburgh Waverley","Lumo: London King's Cross => Glasgow Queen Street"]},"geometry":{"type":"LineString","coordinates":[[-1.6169455,54.959095],[-1.6166849,54.9593354],[-1.6163147,54.9596367]]}},{"type":"Feature","properties":{"name":"High-Speed Train Line","osmWayId":"_fullGeom368579579","purposeBuilt":false,"routeNames":["East Coast Main Line","GR C","GR B","GR D","GR HC","GR NL","Lumo: London King's Cross => Newcastle","Lumo: London King's Cross => Edinburgh Waverley (weekday late nights)","Lumo: London King's Cross => Edinburgh Waverley","Lumo: London King's Cross => Glasgow Queen Street"]},"geometry":{"type":"LineString","coordinates":[[-1.6163147,54.9596367],[-1.6157391,54.9600988],[-1.6155446,54.9602665],[-1.6153989,54.960407],[-1.6152987,54.9605225],[-1.6151035,54.9608043],[-1.6150346,54.960943],[-1.6149883,54.9610361],[-1.6149518,54.9611855]]}},{"type":"Feature","properties":{"name":"High-Speed Train Line","osmWayId":"_fullGeom239586709","purposeBuilt":false,"routeNames":["East Coast Main Line","GR C","GR B","GR D","GR HC","GR NL","Lumo: London King's Cross => Newcastle","Lumo: London King's Cross => Edinburgh Waverley (weekday late nights)","Lumo: London King's Cross => Edinburgh Waverley","Lumo: London King's Cross => Glasgow Queen Street"]},"geometry":{"type":"LineString","coordinates":[[-1.6149518,54.9611855],[-1.6149215,54.9613543],[-1.614925,54.9615129],[-1.6149461,54.9616402],[-1.6149766,54.9617512],[-1.6150059,54.9618375],[-1.6150546,54.9619397],[-1.6151067,54.9620218],[-1.6151889,54.9621406],[-1.6152725,54.9622349],[-1.6153465,54.9623159],[-1.6154725,54.96243],[-1.6155179,54.9624689],[-1.6172006,54.9639083],[-1.6178939,54.9645014]]}},{"type":"Feature","properties":{"name":"High-Speed Train Line","osmWayId":"_fullGeom248923423","purposeBuilt":false,"routeNames":["East Coast Main Line","GR C","GR B","GR D","GR HC","GR NL","Lumo: London King's Cross => Newcastle","Lumo: London King's Cross => Edinburgh Waverley (weekday late nights)","Lumo: London King's Cross => Edinburgh Waverley","Lumo: London King's Cross => Glasgow Queen Street"]},"geometry":{"type":"LineString","coordinates":[[-1.6178939,54.9645014],[-1.6182153,54.9647873]]}},{"type":"Feature","properties":{"name":"High-Speed Train Line","osmWayId":"_fullGeom368579584","purposeBuilt":false,"routeNames":["East Coast Main Line","GR C","GR B","GR HC","GR NL","Lumo: London King's Cross => Newcastle","Lumo: London King's Cross => Edinburgh Waverley (weekday late nights)","Lumo: London King's Cross => Edinburgh Waverley","Lumo: London King's Cross => Glasgow Queen Street"]},"geometry":{"type":"LineString","coordinates":[[-1.6182153,54.9647873],[-1.6186658,54.9651779],[-1.6187824,54.965278],[-1.6188643,54.9653548],[-1.6189754,54.965459],[-1.6190712,54.9655702],[-1.6191155,54.9656335],[-1.619196,54.9657599]]}},{"type":"Feature","properties":{"name":"High-Speed Train Line","osmWayId":"_fullGeom427909858","purposeBuilt":false,"routeNames":["East Coast Main Line","GR C","GR B","GR HC","GR NL","Lumo: London King's Cross => Newcastle","Lumo: London King's Cross => Edinburgh Waverley (weekday late nights)","Lumo: London King's Cross => Edinburgh Waverley","Lumo: London King's Cross => Glasgow Queen Street"]},"geometry":{"type":"LineString","coordinates":[[-1.619196,54.9657599],[-1.6192496,54.9658689],[-1.6192774,54.9659355],[-1.619313,54.9660365]]}},{"type":"Feature","properties":{"name":"High-Speed Train Line","osmWayId":"_fullGeom427559928","purposeBuilt":false,"routeNames":["East Coast Main Line","GR C","GR B","GR HC","GR NL","Lumo: London King's Cross => Newcastle","Lumo: London King's Cross => Edinburgh Waverley (weekday late nights)","Lumo: London King's Cross => Edinburgh Waverley","Lumo: London King's Cross => Glasgow Queen Street"]},"geometry":{"type":"LineString","coordinates":[[-1.619313,54.9660365],[-1.6193501,54.9662349],[-1.6193562,54.9663261],[-1.6193575,54.9663867],[-1.6193521,54.9664527],[-1.6193349,54.9665323],[-1.6193099,54.9666323],[-1.6192759,54.9667305],[-1.6192463,54.9667882]]}},{"type":"Feature","properties":{"name":"High-Speed Train Line","osmWayId":"_fullGeom1017842482","purposeBuilt":false,"routeNames":["East Coast Main Line","GR C","GR B","GR HC","GR NL","Lumo: London King's Cross => Newcastle","Lumo: London King's Cross => Edinburgh Waverley (weekday late nights)","Lumo: London King's Cross => Edinburgh Waverley","Lumo: London King's Cross => Glasgow Queen Street"]},"geometry":{"type":"LineString","coordinates":[[-1.6192463,54.9667882],[-1.6191508,54.9669741]]}},{"type":"Feature","properties":{"name":"High-Speed Train Line","osmWayId":"_fullGeom239586708","purposeBuilt":false,"routeNames":["East Coast Main Line","GR C","GR B","GR HC","GR NL","Lumo: London King's Cross => Newcastle","Lumo: London King's Cross => Edinburgh Waverley (weekday late nights)","Lumo: London King's Cross => Edinburgh Waverley","Lumo: London King's Cross => Glasgow Queen Street"]},"geometry":{"type":"LineString","coordinates":[[-1.6191508,54.9669741],[-1.6190677,54.9670993],[-1.6188043,54.9674634],[-1.618676,54.9676108],[-1.6185902,54.9677042],[-1.6184967,54.967783],[-1.6184131,54.9678492],[-1.6183093,54.9679239],[-1.6181821,54.967998],[-1.6181452,54.9680197]]}},{"type":"Feature","properties":{"name":"High-Speed Train Line","osmWayId":"_fullGeom735299065","purposeBuilt":false,"routeNames":["East Coast Main Line","GR C","GR B","GR HC","GR NL","Lumo: London King's Cross => Newcastle","Lumo: London King's Cross => Edinburgh Waverley (weekday late nights)","Lumo: London King's Cross => Edinburgh Waverley","Lumo: London King's Cross => Glasgow Queen Street"]},"geometry":{"type":"LineString","coordinates":[[-1.6181452,54.9680197],[-1.6181274,54.96803],[-1.6180247,54.9680847],[-1.6178821,54.9681517],[-1.6177462,54.9682023],[-1.6176228,54.9682451],[-1.6175084,54.9682821]]}},{"type":"Feature","properties":{"name":"High-Speed Train Line","osmWayId":"_fullGeom1017842485","purposeBuilt":false,"routeNames":["East Coast Main Line","GR C","GR B","GR HC","GR NL","Lumo: London King's Cross => Edinburgh Waverley (weekday late nights)","Lumo: London King's Cross => Edinburgh Waverley","Lumo: London King's Cross => Glasgow Queen Street"]},"geometry":{"type":"LineString","coordinates":[[-1.6175084,54.9682821],[-1.617397,54.9683121],[-1.6172629,54.9683454],[-1.6170892,54.9683851],[-1.6170338,54.968396]]}},{"type":"Feature","properties":{"name":"High-Speed Train Line","osmWayId":"_fullGeom3991649","purposeBuilt":false,"routeNames":["East Coast Main Line","GR C","GR B","GR HC","GR NL","Lumo: London King's Cross => Edinburgh Waverley (weekday late nights)","Lumo: London King's Cross => Edinburgh Waverley","Lumo: London King's Cross => Glasgow Queen Street"]},"geometry":{"type":"LineString","coordinates":[[-1.6170338,54.968396],[-1.6169412,54.9684142],[-1.6167936,54.9684349],[-1.6166085,54.9684586],[-1.6164199,54.96847],[-1.6161771,54.968478],[-1.6159959,54.9684807],[-1.6157056,54.9684819],[-1.615662,54.9684823]]}},{"type":"Feature","properties":{"name":"High-Speed Train Line","osmWayId":"_fullGeom735299057","purposeBuilt":false,"routeNames":["East Coast Main Line","GR C","GR B","GR HC","GR NL","Lumo: London King's Cross => Edinburgh Waverley (weekday late nights)","Lumo: London King's Cross => Edinburgh Waverley","Lumo: London King's Cross => Glasgow Queen Street"]},"geometry":{"type":"LineString","coordinates":[[-1.615662,54.9684823],[-1.6154146,54.9684824],[-1.6151985,54.9684835],[-1.6149937,54.9684924],[-1.6146245,54.9685083],[-1.6142432,54.9685312],[-1.6139275,54.9685529],[-1.6137209,54.9685711],[-1.613097,54.968625]]}},{"type":"Feature","properties":{"name":"High-Speed Train Line","osmWayId":"_fullGeom1361861384","purposeBuilt":false,"routeNames":["East Coast Main Line","GR C","GR B","GR HC","GR NL","Lumo: London King's Cross => Edinburgh Waverley (weekday late nights)","Lumo: London King's Cross => Edinburgh Waverley","Lumo: London King's Cross => Glasgow Queen Street"]},"geometry":{"type":"LineString","coordinates":[[-1.613097,54.968625],[-1.612584,54.9686738],[-1.6121553,54.9687145],[-1.6118981,54.9687421],[-1.6117153,54.9687669],[-1.6115219,54.9687999],[-1.6113801,54.9688281],[-1.6113008,54.9688438],[-1.6111508,54.9688795]]}},{"type":"Feature","properties":{"name":"High-Speed Train Line","osmWayId":"_fullGeom238976488","purposeBuilt":false,"routeNames":["East Coast Main Line","GR C","GR B","GR HC","GR NL","Lumo: London King's Cross => Edinburgh Waverley (weekday late nights)","Lumo: London King's Cross => Edinburgh Waverley","Lumo: London King's Cross => Glasgow Queen Street"]},"geometry":{"type":"LineString","coordinates":[[-1.6111508,54.9688795],[-1.611113,54.9688886],[-1.6108884,54.9689492],[-1.6108459,54.9689623]]}},{"type":"Feature","properties":{"name":"High-Speed Train Line","osmWayId":"_fullGeom238976489","purposeBuilt":false,"routeNames":["East Coast Main Line","GR C","GR B","GR HC","GR NL","Lumo: London King's Cross => Edinburgh Waverley (weekday late nights)","Lumo: London King's Cross => Edinburgh Waverley","Lumo: London King's Cross => Glasgow Queen Street"]},"geometry":{"type":"LineString","coordinates":[[-1.6108459,54.9689623],[-1.6107815,54.9689812],[-1.6107162,54.9690024],[-1.6104916,54.9690826],[-1.610335,54.9691444],[-1.6101472,54.9692282],[-1.6099538,54.9693238],[-1.6098311,54.9693954],[-1.6097124,54.9694632]]}},{"type":"Feature","properties":{"name":"High-Speed Train Line","osmWayId":"_fullGeom163835905","purposeBuilt":false,"routeNames":["East Coast Main Line","GR C","GR B","GR HC","GR NL","Lumo: London King's Cross => Edinburgh Waverley (weekday late nights)","Lumo: London King's Cross => Edinburgh Waverley","Lumo: London King's Cross => Glasgow Queen Street"]},"geometry":{"type":"LineString","coordinates":[[-1.6097124,54.9694632],[-1.6095941,54.9695348],[-1.6093649,54.9696737]]}},{"type":"Feature","properties":{"name":"High-Speed Train Line","osmWayId":"_fullGeom163835934","purposeBuilt":false,"routeNames":["East Coast Main Line","GR C","GR B","GR HC","GR NL","Lumo: London King's Cross => Edinburgh Waverley (weekday late nights)","Lumo: London King's Cross => Edinburgh Waverley","Lumo: London King's Cross => Glasgow Queen Street"]},"geometry":{"type":"LineString","coordinates":[[-1.6093649,54.9696737],[-1.6091736,54.9697943],[-1.6086756,54.9701179]]}},{"type":"Feature","properties":{"name":"High-Speed Train Line","osmWayId":"_fullGeom817320422","purposeBuilt":false,"routeNames":["East Coast Main Line","GR C","GR B","GR HC","GR NL","Lumo: London King's Cross => Edinburgh Waverley (weekday late nights)","Lumo: London King's Cross => Edinburgh Waverley","Lumo: London King's Cross => Glasgow Queen Street"]},"geometry":{"type":"LineString","coordinates":[[-1.6086756,54.9701179],[-1.6085837,54.9701777]]}},{"type":"Feature","properties":{"name":"High-Speed Train Line","osmWayId":"_fullGeom163835906","purposeBuilt":false,"routeNames":["East Coast Main Line","GR C","GR B","GR HC","GR NL","Lumo: London King's Cross => Edinburgh Waverley (weekday late nights)","Lumo: London King's Cross => Edinburgh Waverley","Lumo: London King's Cross => Glasgow Queen Street"]},"geometry":{"type":"LineString","coordinates":[[-1.6085837,54.9701777],[-1.6080811,54.9705089]]}},{"type":"Feature","properties":{"name":"High-Speed Train Line","osmWayId":"_fullGeom163835893","purposeBuilt":false,"routeNames":["East Coast Main Line","GR C","GR B","GR HC","GR NL","Lumo: London King's Cross => Edinburgh Waverley (weekday late nights)","Lumo: London King's Cross => Edinburgh Waverley","Lumo: London King's Cross => Glasgow Queen Street"]},"geometry":{"type":"LineString","coordinates":[[-1.6080811,54.9705089],[-1.6078261,54.9706788],[-1.6076555,54.9708007],[-1.6075054,54.9709084],[-1.6073731,54.9710113],[-1.6072793,54.971093],[-1.6071735,54.9711949],[-1.6071087,54.9712639],[-1.6069918,54.9713956],[-1.6069057,54.9714989]]}},{"type":"Feature","properties":{"name":"High-Speed Train Line","osmWayId":"_fullGeom163835916","purposeBuilt":false,"routeNames":["East Coast Main Line","GR C","GR B","GR HC","GR NL","Lumo: London King's Cross => Edinburgh Waverley (weekday late nights)","Lumo: London King's Cross => Edinburgh Waverley","Lumo: London King's Cross => Glasgow Queen Street"]},"geometry":{"type":"LineString","coordinates":[[-1.6069057,54.9714989],[-1.6067841,54.9716586]]}},{"type":"Feature","properties":{"name":"High-Speed Train Line","osmWayId":"_fullGeom163835923","purposeBuilt":false,"routeNames":["East Coast Main Line","GR C","GR B","GR HC","GR NL","Lumo: London King's Cross => Edinburgh Waverley (weekday late nights)","Lumo: London King's Cross => Edinburgh Waverley","Lumo: London King's Cross => Glasgow Queen Street"]},"geometry":{"type":"LineString","coordinates":[[-1.6067841,54.9716586],[-1.6066603,54.9718271],[-1.6064971,54.9720493],[-1.6064425,54.9721164],[-1.606394,54.9721727],[-1.6063768,54.9721927],[-1.6063145,54.9722544],[-1.6062403,54.9723279]]}},{"type":"Feature","properties":{"name":"High-Speed Train Line","osmWayId":"_fullGeom171959845","purposeBuilt":false,"routeNames":["East Coast Main Line","GR C","GR B","GR HC","GR NL","Lumo: London King's Cross => Edinburgh Waverley (weekday late nights)","Lumo: London King's Cross => Edinburgh Waverley","Lumo: London King's Cross => Glasgow Queen Street"]},"geometry":{"type":"LineString","coordinates":[[-1.6062403,54.9723279],[-1.6061644,54.9723984],[-1.6060944,54.9724586],[-1.605981,54.9725467]]}},{"type":"Feature","properties":{"name":"High-Speed Train Line","osmWayId":"_fullGeom171959933","purposeBuilt":false,"routeNames":["East Coast Main Line","GR C","GR B","GR HC","GR NL","Lumo: London King's Cross => Edinburgh Waverley (weekday late nights)","Lumo: London King's Cross => Edinburgh Waverley","Lumo: London King's Cross => Glasgow Queen Street"]},"geometry":{"type":"LineString","coordinates":[[-1.605981,54.9725467],[-1.6058658,54.9726241],[-1.6057507,54.9726985],[-1.6056568,54.9727548],[-1.60554,54.9728165],[-1.6054231,54.9728753],[-1.6053318,54.9729184],[-1.6051962,54.9729791],[-1.6050904,54.9730231],[-1.6049599,54.9730682],[-1.6048038,54.9731201],[-1.6046383,54.973173],[-1.6045039,54.9732122],[-1.6044523,54.9732273]]}},{"type":"Feature","properties":{"name":"High-Speed Train Line","osmWayId":"_fullGeom798963213","purposeBuilt":false,"routeNames":["East Coast Main Line","GR C","GR B","GR HC","GR NL","Lumo: London King's Cross => Edinburgh Waverley (weekday late nights)","Lumo: London King's Cross => Edinburgh Waverley","Lumo: London King's Cross => Glasgow Queen Street"]},"geometry":{"type":"LineString","coordinates":[[-1.6044523,54.9732273],[-1.6039388,54.9733689],[-1.6037332,54.9734256],[-1.6008892,54.9742075]]}},{"type":"Feature","properties":{"name":"High-Speed Train Line","osmWayId":"_fullGeom563113417","purposeBuilt":false,"routeNames":["East Coast Main Line","GR C","GR B","GR HC","GR NL","Lumo: London King's Cross => Edinburgh Waverley (weekday late nights)","Lumo: London King's Cross => Edinburgh Waverley","Lumo: London King's Cross => Glasgow Queen Street"]},"geometry":{"type":"LineString","coordinates":[[-1.6008892,54.9742075],[-1.5989346,54.9747525],[-1.5981264,54.9749778],[-1.5976943,54.9751023],[-1.5974319,54.9751844],[-1.5966755,54.9754211],[-1.5960909,54.9756041],[-1.5960272,54.9756236],[-1.5956933,54.9757257]]}},{"type":"Feature","properties":{"name":"High-Speed Train Line","osmWayId":"_fullGeom164086833","purposeBuilt":false,"routeNames":["East Coast Main Line","GR C","GR B","GR HC","GR NL","Lumo: London King's Cross => Edinburgh Waverley (weekday late nights)","Lumo: London King's Cross => Edinburgh Waverley","Lumo: London King's Cross => Glasgow Queen Street"]},"geometry":{"type":"LineString","coordinates":[[-1.5956933,54.9757257],[-1.5946968,54.9760241],[-1.5941516,54.9761745],[-1.5935837,54.9763316],[-1.5930119,54.9764855],[-1.5924536,54.9766428],[-1.5915399,54.9769007]]}},{"type":"Feature","properties":{"name":"High-Speed Train Line","osmWayId":"_fullGeom164086831","purposeBuilt":false,"routeNames":["East Coast Main Line","GR C","GR B","GR HC","GR NL","Lumo: London King's Cross => Edinburgh Waverley (weekday late nights)","Lumo: London King's Cross => Edinburgh Waverley","Lumo: London King's Cross => Glasgow Queen Street"]},"geometry":{"type":"LineString","coordinates":[[-1.5915399,54.9769007],[-1.5913189,54.9769577],[-1.5913006,54.9769628],[-1.5908436,54.9770892],[-1.5907553,54.9771136],[-1.5901931,54.9772686],[-1.5900572,54.9773063]]}},{"type":"Feature","properties":{"name":"High-Speed Train Line","osmWayId":"_fullGeom164086843","purposeBuilt":false,"routeNames":["East Coast Main Line","GR C","GR B","GR HC","GR NL","Lumo: London King's Cross => Edinburgh Waverley (weekday late nights)","Lumo: London King's Cross => Edinburgh Waverley","Lumo: London King's Cross => Glasgow Queen Street"]},"geometry":{"type":"LineString","coordinates":[[-1.5900572,54.9773063],[-1.5898813,54.9773549]]}},{"type":"Feature","properties":{"name":"High-Speed Train Line","osmWayId":"_fullGeom164086842","purposeBuilt":false,"routeNames":["East Coast Main Line","GR C","GR B","GR HC","GR NL","Lumo: London King's Cross => Edinburgh Waverley (weekday late nights)","Lumo: London King's Cross => Edinburgh Waverley","Lumo: London King's Cross => Glasgow Queen Street"]},"geometry":{"type":"LineString","coordinates":[[-1.5898813,54.9773549],[-1.5894249,54.9774813],[-1.5885917,54.9777178],[-1.5877683,54.9779594],[-1.5869905,54.9782093],[-1.5862164,54.9784554],[-1.5850024,54.9788584],[-1.5848071,54.9789232],[-1.5843006,54.9790914],[-1.5824401,54.979706],[-1.5811933,54.9801159],[-1.5809581,54.9801932],[-1.5803072,54.9804071],[-1.5802518,54.9804253],[-1.5770335,54.9814829],[-1.5755794,54.9819608],[-1.5753062,54.9820539],[-1.5747924,54.982237],[-1.5742299,54.9824558],[-1.5738919,54.9825955],[-1.5734836,54.9827739],[-1.5731158,54.9829446],[-1.5727804,54.9831122],[-1.5723964,54.9833139],[-1.5720881,54.9834862],[-1.5716847,54.9837177],[-1.5716166,54.983757],[-1.5713276,54.9839318],[-1.5707893,54.9842619],[-1.5703594,54.9845256],[-1.5700076,54.9847471],[-1.5691465,54.9853356],[-1.5690843,54.9853835],[-1.5678896,54.9863034],[-1.5672682,54.9868455],[-1.5666781,54.9874014],[-1.5660539,54.9880388],[-1.565729,54.9883879],[-1.5653573,54.9887892],[-1.5648338,54.9893996],[-1.564306,54.9900278],[-1.5642806,54.9900581],[-1.5637301,54.9907548],[-1.5632163,54.9913929]]}},{"type":"Feature","properties":{"name":"High-Speed Train Line","osmWayId":"_fullGeom239630381","purposeBuilt":false,"routeNames":["East Coast Main Line","GR C","GR B","GR HC","GR NL","Lumo: London King's Cross => Edinburgh Waverley (weekday late nights)","Lumo: London King's Cross => Edinburgh Waverley","Lumo: London King's Cross => Glasgow Queen Street"]},"geometry":{"type":"LineString","coordinates":[[-1.5632163,54.9913929],[-1.5630154,54.9916653]]}},{"type":"Feature","properties":{"name":"High-Speed Train Line","osmWayId":"_fullGeom239630379","purposeBuilt":false,"routeNames":["East Coast Main Line","GR C","GR B","GR HC","GR NL","Lumo: London King's Cross => Edinburgh Waverley (weekday late nights)","Lumo: London King's Cross => Edinburgh Waverley","Lumo: London King's Cross => Glasgow Queen Street"]},"geometry":{"type":"LineString","coordinates":[[-1.5630154,54.9916653],[-1.562817,54.9919305],[-1.5626749,54.9921312],[-1.5625514,54.9923032],[-1.5623891,54.9925402],[-1.5622315,54.9927848],[-1.5620762,54.9930186],[-1.5616598,54.9936723],[-1.5614773,54.9939717],[-1.5613039,54.9942475],[-1.5612824,54.9942817],[-1.5609963,54.9947512],[-1.5603817,54.9957793]]}},{"type":"Feature","properties":{"name":"High-Speed Train Line","osmWayId":"_fullGeom248156856","purposeBuilt":false,"routeNames":["East Coast Main Line","GR C","GR B","GR HC","GR NL","Lumo: London King's Cross => Edinburgh Waverley (weekday late nights)","Lumo: London King's Cross => Edinburgh Waverley","Lumo: London King's Cross => Glasgow Queen Street"]},"geometry":{"type":"LineString","coordinates":[[-1.5603817,54.9957793],[-1.5601788,54.9961444]]}},{"type":"Feature","properties":{"name":"High-Speed Train Line","osmWayId":"_fullGeom248156859","purposeBuilt":false,"routeNames":["East Coast Main Line","GR C","GR B","GR HC","GR NL","Lumo: London King's Cross => Edinburgh Waverley (weekday late nights)","Lumo: London King's Cross => Edinburgh Waverley","Lumo: London King's Cross => Glasgow Queen Street"]},"geometry":{"type":"LineString","coordinates":[[-1.5601788,54.9961444],[-1.5598267,54.9968521],[-1.5595424,54.9975108],[-1.5593748,54.9979185],[-1.5592991,54.9981026]]}},{"type":"Feature","properties":{"name":"High-Speed Train Line","osmWayId":"_fullGeom248156855","purposeBuilt":false,"routeNames":["East Coast Main Line","GR C","GR B","GR HC","GR NL","Lumo: London King's Cross => Edinburgh Waverley (weekday late nights)","Lumo: London King's Cross => Edinburgh Waverley","Lumo: London King's Cross => Glasgow Queen Street"]},"geometry":{"type":"LineString","coordinates":[[-1.5592991,54.9981026],[-1.5592697,54.9981849]]}},{"type":"Feature","properties":{"name":"High-Speed Train Line","osmWayId":"_fullGeom248156857","purposeBuilt":false,"routeNames":["East Coast Main Line","GR C","GR B","GR HC","GR NL","Lumo: London King's Cross => Edinburgh Waverley (weekday late nights)","Lumo: London King's Cross => Edinburgh Waverley","Lumo: London King's Cross => Glasgow Queen Street"]},"geometry":{"type":"LineString","coordinates":[[-1.5592697,54.9981849],[-1.5589758,54.999176],[-1.5586004,55.0012463],[-1.5583769,55.0038125],[-1.5583326,55.004359],[-1.5581695,55.0063727],[-1.5581866,55.0070727],[-1.5582157,55.0082543],[-1.5583697,55.0093168],[-1.5585158,55.0100365],[-1.5586615,55.0106171],[-1.5587514,55.0109236]]}},{"type":"Feature","properties":{"name":"High-Speed Train Line","osmWayId":"_fullGeom1361861383","purposeBuilt":false,"routeNames":["East Coast Main Line","GR C","GR B","GR HC","GR NL","Lumo: London King's Cross => Edinburgh Waverley (weekday late nights)","Lumo: London King's Cross => Edinburgh Waverley","Lumo: London King's Cross => Glasgow Queen Street"]},"geometry":{"type":"LineString","coordinates":[[-1.5587514,55.0109236],[-1.5589996,55.0116909],[-1.559315,55.0125019],[-1.5593641,55.0126615],[-1.5595273,55.0130289],[-1.559847,55.0136847]]}},{"type":"Feature","properties":{"name":"High-Speed Train Line","osmWayId":"_fullGeom563113419","purposeBuilt":false,"routeNames":["East Coast Main Line","GR C","GR B","GR HC","GR NL","Lumo: London King's Cross => Edinburgh Waverley (weekday late nights)","Lumo: London King's Cross => Edinburgh Waverley","Lumo: London King's Cross => Glasgow Queen Street"]},"geometry":{"type":"LineString","coordinates":[[-1.559847,55.0136847],[-1.5601882,55.0142779],[-1.5605543,55.0148883],[-1.5611887,55.0158295],[-1.5613513,55.0160439],[-1.561445,55.0161639],[-1.5617786,55.0165912],[-1.5624096,55.017286],[-1.5630254,55.0179067],[-1.5631653,55.0180369],[-1.5632437,55.0181098],[-1.5635913,55.0184378],[-1.5649732,55.0195754],[-1.5665448,55.0206692],[-1.5682768,55.0216791],[-1.569714,55.0224049],[-1.5722169,55.0235403],[-1.5746826,55.0248256],[-1.5756018,55.0254149],[-1.5762808,55.0258502],[-1.5766673,55.0261244]]}},{"type":"Feature","properties":{"name":"High-Speed Train Line","osmWayId":"_fullGeom38428291","purposeBuilt":false,"routeNames":["East Coast Main Line","GR C","GR B","GR HC","GR NL","Lumo: London King's Cross => Edinburgh Waverley (weekday late nights)","Lumo: London King's Cross => Edinburgh Waverley","Lumo: London King's Cross => Glasgow Queen Street"]},"geometry":{"type":"LineString","coordinates":[[-1.5766673,55.0261244],[-1.5768051,55.0262215]]}},{"type":"Feature","properties":{"name":"High-Speed Train Line","osmWayId":"_fullGeom38428292","purposeBuilt":false,"routeNames":["East Coast Main Line","GR C","GR B","GR HC","GR NL","Lumo: London King's Cross => Edinburgh Waverley (weekday late nights)","Lumo: London King's Cross => Edinburgh Waverley","Lumo: London King's Cross => Glasgow Queen Street"]},"geometry":{"type":"LineString","coordinates":[[-1.5768051,55.0262215],[-1.57769,55.0268893]]}},{"type":"Feature","properties":{"name":"High-Speed Train Line","osmWayId":"_fullGeom3991946","purposeBuilt":false,"routeNames":["East Coast Main Line","GR C","GR B","GR HC","GR NL","Lumo: London King's Cross => Edinburgh Waverley (weekday late nights)","Lumo: London King's Cross => Edinburgh Waverley","Lumo: London King's Cross => Glasgow Queen Street"]},"geometry":{"type":"LineString","coordinates":[[-1.57769,55.0268893],[-1.5788753,55.0279362]]}},{"type":"Feature","properties":{"name":"High-Speed Train Line","osmWayId":"_fullGeom8663010","purposeBuilt":false,"routeNames":["East Coast Main Line","GR C","GR B","GR HC","GR NL","Lumo: London King's Cross => Edinburgh Waverley (weekday late nights)","Lumo: London King's Cross => Edinburgh Waverley","Lumo: London King's Cross => Glasgow Queen Street"]},"geometry":{"type":"LineString","coordinates":[[-1.5788753,55.0279362],[-1.5794504,55.0285474]]}},{"type":"Feature","properties":{"name":"High-Speed Train Line","osmWayId":"_fullGeom38428294","purposeBuilt":false,"routeNames":["East Coast Main Line","GR C","GR B","GR HC","GR NL","Lumo: London King's Cross => Edinburgh Waverley (weekday late nights)","Lumo: London King's Cross => Edinburgh Waverley","Lumo: London King's Cross => Glasgow Queen Street"]},"geometry":{"type":"LineString","coordinates":[[-1.5794504,55.0285474],[-1.5796128,55.0287145],[-1.5797604,55.0288662],[-1.5800436,55.029188],[-1.5805727,55.0298433],[-1.5808408,55.0301942],[-1.5810817,55.0305429],[-1.5813741,55.0309924],[-1.5815634,55.0312899],[-1.5817483,55.0315854],[-1.5821101,55.0321796],[-1.5823793,55.0325935],[-1.582637,55.0330103],[-1.5828842,55.0334065],[-1.5830194,55.0336231],[-1.5835447,55.0344649],[-1.5837898,55.0348577],[-1.5849256,55.036707],[-1.5856512,55.0378386],[-1.5861767,55.0387208],[-1.5876947,55.0411686],[-1.5892449,55.0436732],[-1.5899156,55.0447179],[-1.5901109,55.0450214]]}},{"type":"Feature","properties":{"name":"High-Speed Train Line","osmWayId":"_fullGeom798279586","purposeBuilt":false,"routeNames":["East Coast Main Line","GR C","GR B","GR HC","GR NL","Lumo: London King's Cross => Edinburgh Waverley (weekday late nights)","Lumo: London King's Cross => Edinburgh Waverley","Lumo: London King's Cross => Glasgow Queen Street"]},"geometry":{"type":"LineString","coordinates":[[-1.5901109,55.0450214],[-1.5905062,55.0456357]]}},{"type":"Feature","properties":{"name":"High-Speed Train Line","osmWayId":"_fullGeom798279583","purposeBuilt":false,"routeNames":["East Coast Main Line","GR C","GR B","GR HC","GR NL","Lumo: London King's Cross => Edinburgh Waverley (weekday late nights)","Lumo: London King's Cross => Edinburgh Waverley","Lumo: London King's Cross => Glasgow Queen Street"]},"geometry":{"type":"LineString","coordinates":[[-1.5905062,55.0456357],[-1.5905401,55.0456883],[-1.5905939,55.045772],[-1.5920391,55.0481737],[-1.593726,55.0508891],[-1.595543,55.0538328],[-1.59629,55.0550258],[-1.5970271,55.0562109],[-1.5974867,55.0569762]]}},{"type":"Feature","properties":{"name":"High-Speed Train Line","osmWayId":"_fullGeom32496270","purposeBuilt":false,"routeNames":["East Coast Main Line","GR C","GR B","GR HC","GR NL","Lumo: London King's Cross => Edinburgh Waverley (weekday late nights)","Lumo: London King's Cross => Edinburgh Waverley","Lumo: London King's Cross => Glasgow Queen Street"]},"geometry":{"type":"LineString","coordinates":[[-1.5974867,55.0569762],[-1.5975651,55.0571279]]}},{"type":"Feature","properties":{"name":"High-Speed Train Line","osmWayId":"_fullGeom32496268","purposeBuilt":false,"routeNames":["East Coast Main Line","GR C","GR B","GR HC","GR NL","Lumo: London King's Cross => Edinburgh Waverley (weekday late nights)","Lumo: London King's Cross => Edinburgh Waverley","Lumo: London King's Cross => Glasgow Queen Street"]},"geometry":{"type":"LineString","coordinates":[[-1.5975651,55.0571279],[-1.5977742,55.0575197],[-1.5979636,55.0579129],[-1.5982051,55.0585068],[-1.59842,55.0591047],[-1.5984591,55.0592399],[-1.5986685,55.0600183],[-1.5987749,55.0605347],[-1.5988496,55.0609772],[-1.5989124,55.0614182],[-1.5989626,55.0622937],[-1.5989395,55.0631697],[-1.5989022,55.0636078],[-1.5988459,55.0640449],[-1.5984641,55.0662055],[-1.5983941,55.0666414],[-1.5983676,55.066806]]}},{"type":"Feature","properties":{"name":"High-Speed Train Line","osmWayId":"_fullGeom26261031","purposeBuilt":false,"routeNames":["East Coast Main Line","GR C","GR B","GR HC","GR NL","Lumo: London King's Cross => Edinburgh Waverley (weekday late nights)","Lumo: London King's Cross => Edinburgh Waverley","Lumo: London King's Cross => Glasgow Queen Street"]},"geometry":{"type":"LineString","coordinates":[[-1.5983676,55.066806],[-1.5982897,55.0672138]]}},{"type":"Feature","properties":{"name":"High-Speed Train Line","osmWayId":"_fullGeom26261030","purposeBuilt":false,"routeNames":["East Coast Main Line","GR C","GR B","GR HC","GR NL","Lumo: London King's Cross => Edinburgh Waverley (weekday late nights)","Lumo: London King's Cross => Edinburgh Waverley","Lumo: London King's Cross => Glasgow Queen Street"]},"geometry":{"type":"LineString","coordinates":[[-1.5982897,55.0672138],[-1.5980788,55.0683699],[-1.5980265,55.06868],[-1.5978675,55.0696094],[-1.5977034,55.0705321],[-1.5975435,55.0714207],[-1.5971917,55.073414],[-1.5970915,55.0739815],[-1.5967639,55.0758426],[-1.5966724,55.0763148],[-1.596385,55.078017],[-1.596186,55.0790619],[-1.5960322,55.0801042],[-1.5959723,55.0806456],[-1.5959527,55.0812179],[-1.5959825,55.0818612],[-1.5960504,55.0825049],[-1.5961114,55.0828351],[-1.5961843,55.0831632],[-1.5962742,55.0834875],[-1.5963746,55.0838096]]}},{"type":"Feature","properties":{"name":"High-Speed Train Line","osmWayId":"_fullGeom26429933","purposeBuilt":false,"routeNames":["East Coast Main Line","GR C","GR B","GR HC","GR NL","Lumo: London King's Cross => Edinburgh Waverley (weekday late nights)","Lumo: London King's Cross => Edinburgh Waverley","Lumo: London King's Cross => Glasgow Queen Street"]},"geometry":{"type":"LineString","coordinates":[[-1.5963746,55.0838096],[-1.5966101,55.0844526],[-1.5967407,55.0847749],[-1.5968875,55.0850922],[-1.5972665,55.0857846],[-1.5974734,55.0861311],[-1.5976984,55.0864666],[-1.5983407,55.0873403],[-1.5987126,55.087754],[-1.5991464,55.088238],[-1.5994563,55.0885377],[-1.5998064,55.0888581],[-1.6000822,55.0891066],[-1.6003716,55.0893496],[-1.6006793,55.0896036],[-1.6010026,55.0898516],[-1.6013815,55.0901385],[-1.6018039,55.0904358],[-1.6021991,55.0906996],[-1.6026235,55.0909723],[-1.6032016,55.0913218],[-1.6038577,55.0916957],[-1.6041888,55.0918761],[-1.6045632,55.0920592],[-1.6048741,55.0922148],[-1.6052125,55.0923734],[-1.6058613,55.0926701],[-1.6065453,55.0929634],[-1.6070673,55.093167],[-1.6076156,55.0933653],[-1.608163,55.0935621],[-1.6087577,55.0937576],[-1.6092995,55.093928],[-1.6098873,55.0940997],[-1.6104614,55.09426],[-1.6110246,55.0944159]]}},{"type":"Feature","properties":{"name":"High-Speed Train Line","osmWayId":"_fullGeom307165157","purposeBuilt":false,"routeNames":["East Coast Main Line","GR C","GR B","GR HC","GR NL","Lumo: London King's Cross => Edinburgh Waverley (weekday late nights)","Lumo: London King's Cross => Edinburgh Waverley","Lumo: London King's Cross => Glasgow Queen Street"]},"geometry":{"type":"LineString","coordinates":[[-1.6110246,55.0944159],[-1.6117977,55.0945991]]}},{"type":"Feature","properties":{"name":"High-Speed Train Line","osmWayId":"_fullGeom307165153","purposeBuilt":false,"routeNames":["East Coast Main Line","GR C","GR B","GR HC","GR NL","Lumo: London King's Cross => Edinburgh Waverley (weekday late nights)","Lumo: London King's Cross => Edinburgh Waverley","Lumo: London King's Cross => Glasgow Queen Street"]},"geometry":{"type":"LineString","coordinates":[[-1.6117977,55.0945991],[-1.6123599,55.0947295],[-1.6129682,55.0948566],[-1.6135145,55.0949627],[-1.6140959,55.0950616],[-1.6146306,55.0951455],[-1.6152067,55.095229],[-1.615773,55.0953044],[-1.6163571,55.0953772]]}},{"type":"Feature","properties":{"name":"High-Speed Train Line","osmWayId":"_fullGeom798929543","purposeBuilt":false,"routeNames":["East Coast Main Line","GR C","GR B","GR HC","GR NL","Lumo: London King's Cross => Edinburgh Waverley (weekday late nights)","Lumo: London King's Cross => Edinburgh Waverley","Lumo: London King's Cross => Glasgow Queen Street"]},"geometry":{"type":"LineString","coordinates":[[-1.6163571,55.0953772],[-1.617806,55.095533]]}},{"type":"Feature","properties":{"name":"High-Speed Train Line","osmWayId":"_fullGeom307165158","purposeBuilt":false,"routeNames":["East Coast Main Line","GR C","GR B","GR HC","GR NL","Lumo: London King's Cross => Edinburgh Waverley (weekday late nights)","Lumo: London King's Cross => Edinburgh Waverley","Lumo: London King's Cross => Glasgow Queen Street"]},"geometry":{"type":"LineString","coordinates":[[-1.617806,55.095533],[-1.6179976,55.0955562]]}},{"type":"Feature","properties":{"name":"High-Speed Train Line","osmWayId":"_fullGeom797399454","purposeBuilt":false,"routeNames":["East Coast Main Line","GR C","GR B","GR HC","GR NL","Lumo: London King's Cross => Edinburgh Waverley (weekday late nights)","Lumo: London King's Cross => Edinburgh Waverley","Lumo: London King's Cross => Glasgow Queen Street"]},"geometry":{"type":"LineString","coordinates":[[-1.6179976,55.0955562],[-1.6182426,55.0955839]]}},{"type":"Feature","properties":{"name":"High-Speed Train Line","osmWayId":"_fullGeom797399453","purposeBuilt":false,"routeNames":["East Coast Main Line","GR C","GR B","GR HC","GR NL","Lumo: London King's Cross => Edinburgh Waverley (weekday late nights)","Lumo: London King's Cross => Edinburgh Waverley","Lumo: London King's Cross => Glasgow Queen Street"]},"geometry":{"type":"LineString","coordinates":[[-1.6182426,55.0955839],[-1.618689,55.0956377]]}},{"type":"Feature","properties":{"name":"High-Speed Train Line","osmWayId":"_fullGeom307165162","purposeBuilt":false,"routeNames":["East Coast Main Line","GR C","GR B","GR HC","GR NL","Lumo: London King's Cross => Edinburgh Waverley (weekday late nights)","Lumo: London King's Cross => Edinburgh Waverley","Lumo: London King's Cross => Glasgow Queen Street"]},"geometry":{"type":"LineString","coordinates":[[-1.618689,55.0956377],[-1.6198989,55.0957908],[-1.6206176,55.0958763]]}},{"type":"Feature","properties":{"name":"High-Speed Train Line","osmWayId":"_fullGeom798929539","purposeBuilt":false,"routeNames":["East Coast Main Line","GR C","GR B","GR HC","GR NL","Lumo: London King's Cross => Edinburgh Waverley (weekday late nights)","Lumo: London King's Cross => Edinburgh Waverley","Lumo: London King's Cross => Glasgow Queen Street"]},"geometry":{"type":"LineString","coordinates":[[-1.6206176,55.0958763],[-1.6213091,55.0959658],[-1.6220017,55.0960591],[-1.6226701,55.0961625],[-1.6235155,55.0963125],[-1.6243438,55.0964805],[-1.6249199,55.0966001],[-1.6255288,55.0967461],[-1.6261228,55.0968933],[-1.626679,55.0970451],[-1.6272471,55.0972101],[-1.627781,55.0973808],[-1.6283479,55.0975649],[-1.6288747,55.0977424],[-1.6308916,55.09849],[-1.6316342,55.0987568],[-1.6328558,55.0992211],[-1.6334477,55.0994471],[-1.6339274,55.0996303],[-1.6362917,55.100533],[-1.6372149,55.1008825],[-1.6386647,55.1014314],[-1.6395459,55.101765],[-1.6428584,55.1030212],[-1.6434899,55.1032709],[-1.6440767,55.1035144],[-1.6446711,55.103776],[-1.6452267,55.1040421],[-1.6456876,55.104279],[-1.6461192,55.1045218],[-1.6465286,55.1047725]]}},{"type":"Feature","properties":{"name":"High-Speed Train Line","osmWayId":"_fullGeom307165161","purposeBuilt":false,"routeNames":["East Coast Main Line","GR C","GR B","GR HC","GR NL","Lumo: London King's Cross => Edinburgh Waverley (weekday late nights)","Lumo: London King's Cross => Edinburgh Waverley","Lumo: London King's Cross => Glasgow Queen Street"]},"geometry":{"type":"LineString","coordinates":[[-1.6465286,55.1047725],[-1.6478718,55.1056123]]}},{"type":"Feature","properties":{"name":"High-Speed Train Line","osmWayId":"_fullGeom307165164","purposeBuilt":false,"routeNames":["East Coast Main Line","GR C","GR B","GR HC","GR NL","Lumo: London King's Cross => Edinburgh Waverley (weekday late nights)","Lumo: London King's Cross => Edinburgh Waverley","Lumo: London King's Cross => Glasgow Queen Street"]},"geometry":{"type":"LineString","coordinates":[[-1.6478718,55.1056123],[-1.6485348,55.1060318],[-1.6492781,55.1065501],[-1.6496556,55.1068238],[-1.6499946,55.1070801],[-1.6503181,55.1073544],[-1.6505923,55.1075911],[-1.6508762,55.107854],[-1.6511268,55.108092]]}},{"type":"Feature","properties":{"name":"High-Speed Train Line","osmWayId":"_fullGeom307165163","purposeBuilt":false,"routeNames":["East Coast Main Line","GR C","GR B","GR HC","GR NL","Lumo: London King's Cross => Edinburgh Waverley (weekday late nights)","Lumo: London King's Cross => Edinburgh Waverley","Lumo: London King's Cross => Glasgow Queen Street"]},"geometry":{"type":"LineString","coordinates":[[-1.6511268,55.108092],[-1.651208,55.1081667]]}},{"type":"Feature","properties":{"name":"High-Speed Train Line","osmWayId":"_fullGeom764150868","purposeBuilt":false,"routeNames":["East Coast Main Line","GR C","GR B","GR HC","GR NL","Lumo: London King's Cross => Edinburgh Waverley (weekday late nights)","Lumo: London King's Cross => Edinburgh Waverley","Lumo: London King's Cross => Glasgow Queen Street"]},"geometry":{"type":"LineString","coordinates":[[-1.651208,55.1081667],[-1.6518954,55.1088591],[-1.6524771,55.1095371],[-1.6528554,55.110033],[-1.6531894,55.110519],[-1.6535701,55.111192],[-1.6539114,55.1118687],[-1.6546193,55.1134564],[-1.6553063,55.1150196]]}},{"type":"Feature","properties":{"name":"High-Speed Train Line","osmWayId":"_fullGeom804407129","purposeBuilt":false,"routeNames":["East Coast Main Line","GR C","GR B","GR HC","GR NL","Lumo: London King's Cross => Edinburgh Waverley (weekday late nights)","Lumo: London King's Cross => Edinburgh Waverley","Lumo: London King's Cross => Glasgow Queen Street"]},"geometry":{"type":"LineString","coordinates":[[-1.6553063,55.1150196],[-1.6553207,55.1150538],[-1.6560982,55.1169069]]}},{"type":"Feature","properties":{"name":"High-Speed Train Line","osmWayId":"_fullGeom804407124","purposeBuilt":false,"routeNames":["East Coast Main Line","GR C","GR B","GR HC","GR NL","Lumo: London King's Cross => Edinburgh Waverley (weekday late nights)","Lumo: London King's Cross => Edinburgh Waverley","Lumo: London King's Cross => Glasgow Queen Street"]},"geometry":{"type":"LineString","coordinates":[[-1.6560982,55.1169069],[-1.6561678,55.1170717]]}},{"type":"Feature","properties":{"name":"High-Speed Train Line","osmWayId":"_fullGeom804407123","purposeBuilt":false,"routeNames":["East Coast Main Line","GR C","GR B","GR HC","GR NL","Lumo: London King's Cross => Edinburgh Waverley (weekday late nights)","Lumo: London King's Cross => Edinburgh Waverley","Lumo: London King's Cross => Glasgow Queen Street"]},"geometry":{"type":"LineString","coordinates":[[-1.6561678,55.1170717],[-1.6566041,55.1181164]]}},{"type":"Feature","properties":{"name":"High-Speed Train Line","osmWayId":"_fullGeom804407128","purposeBuilt":false,"routeNames":["East Coast Main Line","GR C","GR B","GR HC","GR NL","Lumo: London King's Cross => Edinburgh Waverley (weekday late nights)","Lumo: London King's Cross => Edinburgh Waverley","Lumo: London King's Cross => Glasgow Queen Street"]},"geometry":{"type":"LineString","coordinates":[[-1.6566041,55.1181164],[-1.6579752,55.1212069],[-1.6592109,55.1239245],[-1.6599473,55.1256989],[-1.6603214,55.1265819],[-1.6605132,55.1270204],[-1.6606162,55.1272423],[-1.6607192,55.1274644],[-1.6609523,55.1279775],[-1.6614192,55.128928],[-1.6614555,55.1289994],[-1.6619365,55.129851],[-1.6625021,55.1307485],[-1.6627895,55.1311934],[-1.6631043,55.131635],[-1.6653053,55.1347282],[-1.6653853,55.1348407],[-1.6672081,55.1374425],[-1.6678132,55.1383092],[-1.669061,55.1400477],[-1.6693474,55.1404388],[-1.6712565,55.143046],[-1.6718047,55.1437192],[-1.6724148,55.1443972],[-1.6739825,55.1459737],[-1.6749648,55.146992],[-1.6759206,55.1479755],[-1.6778315,55.1499364],[-1.6801545,55.1523068],[-1.6803193,55.152475],[-1.6820128,55.1541718],[-1.6830584,55.1552085],[-1.6836541,55.1557998],[-1.6852661,55.1574002]]}},{"type":"Feature","properties":{"name":"High-Speed Train Line","osmWayId":"_fullGeom563113421","purposeBuilt":false,"routeNames":["East Coast Main Line","GR C","GR B","GR HC","GR NL","Lumo: London King's Cross => Edinburgh Waverley (weekday late nights)","Lumo: London King's Cross => Edinburgh Waverley","Lumo: London King's Cross => Glasgow Queen Street"]},"geometry":{"type":"LineString","coordinates":[[-1.6852661,55.1574002],[-1.6855194,55.1576525],[-1.6856965,55.1578351],[-1.6858571,55.1580206],[-1.6861165,55.1583763],[-1.6862001,55.158542],[-1.686265,55.1586806],[-1.6863267,55.1588294],[-1.68637,55.1589615],[-1.6864209,55.1594861],[-1.6863795,55.1597801],[-1.6863427,55.1600251],[-1.6862887,55.1601726],[-1.6861809,55.1604055],[-1.6860709,55.1605853],[-1.6860319,55.1606443],[-1.6859407,55.160772],[-1.6858477,55.1608871],[-1.6856375,55.161116],[-1.6854131,55.1613101],[-1.685179,55.1614908],[-1.6849091,55.1616744],[-1.6846366,55.1618373],[-1.6843586,55.161977],[-1.6840625,55.1621076]]}},{"type":"Feature","properties":{"name":"High-Speed Train Line","osmWayId":"_fullGeom307165154","purposeBuilt":false,"routeNames":["East Coast Main Line","GR C","GR B","GR HC","GR NL","Lumo: London King's Cross => Edinburgh Waverley (weekday late nights)","Lumo: London King's Cross => Edinburgh Waverley","Lumo: London King's Cross => Glasgow Queen Street"]},"geometry":{"type":"LineString","coordinates":[[-1.6840625,55.1621076],[-1.6838123,55.1621911]]}},{"type":"Feature","properties":{"name":"High-Speed Train Line","osmWayId":"_fullGeom865658083","purposeBuilt":false,"routeNames":["East Coast Main Line","GR C","GR B","GR HC","GR NL","Lumo: London King's Cross => Edinburgh Waverley (weekday late nights)","Lumo: London King's Cross => Edinburgh Waverley","Lumo: London King's Cross => Glasgow Queen Street"]},"geometry":{"type":"LineString","coordinates":[[-1.6838123,55.1621911],[-1.6836086,55.162262],[-1.6832075,55.16237],[-1.6828073,55.1624649]]}},{"type":"Feature","properties":{"name":"High-Speed Train Line","osmWayId":"_fullGeom307173701","purposeBuilt":false,"routeNames":["East Coast Main Line","GR C","GR B","GR HC","GR NL","Lumo: London King's Cross => Edinburgh Waverley (weekday late nights)","Lumo: London King's Cross => Edinburgh Waverley","Lumo: London King's Cross => Glasgow Queen Street"]},"geometry":{"type":"LineString","coordinates":[[-1.6828073,55.1624649],[-1.6820248,55.1626431],[-1.6817081,55.1627152],[-1.6809234,55.1628853],[-1.6802569,55.1630355],[-1.679735,55.1631533]]}},{"type":"Feature","properties":{"name":"High-Speed Train Line","osmWayId":"_fullGeom865699769","purposeBuilt":false,"routeNames":["East Coast Main Line","GR C","GR B","GR HC","GR NL","Lumo: London King's Cross => Edinburgh Waverley (weekday late nights)","Lumo: London King's Cross => Edinburgh Waverley","Lumo: London King's Cross => Glasgow Queen Street"]},"geometry":{"type":"LineString","coordinates":[[-1.679735,55.1631533],[-1.6795662,55.1631914]]}},{"type":"Feature","properties":{"name":"High-Speed Train Line","osmWayId":"_fullGeom563128405","purposeBuilt":false,"routeNames":["East Coast Main Line","GR C","GR B","GR HC","GR NL","Lumo: London King's Cross => Edinburgh Waverley (weekday late nights)","Lumo: London King's Cross => Edinburgh Waverley","Lumo: London King's Cross => Glasgow Queen Street"]},"geometry":{"type":"LineString","coordinates":[[-1.6795662,55.1631914],[-1.677863,55.1635643],[-1.6767863,55.1638068],[-1.6757071,55.1640564],[-1.6754531,55.1641238],[-1.675219,55.1641969],[-1.6749973,55.1642708],[-1.6748053,55.1643308],[-1.6744991,55.1644418],[-1.6742348,55.1645318],[-1.6737264,55.1647169],[-1.6732617,55.1648994],[-1.67315,55.164949],[-1.6726404,55.1651675],[-1.6720201,55.1654607],[-1.6709792,55.1660554],[-1.6701156,55.1666406],[-1.6698202,55.1668633],[-1.6695556,55.1670813],[-1.6693487,55.1672648],[-1.6691283,55.1674691],[-1.6688494,55.1677276],[-1.668594,55.1679869],[-1.6682996,55.168318],[-1.6681086,55.1685328]]}},{"type":"Feature","properties":{"name":"High-Speed Train Line","osmWayId":"_fullGeom563128403","purposeBuilt":false,"routeNames":["East Coast Main Line","GR C","GR B","GR HC","GR NL","Lumo: London King's Cross => Edinburgh Waverley (weekday late nights)","Lumo: London King's Cross => Edinburgh Waverley","Lumo: London King's Cross => Glasgow Queen Street"]},"geometry":{"type":"LineString","coordinates":[[-1.6681086,55.1685328],[-1.6677738,55.1689361]]}},{"type":"Feature","properties":{"name":"High-Speed Train Line","osmWayId":"_fullGeom865699768","purposeBuilt":false,"routeNames":["East Coast Main Line","GR C","GR B","GR HC","GR NL","Lumo: London King's Cross => Edinburgh Waverley (weekday late nights)","Lumo: London King's Cross => Edinburgh Waverley","Lumo: London King's Cross => Glasgow Queen Street"]},"geometry":{"type":"LineString","coordinates":[[-1.6677738,55.1689361],[-1.6676493,55.1690888]]}},{"type":"Feature","properties":{"name":"High-Speed Train Line","osmWayId":"_fullGeom798963208","purposeBuilt":false,"routeNames":["East Coast Main Line","GR C","GR B","GR HC","GR NL","Lumo: London King's Cross => Edinburgh Waverley (weekday late nights)","Lumo: London King's Cross => Edinburgh Waverley","Lumo: London King's Cross => Glasgow Queen Street"]},"geometry":{"type":"LineString","coordinates":[[-1.6676493,55.1690888],[-1.6670026,55.1698258]]}},{"type":"Feature","properties":{"name":"High-Speed Train Line","osmWayId":"_fullGeom307173706","purposeBuilt":false,"routeNames":["East Coast Main Line","GR C","GR B","GR HC","GR NL","Lumo: London King's Cross => Edinburgh Waverley (weekday late nights)","Lumo: London King's Cross => Edinburgh Waverley","Lumo: London King's Cross => Glasgow Queen Street"]},"geometry":{"type":"LineString","coordinates":[[-1.6670026,55.1698258],[-1.6665402,55.1702776],[-1.6662868,55.1705155],[-1.6660281,55.1707375],[-1.6656994,55.1709885],[-1.6655559,55.1710924],[-1.6653711,55.1712263],[-1.664779,55.1716567]]}},{"type":"Feature","properties":{"name":"High-Speed Train Line","osmWayId":"_fullGeom307173698","purposeBuilt":false,"routeNames":["East Coast Main Line","GR C","GR B","GR HC","GR NL","Lumo: London King's Cross => Edinburgh Waverley (weekday late nights)","Lumo: London King's Cross => Edinburgh Waverley","Lumo: London King's Cross => Glasgow Queen Street"]},"geometry":{"type":"LineString","coordinates":[[-1.664779,55.1716567],[-1.6630838,55.172744]]}},{"type":"Feature","properties":{"name":"High-Speed Train Line","osmWayId":"_fullGeom798963205","purposeBuilt":false,"routeNames":["East Coast Main Line","GR C","GR B","GR HC","GR NL","Lumo: London King's Cross => Edinburgh Waverley (weekday late nights)","Lumo: London King's Cross => Edinburgh Waverley","Lumo: London King's Cross => Glasgow Queen Street"]},"geometry":{"type":"LineString","coordinates":[[-1.6630838,55.172744],[-1.6627617,55.1729405],[-1.6622651,55.1732148]]}},{"type":"Feature","properties":{"name":"High-Speed Train Line","osmWayId":"_fullGeom307173707","purposeBuilt":false,"routeNames":["East Coast Main Line","GR C","GR B","GR HC","GR NL","Lumo: London King's Cross => Edinburgh Waverley (weekday late nights)","Lumo: London King's Cross => Edinburgh Waverley","Lumo: London King's Cross => Glasgow Queen Street"]},"geometry":{"type":"LineString","coordinates":[[-1.6622651,55.1732148],[-1.6618011,55.1734739],[-1.6611202,55.1738422],[-1.6610313,55.1738835],[-1.6603813,55.1741853],[-1.6597617,55.174445],[-1.6591313,55.1746893],[-1.6585359,55.1748999],[-1.6580343,55.1750607],[-1.6573893,55.1752568],[-1.656771,55.1754253],[-1.6558658,55.1756458],[-1.6552556,55.1757768],[-1.6546212,55.1759009],[-1.6542041,55.1759706],[-1.6532747,55.1761176],[-1.6521053,55.1762846],[-1.6505134,55.1765128],[-1.6497034,55.1766514],[-1.6488196,55.1768237],[-1.6481933,55.1769616],[-1.6475911,55.1771063],[-1.6475175,55.1771257],[-1.6466604,55.1773521],[-1.6457887,55.1776133],[-1.645263,55.1777886],[-1.6446581,55.1780023],[-1.6436188,55.1783921],[-1.6430227,55.1786289],[-1.642449,55.1789104],[-1.6419397,55.1791625],[-1.6412357,55.1795247],[-1.6405806,55.1798988],[-1.6399028,55.1803207],[-1.6392656,55.1807522],[-1.6381216,55.18159]]}},{"type":"Feature","properties":{"name":"High-Speed Train Line","osmWayId":"_fullGeom798963203","purposeBuilt":false,"routeNames":["East Coast Main Line","GR C","GR B","GR HC","GR NL","Lumo: London King's Cross => Edinburgh Waverley (weekday late nights)","Lumo: London King's Cross => Edinburgh Waverley","Lumo: London King's Cross => Glasgow Queen Street"]},"geometry":{"type":"LineString","coordinates":[[-1.6381216,55.18159],[-1.6375179,55.1820644]]}},{"type":"Feature","properties":{"name":"High-Speed Train Line","osmWayId":"_fullGeom838947302","purposeBuilt":false,"routeNames":["East Coast Main Line","GR C","GR B","GR HC","GR NL","Lumo: London King's Cross => Edinburgh Waverley (weekday late nights)","Lumo: London King's Cross => Edinburgh Waverley","Lumo: London King's Cross => Glasgow Queen Street"]},"geometry":{"type":"LineString","coordinates":[[-1.6375179,55.1820644],[-1.6374194,55.1821359]]}},{"type":"Feature","properties":{"name":"High-Speed Train Line","osmWayId":"_fullGeom838947301","purposeBuilt":false,"routeNames":["East Coast Main Line","GR C","GR B","GR HC","GR NL","Lumo: London King's Cross => Edinburgh Waverley (weekday late nights)","Lumo: London King's Cross => Edinburgh Waverley","Lumo: London King's Cross => Glasgow Queen Street"]},"geometry":{"type":"LineString","coordinates":[[-1.6374194,55.1821359],[-1.6370215,55.1824248],[-1.6359567,55.183222],[-1.6346838,55.1841674]]}},{"type":"Feature","properties":{"name":"High-Speed Train Line","osmWayId":"_fullGeom838947296","purposeBuilt":false,"routeNames":["East Coast Main Line","GR C","GR B","GR HC","GR NL","Lumo: London King's Cross => Edinburgh Waverley (weekday late nights)","Lumo: London King's Cross => Edinburgh Waverley","Lumo: London King's Cross => Glasgow Queen Street"]},"geometry":{"type":"LineString","coordinates":[[-1.6346838,55.1841674],[-1.6345162,55.1842955]]}},{"type":"Feature","properties":{"name":"High-Speed Train Line","osmWayId":"_fullGeom838947295","purposeBuilt":false,"routeNames":["East Coast Main Line","GR C","GR B","GR HC","GR NL","Lumo: London King's Cross => Edinburgh Waverley (weekday late nights)","Lumo: London King's Cross => Edinburgh Waverley","Lumo: London King's Cross => Glasgow Queen Street"]},"geometry":{"type":"LineString","coordinates":[[-1.6345162,55.1842955],[-1.6343897,55.1843914],[-1.6334682,55.1850646],[-1.6325617,55.1857361],[-1.632459,55.1858145]]}},{"type":"Feature","properties":{"name":"High-Speed Train Line","osmWayId":"_fullGeom563128401","purposeBuilt":false,"routeNames":["East Coast Main Line","GR C","GR B","GR HC","GR NL","Lumo: London King's Cross => Edinburgh Waverley (weekday late nights)","Lumo: London King's Cross => Edinburgh Waverley","Lumo: London King's Cross => Glasgow Queen Street"]},"geometry":{"type":"LineString","coordinates":[[-1.632459,55.1858145],[-1.6318346,55.1863211],[-1.6311988,55.186882],[-1.6306202,55.1874348],[-1.6300486,55.1880299],[-1.6294837,55.1886994],[-1.628935,55.1893923],[-1.6287253,55.1897023],[-1.6285114,55.1900152],[-1.6283064,55.190327],[-1.6281012,55.1906303],[-1.6279576,55.1908874],[-1.6278086,55.1911502],[-1.6275481,55.1916761],[-1.6274084,55.1919828],[-1.6272905,55.1922874],[-1.6270516,55.1929086],[-1.6269078,55.1933454],[-1.6267921,55.1937925],[-1.6266808,55.1942334],[-1.6265932,55.1946779],[-1.6264851,55.1955675],[-1.6264449,55.1964711],[-1.6264502,55.1968432],[-1.6264664,55.1979938],[-1.6264803,55.1982569],[-1.6265117,55.1988515],[-1.626523,55.1993106],[-1.6265332,55.1997284],[-1.6265838,55.2016276],[-1.6265542,55.2021712],[-1.6264877,55.2026988],[-1.626438,55.2030117],[-1.6263754,55.2033091],[-1.6263039,55.2036087],[-1.6262284,55.2038895],[-1.6257707,55.205108],[-1.6257257,55.2052126],[-1.6251871,55.2062882],[-1.6248769,55.2068877],[-1.6246795,55.2072599]]}},{"type":"Feature","properties":{"name":"High-Speed Train Line","osmWayId":"_fullGeom307173696","purposeBuilt":false,"routeNames":["East Coast Main Line","GR C","GR B","GR HC","GR NL","Lumo: London King's Cross => Edinburgh Waverley (weekday late nights)","Lumo: London King's Cross => Edinburgh Waverley","Lumo: London King's Cross => Glasgow Queen Street"]},"geometry":{"type":"LineString","coordinates":[[-1.6246795,55.2072599],[-1.6242231,55.2081476],[-1.6240746,55.2084281],[-1.6231416,55.2102779],[-1.6228197,55.210916],[-1.6222378,55.2120126],[-1.6216679,55.2131199],[-1.6195273,55.2173037],[-1.6176269,55.2209987],[-1.6175154,55.2212141],[-1.6172928,55.2216444]]}},{"type":"Feature","properties":{"name":"High-Speed Train Line","osmWayId":"_fullGeom717285102","purposeBuilt":false,"routeNames":["East Coast Main Line","GR C","GR B","GR HC","GR NL","Lumo: London King's Cross => Edinburgh Waverley (weekday late nights)","Lumo: London King's Cross => Edinburgh Waverley","Lumo: London King's Cross => Glasgow Queen Street"]},"geometry":{"type":"LineString","coordinates":[[-1.6172928,55.2216444],[-1.6162859,55.2236113]]}},{"type":"Feature","properties":{"name":"High-Speed Train Line","osmWayId":"_fullGeom717285103","purposeBuilt":false,"routeNames":["East Coast Main Line","GR C","GR B","GR HC","GR NL","Lumo: London King's Cross => Edinburgh Waverley (weekday late nights)","Lumo: London King's Cross => Edinburgh Waverley","Lumo: London King's Cross => Glasgow Queen Street"]},"geometry":{"type":"LineString","coordinates":[[-1.6162859,55.2236113],[-1.6160992,55.2239722],[-1.6153842,55.2253682],[-1.6146818,55.226743],[-1.614036,55.2280001],[-1.6139451,55.2281775],[-1.6133546,55.2293296]]}},{"type":"Feature","properties":{"name":"High-Speed Train Line","osmWayId":"_fullGeom563128399","purposeBuilt":false,"routeNames":["East Coast Main Line","GR C","GR B","GR HC","GR NL","Lumo: London King's Cross => Edinburgh Waverley (weekday late nights)","Lumo: London King's Cross => Edinburgh Waverley","Lumo: London King's Cross => Glasgow Queen Street"]},"geometry":{"type":"LineString","coordinates":[[-1.6133546,55.2293296],[-1.6128029,55.2304135]]}},{"type":"Feature","properties":{"name":"High-Speed Train Line","osmWayId":"_fullGeom717285098","purposeBuilt":false,"routeNames":["East Coast Main Line","GR C","GR B","GR HC","GR NL","Lumo: London King's Cross => Edinburgh Waverley (weekday late nights)","Lumo: London King's Cross => Edinburgh Waverley","Lumo: London King's Cross => Glasgow Queen Street"]},"geometry":{"type":"LineString","coordinates":[[-1.6128029,55.2304135],[-1.6127506,55.2305198],[-1.6126908,55.2306411],[-1.6124542,55.2311209],[-1.6123167,55.2314242],[-1.6121935,55.2317241],[-1.6120861,55.2320121],[-1.6119888,55.2323211],[-1.6119039,55.2326236],[-1.6118393,55.232925],[-1.6117649,55.2334247],[-1.6117374,55.2339414],[-1.6117354,55.2342289],[-1.611746,55.2345064],[-1.6117776,55.2347894],[-1.6118165,55.2350632],[-1.6118681,55.235342],[-1.6119297,55.2356148],[-1.6120163,55.2359052],[-1.6120988,55.2361529],[-1.6122929,55.2366313],[-1.6125105,55.2370996],[-1.6127667,55.2375473],[-1.613053,55.2379965],[-1.6133574,55.2384247],[-1.6137083,55.238857],[-1.6141427,55.2393416],[-1.6144458,55.2396418],[-1.614602,55.2397965],[-1.6148226,55.2399961],[-1.6150372,55.240188],[-1.6152538,55.2403719]]}},{"type":"Feature","properties":{"name":"High-Speed Train Line","osmWayId":"_fullGeom563128397","purposeBuilt":false,"routeNames":["East Coast Main Line","GR C","GR B","GR HC","GR NL","Lumo: London King's Cross => Edinburgh Waverley (weekday late nights)","Lumo: London King's Cross => Edinburgh Waverley","Lumo: London King's Cross => Glasgow Queen Street"]},"geometry":{"type":"LineString","coordinates":[[-1.6152538,55.2403719],[-1.6154707,55.2405439],[-1.6156494,55.2406854],[-1.6158385,55.2408272],[-1.6162593,55.2411287],[-1.6165191,55.241302],[-1.6166431,55.2413854],[-1.6167927,55.2414819],[-1.617077,55.2416583],[-1.6174606,55.2418862],[-1.6179219,55.2421492],[-1.6184798,55.2424451],[-1.6190846,55.2427501],[-1.6197619,55.2430682],[-1.6205411,55.2434046],[-1.6211177,55.2436286],[-1.6217628,55.2438694],[-1.6220096,55.2439574],[-1.6223341,55.2440682],[-1.623057,55.2443006],[-1.6237772,55.2445178],[-1.6244839,55.2447272],[-1.6259618,55.2451508],[-1.6284871,55.2458801],[-1.6320233,55.2469035],[-1.6322462,55.246968],[-1.6341452,55.2475116],[-1.6360509,55.248065],[-1.6367523,55.2482783],[-1.6372271,55.2484274],[-1.6378386,55.2486353],[-1.6383603,55.2488172],[-1.6387989,55.248977],[-1.6392401,55.2491502],[-1.6396605,55.2493225],[-1.6401111,55.2495121],[-1.6406295,55.2497418],[-1.6410907,55.2499481],[-1.6415562,55.250181],[-1.6420054,55.2504092],[-1.6422529,55.2505387],[-1.6424634,55.2506534],[-1.6426814,55.250773],[-1.6429067,55.2508992],[-1.6433184,55.2511411],[-1.64371,55.2513777],[-1.6440412,55.251591],[-1.6443544,55.2517977],[-1.6446595,55.2520102],[-1.6448644,55.2521509],[-1.6449563,55.252214],[-1.645316,55.2524808],[-1.6456298,55.2527215],[-1.645953,55.2529787],[-1.646246,55.2532298],[-1.6464485,55.2533989],[-1.6466383,55.2535749],[-1.6468286,55.2537519],[-1.6469911,55.2539037],[-1.6471396,55.2540501],[-1.6473628,55.2542737],[-1.6475473,55.2544643],[-1.6479511,55.2549067],[-1.648324,55.2553463]]}},{"type":"Feature","properties":{"name":"High-Speed Train Line","osmWayId":"_fullGeom563128395","purposeBuilt":false,"routeNames":["East Coast Main Line","GR C","GR B","GR HC","GR NL","Lumo: London King's Cross => Edinburgh Waverley (weekday late nights)","Lumo: London King's Cross => Edinburgh Waverley","Lumo: London King's Cross => Glasgow Queen Street"]},"geometry":{"type":"LineString","coordinates":[[-1.648324,55.2553463],[-1.6487552,55.2559126],[-1.6491358,55.2564681],[-1.6494814,55.2570323],[-1.6496041,55.2572501],[-1.6497255,55.2574775],[-1.6498348,55.2576999],[-1.6499186,55.2578757],[-1.6500809,55.2582399],[-1.6501936,55.2585242],[-1.6502962,55.2587898],[-1.6504101,55.2591367],[-1.650504,55.2594611],[-1.6507079,55.2603457],[-1.6508396,55.2609959],[-1.6509317,55.2614194],[-1.6509734,55.2616113],[-1.6511071,55.262245],[-1.6512296,55.2628691],[-1.6513333,55.2633714],[-1.6516694,55.2650004],[-1.6517499,55.2653928],[-1.6518545,55.2659078],[-1.6519927,55.2665754],[-1.65201,55.2666422],[-1.6522607,55.2678546],[-1.6525813,55.2694175]]}},{"type":"Feature","properties":{"name":"High-Speed Train Line","osmWayId":"_fullGeom3992103","purposeBuilt":false,"routeNames":["East Coast Main Line","railway","GR B","GR C","GR A","Lumo: Edinburgh Waverley => Newcastle","Lumo: Edinburgh Waverley => London King's Cross","Lumo: Glasgow Queen Street => London King's Cross"]},"geometry":{"type":"LineString","coordinates":[[-1.6525258,55.2694208],[-1.6522059,55.2678559],[-1.6519352,55.2665798],[-1.6517995,55.2659127],[-1.6516956,55.2654035],[-1.6516118,55.2650004],[-1.6512788,55.2633745],[-1.6511759,55.2628722],[-1.6510472,55.2622524],[-1.6509171,55.2616128],[-1.6508762,55.2614227],[-1.6507857,55.2610022],[-1.6506529,55.260348],[-1.6504507,55.2594696],[-1.6503507,55.2591394],[-1.6502366,55.258795],[-1.6501401,55.2585314],[-1.6500306,55.2582452],[-1.6498697,55.257886],[-1.6497839,55.2577083],[-1.6496712,55.2574851],[-1.6495525,55.2572601],[-1.6494285,55.2570407],[-1.6490798,55.2564726],[-1.6487063,55.2559248],[-1.6482699,55.2553572]]}},{"type":"Feature","properties":{"name":"High-Speed Train Line","osmWayId":"_fullGeom563128394","purposeBuilt":false,"routeNames":["East Coast Main Line","railway","GR B","GR C","GR A","Lumo: Edinburgh Waverley => Newcastle","Lumo: Edinburgh Waverley => London King's Cross","Lumo: Glasgow Queen Street => London King's Cross"]},"geometry":{"type":"LineString","coordinates":[[-1.6482699,55.2553572],[-1.6479033,55.2549226],[-1.6474954,55.2544747],[-1.6473166,55.2542884],[-1.6470936,55.2540676],[-1.6469445,55.253922],[-1.6467838,55.2537675],[-1.6465981,55.2535955],[-1.6462011,55.2532424],[-1.6459101,55.2530001],[-1.6455875,55.2527406],[-1.6452724,55.2524998],[-1.6449143,55.2522311],[-1.644827,55.2521699],[-1.644628,55.2520305],[-1.6443115,55.2518172],[-1.644001,55.2516104],[-1.6436652,55.2513997],[-1.6432808,55.2511659],[-1.6428603,55.2509192],[-1.642645,55.2507965],[-1.6424273,55.2506737],[-1.6422144,55.2505632],[-1.6419666,55.2504313],[-1.641518,55.2502055],[-1.6410539,55.2499754],[-1.6406008,55.2497689],[-1.6400802,55.2495348],[-1.6396356,55.2493454],[-1.6392073,55.2491755],[-1.6387606,55.2490038],[-1.6383261,55.2488432],[-1.6378111,55.2486598],[-1.6371963,55.2484567],[-1.6367269,55.2483081],[-1.6360201,55.2480933],[-1.6341182,55.2475396],[-1.6322194,55.2469932],[-1.6320042,55.2469311],[-1.6284591,55.2459081],[-1.6259256,55.2451768],[-1.624463,55.2447519],[-1.6237508,55.2445469],[-1.6230302,55.2443302],[-1.62231,55.2440923],[-1.6219906,55.2439817],[-1.6217327,55.2438887],[-1.6210915,55.2436526],[-1.6205116,55.2434252],[-1.6197335,55.2430902],[-1.6190472,55.2427742],[-1.6184464,55.2424697],[-1.6178869,55.2421752],[-1.6174196,55.2419073],[-1.6170394,55.2416805],[-1.6167418,55.241493],[-1.6166058,55.2414028],[-1.6162192,55.2411444],[-1.6159344,55.2409423],[-1.6157969,55.2408429],[-1.615605,55.2407],[-1.6154284,55.2405636],[-1.6152129,55.2403883]]}},{"type":"Feature","properties":{"name":"High-Speed Train Line","osmWayId":"_fullGeom563128396","purposeBuilt":false,"routeNames":["East Coast Main Line","railway","GR B","GR C","GR A","Lumo: Edinburgh Waverley => Newcastle","Lumo: Edinburgh Waverley => London King's Cross","Lumo: Glasgow Queen Street => London King's Cross"]},"geometry":{"type":"LineString","coordinates":[[-1.6152129,55.2403883],[-1.6149916,55.2402014],[-1.614779,55.2400144],[-1.6145544,55.2398126],[-1.614397,55.2396569],[-1.6140904,55.2393534],[-1.6136558,55.2388717],[-1.6133098,55.23844],[-1.613002,55.2380057],[-1.612713,55.2375565],[-1.6124616,55.2371088],[-1.612239,55.2366385],[-1.6120479,55.2361587],[-1.6119647,55.2359097],[-1.6118802,55.2356192],[-1.6118138,55.2353446],[-1.6117609,55.235067],[-1.6117186,55.2347914],[-1.6116918,55.2345088],[-1.611679,55.2342278],[-1.6116804,55.233941],[-1.6117086,55.2334236],[-1.6117823,55.2329212],[-1.6118534,55.232618],[-1.6119318,55.2323151],[-1.6120304,55.2320073],[-1.6121401,55.2317171],[-1.6122621,55.2314169],[-1.6123965,55.2311125],[-1.6126367,55.2306316],[-1.6126956,55.2305137],[-1.6127479,55.2304005]]}},{"type":"Feature","properties":{"name":"High-Speed Train Line","osmWayId":"_fullGeom717285097","purposeBuilt":false,"routeNames":["East Coast Main Line","railway","GR B","GR C","GR A","Lumo: Edinburgh Waverley => Newcastle","Lumo: Edinburgh Waverley => London King's Cross","Lumo: Glasgow Queen Street => London King's Cross"]},"geometry":{"type":"LineString","coordinates":[[-1.6127479,55.2304005],[-1.6133025,55.2293206]]}},{"type":"Feature","properties":{"name":"High-Speed Train Line","osmWayId":"_fullGeom563128398","purposeBuilt":false,"routeNames":["East Coast Main Line","railway","GR B","GR C","GR A","Lumo: Edinburgh Waverley => Newcastle","Lumo: Edinburgh Waverley => London King's Cross","Lumo: Glasgow Queen Street => London King's Cross"]},"geometry":{"type":"LineString","coordinates":[[-1.6133025,55.2293206],[-1.6138963,55.2281657],[-1.6139824,55.2279982],[-1.6146255,55.2267289],[-1.6153366,55.2253599],[-1.6160482,55.2239639],[-1.6161932,55.2236888],[-1.6162363,55.2236071]]}},{"type":"Feature","properties":{"name":"High-Speed Train Line","osmWayId":"_fullGeom717285104","purposeBuilt":false,"routeNames":["East Coast Main Line","railway","GR B","GR C","GR A","Lumo: Edinburgh Waverley => Newcastle","Lumo: Edinburgh Waverley => London King's Cross","Lumo: Glasgow Queen Street => London King's Cross"]},"geometry":{"type":"LineString","coordinates":[[-1.6162363,55.2236071],[-1.6172426,55.2216376]]}},{"type":"Feature","properties":{"name":"High-Speed Train Line","osmWayId":"_fullGeom717285101","purposeBuilt":false,"routeNames":["East Coast Main Line","railway","GR B","GR C","GR A","Lumo: Edinburgh Waverley => Newcastle","Lumo: Edinburgh Waverley => London King's Cross","Lumo: Glasgow Queen Street => London King's Cross"]},"geometry":{"type":"LineString","coordinates":[[-1.6172426,55.2216376],[-1.6174669,55.2212037],[-1.6175775,55.2209897],[-1.6194667,55.2172923],[-1.6216,55.2131084],[-1.6221865,55.2120031],[-1.622747,55.2109064],[-1.6230762,55.210266],[-1.6241819,55.2081149],[-1.6246249,55.2072487]]}},{"type":"Feature","properties":{"name":"High-Speed Train Line","osmWayId":"_fullGeom3992104","purposeBuilt":false,"routeNames":["East Coast Main Line","railway","GR B","GR C","GR A","Lumo: Edinburgh Waverley => Newcastle","Lumo: Edinburgh Waverley => London King's Cross","Lumo: Glasgow Queen Street => London King's Cross"]},"geometry":{"type":"LineString","coordinates":[[-1.6246249,55.2072487],[-1.6248092,55.206876],[-1.6249897,55.2065361],[-1.6256576,55.2052017],[-1.6257169,55.2050778],[-1.6261588,55.2038823],[-1.6262338,55.2036029],[-1.6263052,55.2033039],[-1.6263676,55.2030075],[-1.6264171,55.2026956],[-1.6264835,55.2021691],[-1.626513,55.2016273],[-1.6264625,55.199729],[-1.626442,55.1988613],[-1.6263956,55.1979946],[-1.6263794,55.1968426],[-1.6263742,55.1964707],[-1.6264144,55.1955656],[-1.6265227,55.1946742],[-1.6266106,55.1942282],[-1.626722,55.1937867],[-1.626838,55.1933388],[-1.6269823,55.1929006],[-1.6272214,55.1922787],[-1.6273396,55.1919733],[-1.6274798,55.1916655],[-1.6277409,55.1911385],[-1.6278902,55.1908751],[-1.6280345,55.1906169],[-1.6282402,55.1903126],[-1.6284453,55.1900008],[-1.6286593,55.1896877],[-1.6288697,55.1893767],[-1.6294195,55.1886823],[-1.6299857,55.1880114],[-1.6305587,55.1874147],[-1.6311387,55.1868607],[-1.631776,55.1862985],[-1.6324017,55.1857907]]}},{"type":"Feature","properties":{"name":"High-Speed Train Line","osmWayId":"_fullGeom798963202","purposeBuilt":false,"routeNames":["East Coast Main Line","railway","GR B","GR C","GR A","Lumo: Edinburgh Waverley => Newcastle","Lumo: Edinburgh Waverley => London King's Cross","Lumo: Glasgow Queen Street => London King's Cross"]},"geometry":{"type":"LineString","coordinates":[[-1.6324017,55.1857907],[-1.6325053,55.1857116],[-1.6328942,55.1854236],[-1.6334123,55.1850399],[-1.6343337,55.1843667],[-1.6344626,55.1842714]]}},{"type":"Feature","properties":{"name":"High-Speed Train Line","osmWayId":"_fullGeom838947298","purposeBuilt":false,"routeNames":["East Coast Main Line","railway","GR B","GR C","GR A","Lumo: Edinburgh Waverley => Newcastle","Lumo: Edinburgh Waverley => London King's Cross","Lumo: Glasgow Queen Street => London King's Cross"]},"geometry":{"type":"LineString","coordinates":[[-1.6344626,55.1842714],[-1.6346341,55.1841438]]}},{"type":"Feature","properties":{"name":"High-Speed Train Line","osmWayId":"_fullGeom838947297","purposeBuilt":false,"routeNames":["East Coast Main Line","railway","GR B","GR C","GR A","Lumo: Edinburgh Waverley => Newcastle","Lumo: Edinburgh Waverley => London King's Cross","Lumo: Glasgow Queen Street => London King's Cross"]},"geometry":{"type":"LineString","coordinates":[[-1.6346341,55.1841438],[-1.6359005,55.1831975],[-1.6369655,55.1824001],[-1.6373723,55.1821047]]}},{"type":"Feature","properties":{"name":"High-Speed Train Line","osmWayId":"_fullGeom838947304","purposeBuilt":false,"routeNames":["East Coast Main Line","railway","GR B","GR C","GR A","Lumo: Edinburgh Waverley => Newcastle","Lumo: Edinburgh Waverley => London King's Cross","Lumo: Glasgow Queen Street => London King's Cross"]},"geometry":{"type":"LineString","coordinates":[[-1.6373723,55.1821047],[-1.6374707,55.1820332]]}},{"type":"Feature","properties":{"name":"High-Speed Train Line","osmWayId":"_fullGeom838947303","purposeBuilt":false,"routeNames":["East Coast Main Line","railway","GR B","GR C","GR A","Lumo: Edinburgh Waverley => Newcastle","Lumo: Edinburgh Waverley => London King's Cross","Lumo: Glasgow Queen Street => London King's Cross"]},"geometry":{"type":"LineString","coordinates":[[-1.6374707,55.1820332],[-1.63808,55.1815678]]}},{"type":"Feature","properties":{"name":"High-Speed Train Line","osmWayId":"_fullGeom563128400","purposeBuilt":false,"routeNames":["East Coast Main Line","railway","GR B","GR C","GR A","Lumo: Edinburgh Waverley => Newcastle","Lumo: Edinburgh Waverley => London King's Cross","Lumo: Glasgow Queen Street => London King's Cross"]},"geometry":{"type":"LineString","coordinates":[[-1.63808,55.1815678],[-1.6392186,55.1807323],[-1.63985,55.1802938],[-1.6405396,55.179877],[-1.6411927,55.1794979],[-1.6419008,55.1791365],[-1.6424245,55.1788776],[-1.6430826,55.1785648],[-1.6440775,55.178183],[-1.6447413,55.1779296],[-1.6452362,55.1777626],[-1.6457632,55.1775865],[-1.6465947,55.1773383],[-1.6475442,55.1770826],[-1.6481651,55.1769348],[-1.6488116,55.1767915],[-1.6496766,55.1766223],[-1.6505349,55.1764806],[-1.6521026,55.1762555],[-1.6532613,55.1760923],[-1.6541988,55.1759399],[-1.6551939,55.1757554],[-1.6558564,55.1756144],[-1.6567442,55.1753977],[-1.6573799,55.1752254],[-1.657978,55.1750454],[-1.6585198,55.1748708],[-1.6591072,55.1746617],[-1.6597442,55.1744159],[-1.6603531,55.1741555],[-1.6610004,55.1738632],[-1.661084,55.1738254]]}},{"type":"Feature","properties":{"name":"High-Speed Train Line","osmWayId":"_fullGeom798963204","purposeBuilt":false,"routeNames":["East Coast Main Line","railway","GR B","GR C","GR A","Lumo: Edinburgh Waverley => Newcastle","Lumo: Edinburgh Waverley => London King's Cross","Lumo: Glasgow Queen Street => London King's Cross"]},"geometry":{"type":"LineString","coordinates":[[-1.661084,55.1738254],[-1.6617528,55.1734443],[-1.6622149,55.1731863],[-1.6627147,55.1729182],[-1.6630372,55.1727242]]}},{"type":"Feature","properties":{"name":"High-Speed Train Line","osmWayId":"_fullGeom27701934","purposeBuilt":false,"routeNames":["East Coast Main Line","railway","GR B","GR C","GR A","Lumo: Edinburgh Waverley => Newcastle","Lumo: Edinburgh Waverley => London King's Cross","Lumo: Glasgow Queen Street => London King's Cross"]},"geometry":{"type":"LineString","coordinates":[[-1.6630372,55.1727242],[-1.6647408,55.1716357]]}},{"type":"Feature","properties":{"name":"High-Speed Train Line","osmWayId":"_fullGeom27701935","purposeBuilt":false,"routeNames":["East Coast Main Line","railway","GR B","GR C","GR A","Lumo: Edinburgh Waverley => Newcastle","Lumo: Edinburgh Waverley => London King's Cross","Lumo: Glasgow Queen Street => London King's Cross"]},"geometry":{"type":"LineString","coordinates":[[-1.6647408,55.1716357],[-1.6653162,55.1712008],[-1.6656432,55.1709639],[-1.6659703,55.1707141],[-1.6662271,55.1704938],[-1.6664795,55.1702569],[-1.6669404,55.1698065]]}},{"type":"Feature","properties":{"name":"High-Speed Train Line","osmWayId":"_fullGeom3992105","purposeBuilt":false,"routeNames":["East Coast Main Line","railway","GR B","GR C","GR A","Lumo: Edinburgh Waverley => Newcastle","Lumo: Edinburgh Waverley => London King's Cross","Lumo: Glasgow Queen Street => London King's Cross"]},"geometry":{"type":"LineString","coordinates":[[-1.6669404,55.1698065],[-1.6675857,55.1690711]]}},{"type":"Feature","properties":{"name":"High-Speed Train Line","osmWayId":"_fullGeom798963207","purposeBuilt":false,"routeNames":["East Coast Main Line","railway","GR B","GR C","GR A","Lumo: Edinburgh Waverley => Newcastle","Lumo: Edinburgh Waverley => London King's Cross","Lumo: Glasgow Queen Street => London King's Cross"]},"geometry":{"type":"LineString","coordinates":[[-1.6675857,55.1690711],[-1.6680451,55.168515]]}},{"type":"Feature","properties":{"name":"High-Speed Train Line","osmWayId":"_fullGeom563128402","purposeBuilt":false,"routeNames":["East Coast Main Line","railway","GR B","GR C","GR A","Lumo: Edinburgh Waverley => Newcastle","Lumo: Edinburgh Waverley => London King's Cross","Lumo: Glasgow Queen Street => London King's Cross"]},"geometry":{"type":"LineString","coordinates":[[-1.6680451,55.168515],[-1.6682361,55.1683002],[-1.6685316,55.1679679],[-1.6687884,55.1677071],[-1.669068,55.1674479],[-1.6692888,55.1672432],[-1.6694967,55.1670588],[-1.6697629,55.1668396],[-1.6700603,55.1666154],[-1.670927,55.166028],[-1.6719724,55.1654308],[-1.6725964,55.1651358],[-1.6731089,55.1649171],[-1.6732203,55.1648666],[-1.6736873,55.1646832],[-1.6740384,55.1645553],[-1.6741921,55.1644993],[-1.674462,55.1644074],[-1.6747694,55.1642959],[-1.6749625,55.1642356],[-1.6751841,55.1641617],[-1.6754212,55.1640877],[-1.6756789,55.1640193],[-1.67676,55.1637692],[-1.6778374,55.1635266],[-1.6795405,55.1631537],[-1.6796978,55.1631182]]}},{"type":"Feature","properties":{"name":"High-Speed Train Line","osmWayId":"_fullGeom563128404","purposeBuilt":false,"routeNames":["East Coast Main Line","railway","GR B","GR C","GR A","Lumo: Edinburgh Waverley => Newcastle","Lumo: Edinburgh Waverley => London King's Cross","Lumo: Glasgow Queen Street => London King's Cross"]},"geometry":{"type":"LineString","coordinates":[[-1.6796978,55.1631182],[-1.6805082,55.1629486],[-1.6809849,55.1628421],[-1.6819972,55.1626084],[-1.6827809,55.1624274]]}},{"type":"Feature","properties":{"name":"High-Speed Train Line","osmWayId":"_fullGeom865658082","purposeBuilt":false,"routeNames":["East Coast Main Line","railway","GR B","GR C","GR A","Lumo: Edinburgh Waverley => Newcastle","Lumo: Edinburgh Waverley => London King's Cross","Lumo: Glasgow Queen Street => London King's Cross"]},"geometry":{"type":"LineString","coordinates":[[-1.6827809,55.1624274],[-1.6831788,55.162333],[-1.683575,55.1622264],[-1.6837755,55.1621566]]}},{"type":"Feature","properties":{"name":"High-Speed Train Line","osmWayId":"_fullGeom29296740","purposeBuilt":false,"routeNames":["East Coast Main Line","railway","GR B","GR C","GR A","Lumo: Edinburgh Waverley => Newcastle","Lumo: Edinburgh Waverley => London King's Cross","Lumo: Glasgow Queen Street => London King's Cross"]},"geometry":{"type":"LineString","coordinates":[[-1.6837755,55.1621566],[-1.6840228,55.162074]]}},{"type":"Feature","properties":{"name":"High-Speed Train Line","osmWayId":"_fullGeom29296746","purposeBuilt":false,"routeNames":["East Coast Main Line","railway","GR B","GR C","GR A","Lumo: Edinburgh Waverley => Newcastle","Lumo: Edinburgh Waverley => London King's Cross","Lumo: Glasgow Queen Street => London King's Cross"]},"geometry":{"type":"LineString","coordinates":[[-1.6840228,55.162074],[-1.6843136,55.1619458],[-1.6845876,55.1618081],[-1.6848564,55.1616474],[-1.6851234,55.1614658],[-1.6853551,55.1612869],[-1.6855765,55.1610954],[-1.6857842,55.1608693],[-1.6858758,55.1607559],[-1.6859657,55.1606299],[-1.6861133,55.1603935],[-1.6862199,55.1601633],[-1.6862726,55.1600192],[-1.686309,55.1597767],[-1.68635,55.1594856],[-1.6862996,55.1589663],[-1.6862574,55.1588378],[-1.6861964,55.1586905],[-1.6861319,55.1585529],[-1.6860496,55.1583897],[-1.6857927,55.1580373],[-1.6856332,55.1578532],[-1.6854678,55.1576671]]}},{"type":"Feature","properties":{"name":"High-Speed Train Line","osmWayId":"_fullGeom563113420","purposeBuilt":false,"routeNames":["East Coast Main Line","railway","GR B","GR C","GR A","Lumo: Edinburgh Waverley => Newcastle","Lumo: Edinburgh Waverley => London King's Cross","Lumo: Glasgow Queen Street => London King's Cross"]},"geometry":{"type":"LineString","coordinates":[[-1.6854678,55.1576671],[-1.6835929,55.1558167],[-1.6829973,55.1552288],[-1.6819514,55.1541919],[-1.6802577,55.1524949],[-1.6800912,55.152325],[-1.6777697,55.1499561],[-1.6758587,55.1479952],[-1.6749029,55.1470116],[-1.6739207,55.1459934],[-1.6723525,55.1444164],[-1.6717412,55.143737],[-1.6711917,55.1430624],[-1.6692806,55.1404523],[-1.6689957,55.1400631],[-1.6677442,55.1383185],[-1.6671424,55.1374576],[-1.6653197,55.1348558],[-1.6652392,55.1347427],[-1.6630388,55.1316503],[-1.6627235,55.131208],[-1.6624357,55.1307623],[-1.6618695,55.1298641],[-1.6613882,55.1290115],[-1.6613514,55.1289397],[-1.660884,55.1279881],[-1.6607515,55.1276964],[-1.6606508,55.1274746],[-1.6605478,55.1272527],[-1.6604446,55.1270305],[-1.6602527,55.1265916],[-1.6598785,55.1257083],[-1.6591422,55.1239343],[-1.6579067,55.121217],[-1.6566837,55.1184603],[-1.6565354,55.1181261]]}},{"type":"Feature","properties":{"name":"High-Speed Train Line","osmWayId":"_fullGeom804407127","purposeBuilt":false,"routeNames":["East Coast Main Line","railway","GR B","GR C","GR A","Lumo: Edinburgh Waverley => Newcastle","Lumo: Edinburgh Waverley => London King's Cross","Lumo: Glasgow Queen Street => London King's Cross"]},"geometry":{"type":"LineString","coordinates":[[-1.6565354,55.1181261],[-1.6561053,55.1170799]]}},{"type":"Feature","properties":{"name":"High-Speed Train Line","osmWayId":"_fullGeom804407126","purposeBuilt":false,"routeNames":["East Coast Main Line","railway","GR B","GR C","GR A","Lumo: Edinburgh Waverley => Newcastle","Lumo: Edinburgh Waverley => London King's Cross","Lumo: Glasgow Queen Street => London King's Cross"]},"geometry":{"type":"LineString","coordinates":[[-1.6561053,55.1170799],[-1.6560301,55.1169158]]}},{"type":"Feature","properties":{"name":"High-Speed Train Line","osmWayId":"_fullGeom804407125","purposeBuilt":false,"routeNames":["East Coast Main Line","railway","GR B","GR C","GR A","Lumo: Edinburgh Waverley => Newcastle","Lumo: Edinburgh Waverley => London King's Cross","Lumo: Glasgow Queen Street => London King's Cross"]},"geometry":{"type":"LineString","coordinates":[[-1.6560301,55.1169158],[-1.6552514,55.1150621],[-1.6552376,55.1150292]]}},{"type":"Feature","properties":{"name":"High-Speed Train Line","osmWayId":"_fullGeom804407130","purposeBuilt":false,"routeNames":["East Coast Main Line","railway","GR B","GR C","GR A","Lumo: Edinburgh Waverley => Newcastle","Lumo: Edinburgh Waverley => London King's Cross","Lumo: Glasgow Queen Street => London King's Cross"]},"geometry":{"type":"LineString","coordinates":[[-1.6552376,55.1150292],[-1.6545507,55.1134664],[-1.6538431,55.1118793],[-1.6535024,55.1112038],[-1.6531228,55.1105326],[-1.65279,55.1100485],[-1.6524128,55.1095541],[-1.6518329,55.1088781],[-1.6511422,55.1081871]]}},{"type":"Feature","properties":{"name":"High-Speed Train Line","osmWayId":"_fullGeom764150869","purposeBuilt":false,"routeNames":["East Coast Main Line","railway","GR B","GR C","GR A","Lumo: Edinburgh Waverley => Newcastle","Lumo: Edinburgh Waverley => London King's Cross","Lumo: Glasgow Queen Street => London King's Cross"]},"geometry":{"type":"LineString","coordinates":[[-1.6511422,55.1081871],[-1.6510657,55.1081118]]}},{"type":"Feature","properties":{"name":"High-Speed Train Line","osmWayId":"_fullGeom3992106","purposeBuilt":false,"routeNames":["East Coast Main Line","railway","GR B","GR C","GR A","Lumo: Edinburgh Waverley => Newcastle","Lumo: Edinburgh Waverley => London King's Cross","Lumo: Glasgow Queen Street => London King's Cross"]},"geometry":{"type":"LineString","coordinates":[[-1.6510657,55.1081118],[-1.6508158,55.107875],[-1.6505327,55.1076129],[-1.6502592,55.1073769],[-1.649937,55.1071036],[-1.6495996,55.1068486],[-1.649223,55.1065755],[-1.6484812,55.1060583],[-1.6478196,55.1056396]]}},{"type":"Feature","properties":{"name":"High-Speed Train Line","osmWayId":"_fullGeom307165160","purposeBuilt":false,"routeNames":["East Coast Main Line","railway","GR B","GR C","GR A","Lumo: Edinburgh Waverley => Newcastle","Lumo: Edinburgh Waverley => London King's Cross","Lumo: Glasgow Queen Street => London King's Cross"]},"geometry":{"type":"LineString","coordinates":[[-1.6478196,55.1056396],[-1.6464763,55.1047998]]}},{"type":"Feature","properties":{"name":"High-Speed Train Line","osmWayId":"_fullGeom307165159","purposeBuilt":false,"routeNames":["East Coast Main Line","railway","GR B","GR C","GR A","Lumo: Edinburgh Waverley => Newcastle","Lumo: Edinburgh Waverley => London King's Cross","Lumo: Glasgow Queen Street => London King's Cross"]},"geometry":{"type":"LineString","coordinates":[[-1.6464763,55.1047998],[-1.6460685,55.10455],[-1.6456391,55.1043085],[-1.6451803,55.1040727],[-1.6446268,55.1038076],[-1.6440343,55.1035468],[-1.643449,55.1033039],[-1.6428187,55.1030547],[-1.6395068,55.1017987],[-1.6386582,55.1014775],[-1.6362525,55.1005668],[-1.6347382,55.0999886],[-1.6328167,55.0992549],[-1.6315905,55.0987944],[-1.6308487,55.0985247],[-1.6288375,55.0977769],[-1.6283124,55.0976],[-1.6277463,55.0974161],[-1.6272138,55.0972459],[-1.6266477,55.0970814],[-1.6260935,55.0969302],[-1.625501,55.0967833],[-1.6248941,55.0966378],[-1.6243199,55.0965187],[-1.6234932,55.0963509],[-1.6226504,55.0962014],[-1.6219843,55.0960984],[-1.6212932,55.0960052],[-1.6206026,55.0959158]]}},{"type":"Feature","properties":{"name":"High-Speed Train Line","osmWayId":"_fullGeom798929540","purposeBuilt":false,"routeNames":["East Coast Main Line","railway","GR B","GR C","GR A","Lumo: Edinburgh Waverley => Newcastle","Lumo: Edinburgh Waverley => London King's Cross","Lumo: Glasgow Queen Street => London King's Cross"]},"geometry":{"type":"LineString","coordinates":[[-1.6206026,55.0959158],[-1.6198843,55.0958304],[-1.618677,55.0956727]]}},{"type":"Feature","properties":{"name":"High-Speed Train Line","osmWayId":"_fullGeom26429937","purposeBuilt":false,"routeNames":["East Coast Main Line","railway","GR B","GR C","GR A","Lumo: Edinburgh Waverley => Newcastle","Lumo: Edinburgh Waverley => London King's Cross","Lumo: Glasgow Queen Street => London King's Cross"]},"geometry":{"type":"LineString","coordinates":[[-1.618677,55.0956727],[-1.61823,55.0956205]]}},{"type":"Feature","properties":{"name":"High-Speed Train Line","osmWayId":"_fullGeom797399455","purposeBuilt":false,"routeNames":["East Coast Main Line","railway","GR B","GR C","GR A","Lumo: Edinburgh Waverley => Newcastle","Lumo: Edinburgh Waverley => London King's Cross","Lumo: Glasgow Queen Street => London King's Cross"]},"geometry":{"type":"LineString","coordinates":[[-1.61823,55.0956205],[-1.6179842,55.095594]]}},{"type":"Feature","properties":{"name":"High-Speed Train Line","osmWayId":"_fullGeom797399456","purposeBuilt":false,"routeNames":["East Coast Main Line","railway","GR B","GR C","GR A","Lumo: Edinburgh Waverley => Newcastle","Lumo: Edinburgh Waverley => London King's Cross","Lumo: Glasgow Queen Street => London King's Cross"]},"geometry":{"type":"LineString","coordinates":[[-1.6179842,55.095594],[-1.6177921,55.0955723]]}},{"type":"Feature","properties":{"name":"High-Speed Train Line","osmWayId":"_fullGeom26429936","purposeBuilt":false,"routeNames":["East Coast Main Line","railway","GR B","GR C","GR A","Lumo: Edinburgh Waverley => Newcastle","Lumo: Edinburgh Waverley => London King's Cross","Lumo: Glasgow Queen Street => London King's Cross"]},"geometry":{"type":"LineString","coordinates":[[-1.6177921,55.0955723],[-1.6163429,55.0954169]]}},{"type":"Feature","properties":{"name":"High-Speed Train Line","osmWayId":"_fullGeom798929544","purposeBuilt":false,"routeNames":["East Coast Main Line","railway","GR B","GR C","GR A","Lumo: Edinburgh Waverley => Newcastle","Lumo: Edinburgh Waverley => London King's Cross","Lumo: Glasgow Queen Street => London King's Cross"]},"geometry":{"type":"LineString","coordinates":[[-1.6163429,55.0954169],[-1.6157575,55.0953439],[-1.61519,55.0952683],[-1.6146125,55.0951847],[-1.6140764,55.0951006],[-1.613493,55.0950012],[-1.6129447,55.0948948],[-1.6123345,55.0947673],[-1.6117709,55.0946365]]}},{"type":"Feature","properties":{"name":"High-Speed Train Line","osmWayId":"_fullGeom26429935","purposeBuilt":false,"routeNames":["East Coast Main Line","railway","GR B","GR C","GR A","Lumo: Edinburgh Waverley => Newcastle","Lumo: Edinburgh Waverley => London King's Cross","Lumo: Glasgow Queen Street => London King's Cross"]},"geometry":{"type":"LineString","coordinates":[[-1.6117709,55.0946365],[-1.6109976,55.0944533]]}},{"type":"Feature","properties":{"name":"High-Speed Train Line","osmWayId":"_fullGeom307161316","purposeBuilt":false,"routeNames":["East Coast Main Line","railway","GR B","GR C","GR A","Lumo: Edinburgh Waverley => Newcastle","Lumo: Edinburgh Waverley => London King's Cross","Lumo: Glasgow Queen Street => London King's Cross"]},"geometry":{"type":"LineString","coordinates":[[-1.6109976,55.0944533],[-1.6104343,55.0942923],[-1.6098593,55.0941318],[-1.6092701,55.0939597],[-1.608727,55.0937888],[-1.6081307,55.0935929],[-1.6075822,55.0933956],[-1.6070329,55.093197],[-1.6065089,55.0929926],[-1.6059371,55.0927474],[-1.6058229,55.0926984],[-1.6051731,55.0924013],[-1.6048336,55.0922422],[-1.6045222,55.0920864],[-1.6041468,55.0919027],[-1.603814,55.0917214],[-1.6031567,55.0913468],[-1.6025774,55.0909966],[-1.6021519,55.0907232],[-1.6017558,55.0904588],[-1.6013322,55.0901606],[-1.6009525,55.0898731],[-1.6006284,55.0896246],[-1.6003199,55.0893699],[-1.6000299,55.0891263],[-1.5997534,55.0888773],[-1.5994028,55.0885564],[-1.5990707,55.0882346],[-1.5986568,55.0877704],[-1.5982839,55.0873555],[-1.5976402,55.08648],[-1.5974145,55.0861434],[-1.5972069,55.0857957],[-1.5968272,55.0851021],[-1.5966798,55.0847835],[-1.5965488,55.0844603],[-1.596313,55.0838165]]}},{"type":"Feature","properties":{"name":"High-Speed Train Line","osmWayId":"_fullGeom307161314","purposeBuilt":false,"routeNames":["East Coast Main Line","railway","GR B","GR C","GR A","Lumo: Edinburgh Waverley => Newcastle","Lumo: Edinburgh Waverley => London King's Cross","Lumo: Glasgow Queen Street => London King's Cross"]},"geometry":{"type":"LineString","coordinates":[[-1.596313,55.0838165],[-1.5962124,55.0834935],[-1.5961222,55.0831683],[-1.5960491,55.0828392],[-1.5959879,55.0825078],[-1.5959198,55.0818628],[-1.59589,55.081218],[-1.5959096,55.0806441],[-1.5959697,55.0801015],[-1.5961236,55.0790585],[-1.5963226,55.0780133],[-1.5966004,55.076356],[-1.5967016,55.0758388],[-1.5970292,55.0739779],[-1.5971294,55.0734102],[-1.5974812,55.0714171],[-1.5976411,55.0705285],[-1.5978051,55.0696058],[-1.5979569,55.0686751],[-1.5980164,55.0683663],[-1.5982273,55.06721]]}},{"type":"Feature","properties":{"name":"High-Speed Train Line","osmWayId":"_fullGeom307161309","purposeBuilt":false,"routeNames":["East Coast Main Line","railway","GR B","GR C","GR A","Lumo: Edinburgh Waverley => Newcastle","Lumo: Edinburgh Waverley => London King's Cross","Lumo: Glasgow Queen Street => London King's Cross"]},"geometry":{"type":"LineString","coordinates":[[-1.5982273,55.06721],[-1.5983052,55.0668024]]}},{"type":"Feature","properties":{"name":"High-Speed Train Line","osmWayId":"_fullGeom307161307","purposeBuilt":false,"routeNames":["East Coast Main Line","railway","GR B","GR C","GR A","Lumo: Edinburgh Waverley => Newcastle","Lumo: Edinburgh Waverley => London King's Cross","Lumo: Glasgow Queen Street => London King's Cross"]},"geometry":{"type":"LineString","coordinates":[[-1.5983052,55.0668024],[-1.5983316,55.0666383],[-1.5984017,55.066202],[-1.5987834,55.0640418],[-1.5988396,55.0636056],[-1.5988769,55.0631685],[-1.5988999,55.062294],[-1.5988498,55.0614203],[-1.5987872,55.0609804],[-1.5987126,55.0605385],[-1.5986063,55.0600231],[-1.5985667,55.0598702],[-1.5984018,55.0592464],[-1.5983585,55.0591117],[-1.5981438,55.0585145],[-1.5979029,55.0579218],[-1.597714,55.0575297],[-1.5975051,55.0571382]]}},{"type":"Feature","properties":{"name":"High-Speed Train Line","osmWayId":"_fullGeom307161311","purposeBuilt":false,"routeNames":["East Coast Main Line","railway","GR B","GR C","GR A","Lumo: Edinburgh Waverley => Newcastle","Lumo: Edinburgh Waverley => London King's Cross","Lumo: Glasgow Queen Street => London King's Cross"]},"geometry":{"type":"LineString","coordinates":[[-1.5975051,55.0571382],[-1.597427,55.0569872]]}},{"type":"Feature","properties":{"name":"High-Speed Train Line","osmWayId":"_fullGeom307161315","purposeBuilt":false,"routeNames":["East Coast Main Line","railway","GR B","GR C","GR A","Lumo: Edinburgh Waverley => Newcastle","Lumo: Edinburgh Waverley => London King's Cross","Lumo: Glasgow Queen Street => London King's Cross"]},"geometry":{"type":"LineString","coordinates":[[-1.597427,55.0569872],[-1.5969679,55.0562227],[-1.596231,55.0550378],[-1.5954839,55.0538448],[-1.5948498,55.0528175],[-1.593667,55.0509011],[-1.5919799,55.0481856],[-1.5905348,55.0457841],[-1.5904412,55.0456386]]}},{"type":"Feature","properties":{"name":"High-Speed Train Line","osmWayId":"_fullGeom798279584","purposeBuilt":false,"routeNames":["East Coast Main Line","railway","GR B","GR C","GR A","Lumo: Edinburgh Waverley => Newcastle","Lumo: Edinburgh Waverley => London King's Cross","Lumo: Glasgow Queen Street => London King's Cross"]},"geometry":{"type":"LineString","coordinates":[[-1.5904412,55.0456386],[-1.5900524,55.0450343]]}},{"type":"Feature","properties":{"name":"High-Speed Train Line","osmWayId":"_fullGeom798279585","purposeBuilt":false,"routeNames":["East Coast Main Line","railway","GR B","GR C","GR A","Lumo: Edinburgh Waverley => Newcastle","Lumo: Edinburgh Waverley => London King's Cross","Lumo: Glasgow Queen Street => London King's Cross"]},"geometry":{"type":"LineString","coordinates":[[-1.5900524,55.0450343],[-1.5898568,55.0447303],[-1.5891859,55.0436854],[-1.5876356,55.0411806],[-1.5861175,55.0387327],[-1.5855686,55.0378316],[-1.5848666,55.0367191],[-1.5837307,55.0348697],[-1.5834849,55.0344758],[-1.5825779,55.0330223],[-1.5823204,55.0326058],[-1.5820638,55.0322078],[-1.581893,55.0319295],[-1.5816892,55.0315974],[-1.5815045,55.0313021],[-1.5813153,55.0310048],[-1.5810335,55.0305716],[-1.5810232,55.0305558],[-1.580783,55.0302081],[-1.5805155,55.0298581],[-1.5799872,55.0292037],[-1.579705,55.0288831],[-1.579558,55.028732],[-1.5793954,55.0285647]]}},{"type":"Feature","properties":{"name":"High-Speed Train Line","osmWayId":"_fullGeom307161313","purposeBuilt":false,"routeNames":["East Coast Main Line","railway","GR B","GR C","GR A","Lumo: Edinburgh Waverley => Newcastle","Lumo: Edinburgh Waverley => London King's Cross","Lumo: Glasgow Queen Street => London King's Cross"]},"geometry":{"type":"LineString","coordinates":[[-1.5793954,55.0285647],[-1.5788213,55.0279545]]}},{"type":"Feature","properties":{"name":"High-Speed Train Line","osmWayId":"_fullGeom307161312","purposeBuilt":false,"routeNames":["East Coast Main Line","railway","GR B","GR C","GR A","Lumo: Edinburgh Waverley => Newcastle","Lumo: Edinburgh Waverley => London King's Cross","Lumo: Glasgow Queen Street => London King's Cross"]},"geometry":{"type":"LineString","coordinates":[[-1.5788213,55.0279545],[-1.5776387,55.0269099]]}},{"type":"Feature","properties":{"name":"High-Speed Train Line","osmWayId":"_fullGeom307161310","purposeBuilt":false,"routeNames":["East Coast Main Line","railway","GR B","GR C","GR A","Lumo: Edinburgh Waverley => Newcastle","Lumo: Edinburgh Waverley => London King's Cross","Lumo: Glasgow Queen Street => London King's Cross"]},"geometry":{"type":"LineString","coordinates":[[-1.5776387,55.0269099],[-1.5767558,55.0262437]]}},{"type":"Feature","properties":{"name":"High-Speed Train Line","osmWayId":"_fullGeom307161308","purposeBuilt":false,"routeNames":["East Coast Main Line","railway","GR B","GR C","GR A","Lumo: Edinburgh Waverley => Newcastle","Lumo: Edinburgh Waverley => London King's Cross","Lumo: Glasgow Queen Street => London King's Cross"]},"geometry":{"type":"LineString","coordinates":[[-1.5767558,55.0262437],[-1.5766187,55.0261471]]}},{"type":"Feature","properties":{"name":"High-Speed Train Line","osmWayId":"_fullGeom190096157","purposeBuilt":false,"routeNames":["East Coast Main Line","railway","GR B","GR C","GR A","Lumo: Edinburgh Waverley => Newcastle","Lumo: Edinburgh Waverley => London King's Cross","Lumo: Glasgow Queen Street => London King's Cross"]},"geometry":{"type":"LineString","coordinates":[[-1.5766187,55.0261471],[-1.5762315,55.0258652],[-1.5755635,55.0254366],[-1.5746416,55.0248452],[-1.5721842,55.0235649],[-1.5696794,55.0224257],[-1.5682075,55.0217214],[-1.5667308,55.0208251],[-1.5665097,55.0206909],[-1.5649335,55.0195984],[-1.5635439,55.0184507],[-1.5631866,55.0181312],[-1.5623472,55.0172997],[-1.5617349,55.0166005],[-1.5613973,55.0161744],[-1.561304,55.0160567],[-1.5611388,55.0158426],[-1.5604975,55.0148984],[-1.5601352,55.0143247],[-1.5601178,55.0142889],[-1.5597947,55.0136987],[-1.5594643,55.0130113]]}},{"type":"Feature","properties":{"name":"High-Speed Train Line","osmWayId":"_fullGeom248156858","purposeBuilt":false,"routeNames":["East Coast Main Line","railway","GR B","GR C","GR A","Lumo: Edinburgh Waverley => Newcastle","Lumo: Edinburgh Waverley => London King's Cross","Lumo: Glasgow Queen Street => London King's Cross"]},"geometry":{"type":"LineString","coordinates":[[-1.5594643,55.0130113],[-1.5593086,55.0126669],[-1.5592693,55.0125082],[-1.5589535,55.0116963]]}},{"type":"Feature","properties":{"name":"High-Speed Train Line","osmWayId":"_fullGeom248156854","purposeBuilt":false,"routeNames":["East Coast Main Line","railway","GR B","GR C","GR A","Lumo: Edinburgh Waverley => Newcastle","Lumo: Edinburgh Waverley => London King's Cross","Lumo: Glasgow Queen Street => London King's Cross"]},"geometry":{"type":"LineString","coordinates":[[-1.5589535,55.0116963],[-1.5587052,55.0109283],[-1.558615,55.0106211],[-1.5584659,55.010042],[-1.5583229,55.0093197],[-1.5581687,55.0082556],[-1.5581403,55.0070978],[-1.5581225,55.0063725],[-1.5582857,55.0043196],[-1.5583261,55.0038109],[-1.558546,55.0012485],[-1.5589238,54.9991742],[-1.5592011,54.9981714]]}},{"type":"Feature","properties":{"name":"High-Speed Train Line","osmWayId":"_fullGeom190096159","purposeBuilt":false,"routeNames":["East Coast Main Line","railway","GR B","GR C","GR A","Lumo: Edinburgh Waverley => Newcastle","Lumo: Edinburgh Waverley => London King's Cross","Lumo: Glasgow Queen Street => London King's Cross"]},"geometry":{"type":"LineString","coordinates":[[-1.5592011,54.9981714],[-1.5592297,54.9980883]]}},{"type":"Feature","properties":{"name":"High-Speed Train Line","osmWayId":"_fullGeom27471820","purposeBuilt":false,"routeNames":["East Coast Main Line","railway","GR B","GR C","GR A","Lumo: Edinburgh Waverley => Newcastle","Lumo: Edinburgh Waverley => London King's Cross","Lumo: Glasgow Queen Street => London King's Cross"]},"geometry":{"type":"LineString","coordinates":[[-1.5592297,54.9980883],[-1.5593073,54.9979106],[-1.5594851,54.997503],[-1.5597699,54.9968432],[-1.5601137,54.9961607]]}},{"type":"Feature","properties":{"name":"High-Speed Train Line","osmWayId":"_fullGeom27471806","purposeBuilt":false,"routeNames":["East Coast Main Line","railway","GR B","GR C","GR A","Lumo: Edinburgh Waverley => Newcastle","Lumo: Edinburgh Waverley => London King's Cross","Lumo: Glasgow Queen Street => London King's Cross"]},"geometry":{"type":"LineString","coordinates":[[-1.5601137,54.9961607],[-1.5603067,54.9957934]]}},{"type":"Feature","properties":{"name":"High-Speed Train Line","osmWayId":"_fullGeom5022076","purposeBuilt":false,"routeNames":["East Coast Main Line","railway","GR B","GR C","GR A","Lumo: Edinburgh Waverley => Newcastle","Lumo: Edinburgh Waverley => London King's Cross","Lumo: Glasgow Queen Street => London King's Cross"]},"geometry":{"type":"LineString","coordinates":[[-1.5603067,54.9957934],[-1.5611631,54.9943822],[-1.5612479,54.9942359],[-1.5614589,54.9938715],[-1.5619673,54.9930872],[-1.5629626,54.9916414]]}},{"type":"Feature","properties":{"name":"High-Speed Train Line","osmWayId":"_fullGeom239630377","purposeBuilt":false,"routeNames":["East Coast Main Line","railway","GR B","GR C","GR A","Lumo: Edinburgh Waverley => Newcastle","Lumo: Edinburgh Waverley => London King's Cross","Lumo: Glasgow Queen Street => London King's Cross"]},"geometry":{"type":"LineString","coordinates":[[-1.5629626,54.9916414],[-1.5631599,54.9913548]]}},{"type":"Feature","properties":{"name":"High-Speed Train Line","osmWayId":"_fullGeom5022075","purposeBuilt":false,"routeNames":["East Coast Main Line","railway","GR B","GR C","GR A","Lumo: Edinburgh Waverley => Newcastle","Lumo: Edinburgh Waverley => London King's Cross","Lumo: Glasgow Queen Street => London King's Cross"]},"geometry":{"type":"LineString","coordinates":[[-1.5631599,54.9913548],[-1.5632075,54.9912917],[-1.5635102,54.9909353],[-1.563857,54.9905089],[-1.5642586,54.9900166],[-1.5644372,54.9897976],[-1.5654006,54.9886821],[-1.5656912,54.9883651],[-1.5660033,54.9880314],[-1.5663112,54.9877115],[-1.5666296,54.9873897],[-1.5672234,54.9868308],[-1.5678443,54.9862904],[-1.5690441,54.9853649],[-1.5691061,54.985317],[-1.5699287,54.9847609],[-1.5707872,54.9842123],[-1.5709317,54.9841251],[-1.5714399,54.9838181],[-1.5715766,54.9837366],[-1.5716992,54.9836636],[-1.5720382,54.9834706],[-1.5724539,54.9832417],[-1.5726885,54.9831138],[-1.5730049,54.9829555],[-1.5734511,54.982746],[-1.573854,54.9825691],[-1.5741894,54.982431],[-1.5747654,54.9822137],[-1.575555,54.9819375],[-1.578085,54.9811036],[-1.5783852,54.9810047],[-1.5795108,54.9806337],[-1.579857,54.9805196],[-1.5809365,54.9801638],[-1.5811645,54.9800883],[-1.582413,54.9796749],[-1.5842709,54.9790635],[-1.5844822,54.9789939],[-1.5847781,54.9788965],[-1.5862502,54.9784118],[-1.5869647,54.9781813],[-1.5877349,54.9779233],[-1.5883902,54.9777231],[-1.5884525,54.977704],[-1.5885521,54.9776736],[-1.5889595,54.9775619],[-1.5893799,54.9774292],[-1.5898373,54.9773024]]}},{"type":"Feature","properties":{"name":"High-Speed Train Line","osmWayId":"_fullGeom164086829","purposeBuilt":false,"routeNames":["East Coast Main Line","railway","GR B","GR C","GR A","Lumo: Edinburgh Waverley => Newcastle","Lumo: Edinburgh Waverley => London King's Cross","Lumo: Glasgow Queen Street => London King's Cross"]},"geometry":{"type":"LineString","coordinates":[[-1.5898373,54.9773024],[-1.5900131,54.9772537]]}},{"type":"Feature","properties":{"name":"High-Speed Train Line","osmWayId":"_fullGeom164086839","purposeBuilt":false,"routeNames":["East Coast Main Line","railway","GR B","GR C","GR A","Lumo: Edinburgh Waverley => Newcastle","Lumo: Edinburgh Waverley => London King's Cross","Lumo: Glasgow Queen Street => London King's Cross"]},"geometry":{"type":"LineString","coordinates":[[-1.5900131,54.9772537],[-1.5901483,54.9772162],[-1.5907099,54.9770568],[-1.5907989,54.9770322],[-1.5912708,54.9769017],[-1.591489,54.9768419]]}},{"type":"Feature","properties":{"name":"High-Speed Train Line","osmWayId":"_fullGeom164086821","purposeBuilt":false,"routeNames":["East Coast Main Line","railway","GR B","GR C","GR A","Lumo: Edinburgh Waverley => Newcastle","Lumo: Edinburgh Waverley => London King's Cross","Lumo: Glasgow Queen Street => London King's Cross"]},"geometry":{"type":"LineString","coordinates":[[-1.591489,54.9768419],[-1.5924025,54.9765856],[-1.5929632,54.9764316],[-1.5935326,54.9762744],[-1.594102,54.9761156],[-1.5946465,54.9759659],[-1.5956459,54.9756759]]}},{"type":"Feature","properties":{"name":"High-Speed Train Line","osmWayId":"_fullGeom163835922","purposeBuilt":false,"routeNames":["East Coast Main Line","railway","GR B","GR C","GR A","Lumo: Edinburgh Waverley => Newcastle","Lumo: Edinburgh Waverley => London King's Cross","Lumo: Glasgow Queen Street => London King's Cross"]},"geometry":{"type":"LineString","coordinates":[[-1.5956459,54.9756759],[-1.5959777,54.9755727],[-1.596628,54.9753705],[-1.5973859,54.9751348],[-1.5980717,54.9749215],[-1.5986365,54.9747544],[-1.5988752,54.9746871],[-1.6004838,54.9742335],[-1.6029638,54.9735485]]}},{"type":"Feature","properties":{"name":"High-Speed Train Line","osmWayId":"_fullGeom563113416","purposeBuilt":false,"routeNames":["East Coast Main Line","railway","GR B","GR C","GR A","Lumo: Edinburgh Waverley => Newcastle","Lumo: Edinburgh Waverley => London King's Cross","Lumo: Glasgow Queen Street => London King's Cross"]},"geometry":{"type":"LineString","coordinates":[[-1.6029638,54.9735485],[-1.603035,54.9735289],[-1.6033272,54.9734486],[-1.6042817,54.9731813],[-1.6043693,54.9731548],[-1.6044208,54.9731392],[-1.6045726,54.9730897],[-1.6046972,54.9730457],[-1.6047995,54.973005],[-1.604913,54.972957],[-1.605017,54.972911],[-1.6051143,54.972864],[-1.6051945,54.9728244],[-1.6052823,54.9727778],[-1.6053617,54.9727323],[-1.6054478,54.9726809],[-1.6055289,54.9726312],[-1.6056133,54.9725722],[-1.6056901,54.9725188],[-1.6057763,54.9724532],[-1.6058709,54.9723778],[-1.6058891,54.9723608]]}},{"type":"Feature","properties":{"name":"High-Speed Train Line","osmWayId":"_fullGeom163835929","purposeBuilt":false,"routeNames":["East Coast Main Line","railway","GR B","GR C","GR A","Lumo: Edinburgh Waverley => Newcastle","Lumo: Edinburgh Waverley => London King's Cross","Lumo: Glasgow Queen Street => London King's Cross"]},"geometry":{"type":"LineString","coordinates":[[-1.6058891,54.9723608],[-1.6060329,54.9722276],[-1.6060838,54.9721763]]}},{"type":"Feature","properties":{"name":"High-Speed Train Line","osmWayId":"_fullGeom163835927","purposeBuilt":false,"routeNames":["East Coast Main Line","railway","GR B","GR C","GR A","Lumo: Edinburgh Waverley => Newcastle","Lumo: Edinburgh Waverley => London King's Cross","Lumo: Glasgow Queen Street => London King's Cross"]},"geometry":{"type":"LineString","coordinates":[[-1.6060838,54.9721763],[-1.6064077,54.9718643],[-1.6064569,54.9718169]]}},{"type":"Feature","properties":{"name":"High-Speed Train Line","osmWayId":"_fullGeom865724442","purposeBuilt":false,"routeNames":["East Coast Main Line","railway","GR B","GR C","GR A","Lumo: Edinburgh Waverley => Newcastle","Lumo: Edinburgh Waverley => London King's Cross","Lumo: Glasgow Queen Street => London King's Cross"]},"geometry":{"type":"LineString","coordinates":[[-1.6064569,54.9718169],[-1.6065858,54.9716909]]}},{"type":"Feature","properties":{"name":"High-Speed Train Line","osmWayId":"_fullGeom163835901","purposeBuilt":false,"routeNames":["East Coast Main Line","railway","GR B","GR C","GR A","Lumo: Edinburgh Waverley => Newcastle","Lumo: Edinburgh Waverley => London King's Cross","Lumo: Glasgow Queen Street => London King's Cross"]},"geometry":{"type":"LineString","coordinates":[[-1.6065858,54.9716909],[-1.6067574,54.9715164]]}},{"type":"Feature","properties":{"name":"High-Speed Train Line","osmWayId":"_fullGeom163835949","purposeBuilt":false,"routeNames":["East Coast Main Line","railway","GR B","GR C","GR A","Lumo: Edinburgh Waverley => Newcastle","Lumo: Edinburgh Waverley => London King's Cross","Lumo: Glasgow Queen Street => London King's Cross"]},"geometry":{"type":"LineString","coordinates":[[-1.6067574,54.9715164],[-1.6070133,54.971262],[-1.6071218,54.9711616],[-1.607222,54.9710716],[-1.6073378,54.9709795],[-1.6074874,54.9708597],[-1.6076104,54.9707752],[-1.6080525,54.970478]]}},{"type":"Feature","properties":{"name":"High-Speed Train Line","osmWayId":"_fullGeom163835920","purposeBuilt":false,"routeNames":["East Coast Main Line","railway","GR B","GR C","GR A","Lumo: Edinburgh Waverley => Newcastle","Lumo: Edinburgh Waverley => London King's Cross","Lumo: Glasgow Queen Street => London King's Cross"]},"geometry":{"type":"LineString","coordinates":[[-1.6080525,54.970478],[-1.6085517,54.9701521]]}},{"type":"Feature","properties":{"name":"High-Speed Train Line","osmWayId":"_fullGeom163835926","purposeBuilt":false,"routeNames":["East Coast Main Line","railway","GR B","GR C","GR A","Lumo: Edinburgh Waverley => Newcastle","Lumo: Edinburgh Waverley => London King's Cross","Lumo: Glasgow Queen Street => London King's Cross"]},"geometry":{"type":"LineString","coordinates":[[-1.6085517,54.9701521],[-1.6092661,54.9696895]]}},{"type":"Feature","properties":{"name":"High-Speed Train Line","osmWayId":"_fullGeom817320423","purposeBuilt":false,"routeNames":["East Coast Main Line","railway","GR B","GR C","GR A","Lumo: Edinburgh Waverley => Newcastle","Lumo: Edinburgh Waverley => London King's Cross","Lumo: Glasgow Queen Street => London King's Cross"]},"geometry":{"type":"LineString","coordinates":[[-1.6092661,54.9696895],[-1.6093245,54.9696517]]}},{"type":"Feature","properties":{"name":"High-Speed Train Line","osmWayId":"_fullGeom163835915","purposeBuilt":false,"routeNames":["East Coast Main Line","railway","GR B","GR C","GR A","Lumo: Edinburgh Waverley => Newcastle","Lumo: Edinburgh Waverley => London King's Cross","Lumo: Glasgow Queen Street => London King's Cross"]},"geometry":{"type":"LineString","coordinates":[[-1.6093245,54.9696517],[-1.6095553,54.9695118],[-1.6096719,54.9694412]]}},{"type":"Feature","properties":{"name":"High-Speed Train Line","osmWayId":"_fullGeom163751277","purposeBuilt":false,"routeNames":["East Coast Main Line","railway","GR B","GR C","GR A","Lumo: Edinburgh Waverley => Newcastle","Lumo: Edinburgh Waverley => London King's Cross","Lumo: Glasgow Queen Street => London King's Cross"]},"geometry":{"type":"LineString","coordinates":[[-1.6096719,54.9694412],[-1.6097876,54.969376],[-1.6098659,54.9693333],[-1.6099205,54.9693046],[-1.6100983,54.9692123],[-1.6102436,54.9691456],[-1.610386,54.9690842],[-1.6105384,54.9690281],[-1.6107027,54.9689736],[-1.6107591,54.9689561],[-1.6108253,54.9689368]]}},{"type":"Feature","properties":{"name":"High-Speed Train Line","osmWayId":"_fullGeom238976487","purposeBuilt":false,"routeNames":["East Coast Main Line","railway","GR B","GR C","GR A","Lumo: Edinburgh Waverley => Newcastle","Lumo: Edinburgh Waverley => London King's Cross","Lumo: Glasgow Queen Street => London King's Cross"]},"geometry":{"type":"LineString","coordinates":[[-1.6108253,54.9689368],[-1.6108827,54.9689195],[-1.6110932,54.9688613],[-1.6111324,54.9688516]]}},{"type":"Feature","properties":{"name":"High-Speed Train Line","osmWayId":"_fullGeom238976486","purposeBuilt":false,"routeNames":["East Coast Main Line","railway","GR B","GR C","GR A","Lumo: Edinburgh Waverley => Newcastle","Lumo: Edinburgh Waverley => London King's Cross","Lumo: Glasgow Queen Street => London King's Cross"]},"geometry":{"type":"LineString","coordinates":[[-1.6111324,54.9688516],[-1.6112554,54.9688214],[-1.6114822,54.968773],[-1.6116692,54.9687389],[-1.6118776,54.9687088],[-1.6120377,54.9686897],[-1.6122666,54.9686669],[-1.6123722,54.9686571],[-1.6126846,54.9686299]]}},{"type":"Feature","properties":{"name":"High-Speed Train Line","osmWayId":"_fullGeom1359860311","purposeBuilt":false,"routeNames":["East Coast Main Line","railway","GR B","GR C","GR A","Lumo: Edinburgh Waverley => Newcastle","Lumo: Edinburgh Waverley => London King's Cross","Lumo: Glasgow Queen Street => London King's Cross"]},"geometry":{"type":"LineString","coordinates":[[-1.6126846,54.9686299],[-1.6134017,54.9685628]]}},{"type":"Feature","properties":{"name":"High-Speed Train Line","osmWayId":"_fullGeom817320424","purposeBuilt":false,"routeNames":["East Coast Main Line","railway","GR B","GR C","GR A","Lumo: Edinburgh Waverley => Newcastle","Lumo: Edinburgh Waverley => London King's Cross","Lumo: Glasgow Queen Street => London King's Cross"]},"geometry":{"type":"LineString","coordinates":[[-1.6134017,54.9685628],[-1.614269,54.9685061],[-1.6145624,54.9684912],[-1.6156472,54.968444],[-1.6156718,54.9684432]]}},{"type":"Feature","properties":{"name":"High-Speed Train Line","osmWayId":"_fullGeom735299056","purposeBuilt":false,"routeNames":["East Coast Main Line","railway","GR B","GR C","GR A","Lumo: Edinburgh Waverley => Newcastle","Lumo: Edinburgh Waverley => London King's Cross","Lumo: Glasgow Queen Street => London King's Cross"]},"geometry":{"type":"LineString","coordinates":[[-1.6156718,54.9684432],[-1.6161914,54.9684285],[-1.6163618,54.96842],[-1.6165344,54.9684074],[-1.6167252,54.9683858],[-1.6168443,54.9683683],[-1.6170011,54.9683404]]}},{"type":"Feature","properties":{"name":"High-Speed Train Line","osmWayId":"_fullGeom1472407613","purposeBuilt":false,"routeNames":["East Coast Main Line","railway","GR B","GR C","GR A","Lumo: Edinburgh Waverley => Newcastle","Lumo: Edinburgh Waverley => London King's Cross","Lumo: Glasgow Queen Street => London King's Cross"]},"geometry":{"type":"LineString","coordinates":[[-1.6170011,54.9683404],[-1.6171592,54.9683062],[-1.6173561,54.9682602],[-1.617415,54.9682438]]}},{"type":"Feature","properties":{"name":"High-Speed Train Line","osmWayId":"_fullGeom1017842484","purposeBuilt":false,"routeNames":["East Coast Main Line","railway","GR B","GR C","GR A","Lumo: Newcastle => London King's Cross (weekday mornings)","Lumo: Newcastle => London King's Cross","Lumo: Edinburgh Waverley => London King's Cross","Lumo: Glasgow Queen Street => London King's Cross"]},"geometry":{"type":"LineString","coordinates":[[-1.617415,54.9682438],[-1.6175019,54.9682197],[-1.6176223,54.968182],[-1.6177693,54.968129],[-1.6179043,54.9680732],[-1.6180368,54.9680139],[-1.6180908,54.9679861]]}},{"type":"Feature","properties":{"name":"High-Speed Train Line","osmWayId":"_fullGeom735299058","purposeBuilt":false,"routeNames":["East Coast Main Line","railway","GR B","GR C","GR A","Lumo: Newcastle => London King's Cross (weekday mornings)","Lumo: Newcastle => London King's Cross","Lumo: Edinburgh Waverley => London King's Cross","Lumo: Glasgow Queen Street => London King's Cross"]},"geometry":{"type":"LineString","coordinates":[[-1.6180908,54.9679861],[-1.6181753,54.967942],[-1.6182847,54.9678799],[-1.618382,54.9678143],[-1.6184804,54.9677425],[-1.6185667,54.9676671],[-1.618647,54.9675882],[-1.6186992,54.967531],[-1.618743,54.9674731],[-1.6187953,54.9674054],[-1.6190089,54.967096]]}},{"type":"Feature","properties":{"name":"High-Speed Train Line","osmWayId":"_fullGeom239586735","purposeBuilt":false,"routeNames":["East Coast Main Line","railway","GR D","GR B","GR C","GR A","Lumo: Newcastle => London King's Cross (weekday mornings)","Lumo: Newcastle => London King's Cross","Lumo: Edinburgh Waverley => London King's Cross","Lumo: Glasgow Queen Street => London King's Cross"]},"geometry":{"type":"LineString","coordinates":[[-1.6190089,54.967096],[-1.6190712,54.9670098],[-1.6191259,54.9669198],[-1.6191742,54.9668408],[-1.6191921,54.966802]]}},{"type":"Feature","properties":{"name":"High-Speed Train Line","osmWayId":"_fullGeom427909859","purposeBuilt":false,"routeNames":["East Coast Main Line","railway","GR D","GR B","GR C","GR A","Lumo: Newcastle => London King's Cross (weekday mornings)","Lumo: Newcastle => London King's Cross","Lumo: Edinburgh Waverley => London King's Cross","Lumo: Glasgow Queen Street => London King's Cross"]},"geometry":{"type":"LineString","coordinates":[[-1.6191921,54.966802],[-1.6192126,54.9667574],[-1.6192508,54.9666517],[-1.6192686,54.9665707],[-1.6192863,54.9664903],[-1.6192979,54.9664109],[-1.6193006,54.9663345],[-1.619296,54.9662333],[-1.6192672,54.9661004],[-1.6192529,54.9660406]]}},{"type":"Feature","properties":{"name":"High-Speed Train Line","osmWayId":"_fullGeom797115750","purposeBuilt":false,"routeNames":["East Coast Main Line","railway","GR D","GR B","GR C","GR A","Lumo: Newcastle => London King's Cross (weekday mornings)","Lumo: Newcastle => London King's Cross","Lumo: Edinburgh Waverley => London King's Cross","Lumo: Glasgow Queen Street => London King's Cross"]},"geometry":{"type":"LineString","coordinates":[[-1.6192529,54.9660406],[-1.6192207,54.965942],[-1.6191959,54.9658757],[-1.619149,54.9657823],[-1.6191166,54.9657273],[-1.619042,54.9656139],[-1.6189751,54.965531],[-1.618851,54.9653969]]}},{"type":"Feature","properties":{"name":"High-Speed Train Line","osmWayId":"_fullGeom368579580","purposeBuilt":false,"routeNames":["East Coast Main Line","railway","GR D","GR B","GR C","GR A","Lumo: Newcastle => London King's Cross (weekday mornings)","Lumo: Newcastle => London King's Cross","Lumo: Edinburgh Waverley => London King's Cross","Lumo: Glasgow Queen Street => London King's Cross"]},"geometry":{"type":"LineString","coordinates":[[-1.618851,54.9653969],[-1.6186359,54.9652091]]}},{"type":"Feature","properties":{"name":"High-Speed Train Line","osmWayId":"_fullGeom427909533","purposeBuilt":false,"routeNames":["East Coast Main Line","railway","GR D","GR B","GR C","GR A","Lumo: Newcastle => London King's Cross (weekday mornings)","Lumo: Newcastle => London King's Cross","Lumo: Edinburgh Waverley => London King's Cross","Lumo: Glasgow Queen Street => London King's Cross"]},"geometry":{"type":"LineString","coordinates":[[-1.6186359,54.9652091],[-1.6186153,54.9651908],[-1.6184596,54.965054]]}},{"type":"Feature","properties":{"name":"High-Speed Train Line","osmWayId":"_fullGeom248923426","purposeBuilt":false,"routeNames":["East Coast Main Line","railway","GR B","GR C","GR D","GR A","Lumo: Newcastle => London King's Cross (weekday mornings)","Lumo: Newcastle => London King's Cross","Lumo: Edinburgh Waverley => London King's Cross","Lumo: Glasgow Queen Street => London King's Cross"]},"geometry":{"type":"LineString","coordinates":[[-1.6184596,54.965054],[-1.6181686,54.964798],[-1.6178535,54.9645175]]}},{"type":"Feature","properties":{"name":"High-Speed Train Line","osmWayId":"_fullGeom239586739","purposeBuilt":false,"routeNames":["East Coast Main Line","railway","GR B","GR C","GR D","GR A","Lumo: Newcastle => London King's Cross (weekday mornings)","Lumo: Newcastle => London King's Cross","Lumo: Edinburgh Waverley => London King's Cross","Lumo: Glasgow Queen Street => London King's Cross"]},"geometry":{"type":"LineString","coordinates":[[-1.6178535,54.9645175],[-1.6171585,54.9639249],[-1.6154719,54.9624869],[-1.6154327,54.9624535],[-1.6153261,54.9623612],[-1.6152389,54.9622728],[-1.6151895,54.9622149],[-1.6151236,54.9621337],[-1.6150569,54.9620371],[-1.6150022,54.9619459],[-1.6149528,54.9618466],[-1.6149386,54.9618034],[-1.6149096,54.9617138],[-1.6148873,54.9616299],[-1.6148747,54.9615615],[-1.6148669,54.9614575],[-1.614866,54.9613551],[-1.6148776,54.9612483],[-1.6148863,54.9612001]]}},{"type":"Feature","properties":{"name":"High-Speed Train Line","osmWayId":"_fullGeom427914491","purposeBuilt":false,"routeNames":["East Coast Main Line","railway","GR B","GR C","GR D","GR A","Lumo: Newcastle => London King's Cross (weekday mornings)","Lumo: Newcastle => London King's Cross","Lumo: Edinburgh Waverley => London King's Cross","Lumo: Glasgow Queen Street => London King's Cross"]},"geometry":{"type":"LineString","coordinates":[[-1.6148863,54.9612001],[-1.6149105,54.9611088],[-1.6149386,54.9610214],[-1.6149735,54.9609391],[-1.6150479,54.9607913],[-1.6151728,54.9605848]]}},{"type":"Feature","properties":{"name":"High-Speed Train Line","osmWayId":"_fullGeom239586707","purposeBuilt":false,"routeNames":["East Coast Main Line","railway","GR B","GR C","GR D","GR A","Lumo: Newcastle => London King's Cross (weekday mornings)","Lumo: Newcastle => London King's Cross","Lumo: Edinburgh Waverley => London King's Cross","Lumo: Glasgow Queen Street => London King's Cross"]},"geometry":{"type":"LineString","coordinates":[[-1.6151728,54.9605848],[-1.6153497,54.9603911],[-1.6154972,54.9602524],[-1.6156953,54.9600798],[-1.6166431,54.9593153],[-1.6168035,54.9591717],[-1.6169004,54.9590822]]}},{"type":"Feature","properties":{"name":"High-Speed Train Line","osmWayId":"_fullGeom796304913","purposeBuilt":false,"routeNames":["East Coast Main Line","railway","GR B","GR C","GR D","GR A","Lumo: Newcastle => London King's Cross (weekday mornings)","Lumo: Newcastle => London King's Cross","Lumo: Edinburgh Waverley => London King's Cross","Lumo: Glasgow Queen Street => London King's Cross"]},"geometry":{"type":"LineString","coordinates":[[-1.6169004,54.9590822],[-1.6171199,54.9588392],[-1.617244,54.9586905],[-1.6173502,54.9585557],[-1.6174924,54.9583537],[-1.617668,54.9580847],[-1.6177852,54.957874]]}},{"type":"Feature","properties":{"name":"High-Speed Train Line","osmWayId":"_fullGeom1371913091","purposeBuilt":false,"routeNames":["East Coast Main Line","railway","GR B","GR C","GR D","GR A","Lumo: Newcastle => London King's Cross (weekday mornings)","Lumo: Newcastle => London King's Cross","Lumo: Edinburgh Waverley => London King's Cross","Lumo: Glasgow Queen Street => London King's Cross"]},"geometry":{"type":"LineString","coordinates":[[-1.6177852,54.957874],[-1.6179859,54.9575004]]}},{"type":"Feature","properties":{"name":"High-Speed Train Line","osmWayId":"_fullGeom1371913090","purposeBuilt":false,"routeNames":["East Coast Main Line","railway","GR B","GR C","GR D","GR A","Lumo: Newcastle => London King's Cross (weekday mornings)","Lumo: Newcastle => London King's Cross","Lumo: Edinburgh Waverley => London King's Cross","Lumo: Glasgow Queen Street => London King's Cross"]},"geometry":{"type":"LineString","coordinates":[[-1.6179859,54.9575004],[-1.6180817,54.9573461],[-1.6183457,54.9568866],[-1.618786,54.9561203]]}},{"type":"Feature","properties":{"name":"High-Speed Train Line","osmWayId":"_fullGeom306546780","purposeBuilt":false,"routeNames":["East Coast Main Line","railway","GR B","GR C","GR D","GR A","Lumo: Newcastle => London King's Cross (weekday mornings)","Lumo: Newcastle => London King's Cross","Lumo: Edinburgh Waverley => London King's Cross","Lumo: Glasgow Queen Street => London King's Cross"]},"geometry":{"type":"LineString","coordinates":[[-1.618786,54.9561203],[-1.6191645,54.9554855],[-1.6192624,54.9552812],[-1.6193556,54.9550558],[-1.6194638,54.9547824],[-1.6195124,54.9546506],[-1.6195452,54.9545255],[-1.6195777,54.9543248],[-1.619594,54.9540965],[-1.619608,54.9538835],[-1.6195917,54.9536594],[-1.6195659,54.953335],[-1.6195284,54.9530148]]}},{"type":"Feature","properties":{"name":"High-Speed Train Line","osmWayId":"_fullGeom796304908","purposeBuilt":false,"routeNames":["East Coast Main Line","railway","GR B","GR C","GR D","GR A","Lumo: Newcastle => London King's Cross (weekday mornings)","Lumo: Newcastle => London King's Cross","Lumo: Edinburgh Waverley => London King's Cross","Lumo: Glasgow Queen Street => London King's Cross"]},"geometry":{"type":"LineString","coordinates":[[-1.6195284,54.9530148],[-1.6194746,54.9526994],[-1.6193844,54.9523707],[-1.6193154,54.9521104],[-1.6192123,54.9518358],[-1.6191326,54.9515951],[-1.6190043,54.9513183],[-1.6188252,54.9510146],[-1.6185305,54.9506025]]}},{"type":"Feature","properties":{"name":"High-Speed Train Line","osmWayId":"_fullGeom441592116","purposeBuilt":false,"routeNames":["East Coast Main Line","railway","GR B","GR C","GR D","GR A","Lumo: Newcastle => London King's Cross (weekday mornings)","Lumo: Newcastle => London King's Cross","Lumo: Edinburgh Waverley => London King's Cross","Lumo: Glasgow Queen Street => London King's Cross"]},"geometry":{"type":"LineString","coordinates":[[-1.6185305,54.9506025],[-1.618113,54.9500894]]}},{"type":"Feature","properties":{"name":"High-Speed Train Line","osmWayId":"_fullGeom441592117","purposeBuilt":false,"routeNames":["East Coast Main Line","railway","GR B","GR C","GR D","GR A","Lumo: Newcastle => London King's Cross (weekday mornings)","Lumo: Newcastle => London King's Cross","Lumo: Edinburgh Waverley => London King's Cross","Lumo: Glasgow Queen Street => London King's Cross"]},"geometry":{"type":"LineString","coordinates":[[-1.618113,54.9500894],[-1.6177199,54.9496227]]}},{"type":"Feature","properties":{"name":"High-Speed Train Line","osmWayId":"_fullGeom796304907","purposeBuilt":false,"routeNames":["East Coast Main Line","railway","GR B","GR C","GR D","GR A","Lumo: Newcastle => London King's Cross (weekday mornings)","Lumo: Newcastle => London King's Cross","Lumo: Edinburgh Waverley => London King's Cross","Lumo: Glasgow Queen Street => London King's Cross"]},"geometry":{"type":"LineString","coordinates":[[-1.6177199,54.9496227],[-1.6161616,54.9477429]]}},{"type":"Feature","properties":{"name":"High-Speed Train Line","osmWayId":"_fullGeom448345123","purposeBuilt":false,"routeNames":["East Coast Main Line","railway","GR B","GR C","GR D","GR A","Lumo: Newcastle => London King's Cross (weekday mornings)","Lumo: Newcastle => London King's Cross","Lumo: Edinburgh Waverley => London King's Cross","Lumo: Glasgow Queen Street => London King's Cross"]},"geometry":{"type":"LineString","coordinates":[[-1.6161616,54.9477429],[-1.6160996,54.9476683]]}},{"type":"Feature","properties":{"name":"High-Speed Train Line","osmWayId":"_fullGeom448345125","purposeBuilt":false,"routeNames":["East Coast Main Line","railway","GR B","GR C","GR D","GR A","Lumo: Newcastle => London King's Cross (weekday mornings)","Lumo: Newcastle => London King's Cross","Lumo: Edinburgh Waverley => London King's Cross","Lumo: Glasgow Queen Street => London King's Cross"]},"geometry":{"type":"LineString","coordinates":[[-1.6160996,54.9476683],[-1.615977,54.9475268],[-1.6147744,54.9460742],[-1.6141565,54.9453148],[-1.6135729,54.9445421],[-1.6132228,54.9440427]]}},{"type":"Feature","properties":{"name":"High-Speed Train Line","osmWayId":"_fullGeom442173528","purposeBuilt":false,"routeNames":["East Coast Main Line","railway","GR B","GR C","GR D","GR A","Lumo: Newcastle => London King's Cross (weekday mornings)","Lumo: Newcastle => London King's Cross","Lumo: Edinburgh Waverley => London King's Cross","Lumo: Glasgow Queen Street => London King's Cross"]},"geometry":{"type":"LineString","coordinates":[[-1.6132228,54.9440427],[-1.6131219,54.9438803]]}},{"type":"Feature","properties":{"name":"High-Speed Train Line","osmWayId":"_fullGeom796304906","purposeBuilt":false,"routeNames":["East Coast Main Line","railway","GR B","GR C","GR D","GR A","Lumo: Newcastle => London King's Cross (weekday mornings)","Lumo: Newcastle => London King's Cross","Lumo: Edinburgh Waverley => London King's Cross","Lumo: Glasgow Queen Street => London King's Cross"]},"geometry":{"type":"LineString","coordinates":[[-1.6131219,54.9438803],[-1.6127106,54.9432196],[-1.6124746,54.9427715]]}},{"type":"Feature","properties":{"name":"High-Speed Train Line","osmWayId":"_fullGeom442173532","purposeBuilt":false,"routeNames":["East Coast Main Line","railway","GR B","GR C","GR D","GR A","Lumo: Newcastle => London King's Cross (weekday mornings)","Lumo: Newcastle => London King's Cross","Lumo: Edinburgh Waverley => London King's Cross","Lumo: Glasgow Queen Street => London King's Cross"]},"geometry":{"type":"LineString","coordinates":[[-1.6124746,54.9427715],[-1.6121734,54.9421181],[-1.6120225,54.9417781],[-1.6119045,54.9414433],[-1.6116062,54.9405068],[-1.6114775,54.9401027],[-1.6113213,54.9395414],[-1.6112347,54.9392712],[-1.6111554,54.9389979],[-1.6108378,54.937904],[-1.6105151,54.9368558],[-1.6102071,54.9358213],[-1.6099016,54.93476],[-1.6095884,54.93374]]}},{"type":"Feature","properties":{"name":"High-Speed Train Line","osmWayId":"_fullGeom306546774","purposeBuilt":false,"routeNames":["East Coast Main Line","railway","GR B","GR C","GR D","GR A","Lumo: Newcastle => London King's Cross (weekday mornings)","Lumo: Newcastle => London King's Cross","Lumo: Edinburgh Waverley => London King's Cross","Lumo: Glasgow Queen Street => London King's Cross"]},"geometry":{"type":"LineString","coordinates":[[-1.6095884,54.93374],[-1.6095706,54.9336866],[-1.6093559,54.9329494],[-1.6093301,54.9328608],[-1.609229,54.9325137],[-1.6085359,54.9301575],[-1.608366,54.9295641],[-1.6082045,54.9290002],[-1.608026,54.9284225],[-1.6078355,54.9278236],[-1.6077116,54.9274802],[-1.6075544,54.9271092],[-1.6074065,54.9267437],[-1.6072363,54.9263844],[-1.6045708,54.921679],[-1.6040934,54.9208846],[-1.6037254,54.9202884],[-1.6033422,54.9197012],[-1.6026567,54.9187171],[-1.6019772,54.9177295],[-1.6006313,54.9158473],[-1.6001208,54.9151238],[-1.5996001,54.914399],[-1.5985556,54.9129298],[-1.5969053,54.9106247],[-1.5952634,54.908315],[-1.5945973,54.9073823]]}},{"type":"Feature","properties":{"name":"High-Speed Train Line","osmWayId":"_fullGeom306546759","purposeBuilt":false,"routeNames":["East Coast Main Line","railway","GR B","GR C","GR D","GR A","Lumo: Newcastle => London King's Cross (weekday mornings)","Lumo: Newcastle => London King's Cross","Lumo: Edinburgh Waverley => London King's Cross","Lumo: Glasgow Queen Street => London King's Cross"]},"geometry":{"type":"LineString","coordinates":[[-1.5945973,54.9073823],[-1.5944214,54.907141]]}},{"type":"Feature","properties":{"name":"High-Speed Train Line","osmWayId":"_fullGeom306546757","purposeBuilt":false,"routeNames":["East Coast Main Line","railway","GR B","GR C","GR D","GR A","Lumo: Newcastle => London King's Cross (weekday mornings)","Lumo: Newcastle => London King's Cross","Lumo: Edinburgh Waverley => London King's Cross","Lumo: Glasgow Queen Street => London King's Cross"]},"geometry":{"type":"LineString","coordinates":[[-1.5944214,54.907141],[-1.5937608,54.9062051]]}},{"type":"Feature","properties":{"name":"High-Speed Train Line","osmWayId":"_fullGeom306546770","purposeBuilt":false,"routeNames":["East Coast Main Line","railway","GR B","GR C","GR D","GR A","Lumo: Newcastle => London King's Cross (weekday mornings)","Lumo: Newcastle => London King's Cross","Lumo: Edinburgh Waverley => London King's Cross","Lumo: Glasgow Queen Street => London King's Cross"]},"geometry":{"type":"LineString","coordinates":[[-1.5937608,54.9062051],[-1.593703,54.9061225]]}},{"type":"Feature","properties":{"name":"High-Speed Train Line","osmWayId":"_fullGeom1071905794","purposeBuilt":false,"routeNames":["East Coast Main Line","railway","GR B","GR C","GR D","GR A","Lumo: Newcastle => London King's Cross (weekday mornings)","Lumo: Newcastle => London King's Cross","Lumo: Edinburgh Waverley => London King's Cross","Lumo: Glasgow Queen Street => London King's Cross"]},"geometry":{"type":"LineString","coordinates":[[-1.593703,54.9061225],[-1.5925827,54.9045656],[-1.5915364,54.9030828],[-1.5912514,54.902652],[-1.5910035,54.9023021],[-1.5909451,54.9022197],[-1.590386,54.9014457],[-1.5898051,54.9006813],[-1.5885695,54.8991428],[-1.5873976,54.897734],[-1.5867614,54.8969693],[-1.5849315,54.8947928],[-1.5844098,54.8941116],[-1.5839321,54.8934365],[-1.5836256,54.8929311],[-1.5833512,54.8923977],[-1.5830364,54.8916561],[-1.5827387,54.8907678],[-1.5823193,54.8891885],[-1.5822149,54.8887455]]}},{"type":"Feature","properties":{"name":"High-Speed Train Line","osmWayId":"_fullGeom1071905795","purposeBuilt":false,"routeNames":["East Coast Main Line","railway","GR B","GR C","GR D","GR A","Lumo: Newcastle => London King's Cross (weekday mornings)","Lumo: Newcastle => London King's Cross","Lumo: Edinburgh Waverley => London King's Cross","Lumo: Glasgow Queen Street => London King's Cross"]},"geometry":{"type":"LineString","coordinates":[[-1.5822149,54.8887455],[-1.5821947,54.8886632]]}},{"type":"Feature","properties":{"name":"High-Speed Train Line","osmWayId":"_fullGeom306546785","purposeBuilt":false,"routeNames":["East Coast Main Line","railway","GR B","GR C","GR D","GR A","Lumo: Newcastle => London King's Cross (weekday mornings)","Lumo: Newcastle => London King's Cross","Lumo: Edinburgh Waverley => London King's Cross","Lumo: Glasgow Queen Street => London King's Cross"]},"geometry":{"type":"LineString","coordinates":[[-1.5821947,54.8886632],[-1.5820048,54.8877922],[-1.5816806,54.8863843],[-1.5815871,54.8859896],[-1.5810079,54.8835432],[-1.5807818,54.8825942],[-1.5801521,54.8801213],[-1.5795464,54.8776274],[-1.5794615,54.8772702],[-1.5793894,54.8769345],[-1.579253,54.876372],[-1.5790291,54.8754489],[-1.5788633,54.8747583],[-1.5787644,54.874346],[-1.5784845,54.8731999],[-1.5783911,54.8727877],[-1.5782622,54.8722155],[-1.5781394,54.8717262],[-1.577979,54.8707639],[-1.5778613,54.8698513],[-1.5778038,54.8688881],[-1.5777686,54.8682611],[-1.5777711,54.8676359],[-1.5777895,54.867244],[-1.5778312,54.8668482],[-1.5779007,54.8661307],[-1.5780096,54.8654628],[-1.5782367,54.8640525],[-1.578329,54.8634569],[-1.5784378,54.8628694],[-1.578641,54.8616792],[-1.5787478,54.8610491],[-1.578837,54.8604874],[-1.5788981,54.8600366],[-1.5789822,54.8596752]]}},{"type":"Feature","properties":{"name":"High-Speed Train Line","osmWayId":"_fullGeom306546775","purposeBuilt":false,"routeNames":["East Coast Main Line","railway","GR B","GR C","GR D","GR A","Lumo: Newcastle => London King's Cross (weekday mornings)","Lumo: Newcastle => London King's Cross","Lumo: Edinburgh Waverley => London King's Cross","Lumo: Glasgow Queen Street => London King's Cross"]},"geometry":{"type":"LineString","coordinates":[[-1.5789822,54.8596752],[-1.5790248,54.8593666],[-1.5790551,54.8590549],[-1.579073,54.8587428],[-1.5790785,54.8584306],[-1.5790715,54.8581154],[-1.5790518,54.8578004],[-1.5790211,54.8575059]]}},{"type":"Feature","properties":{"name":"High-Speed Train Line","osmWayId":"_fullGeom306546787","purposeBuilt":false,"routeNames":["East Coast Main Line","railway","GR B","GR C","GR D","GR A","Lumo: Newcastle => London King's Cross (weekday mornings)","Lumo: Newcastle => London King's Cross","Lumo: Edinburgh Waverley => London King's Cross","Lumo: Glasgow Queen Street => London King's Cross"]},"geometry":{"type":"LineString","coordinates":[[-1.5790211,54.8575059],[-1.578956,54.8571459],[-1.5788774,54.8567566],[-1.5788178,54.856485],[-1.5787459,54.856201],[-1.5785965,54.855653],[-1.5784435,54.8551791],[-1.5782847,54.8547106],[-1.5780461,54.8540074]]}},{"type":"Feature","properties":{"name":"High-Speed Train Line","osmWayId":"_fullGeom306546755","purposeBuilt":false,"routeNames":["East Coast Main Line","railway","GR B","GR C","GR D","GR A","Lumo: Newcastle => London King's Cross (weekday mornings)","Lumo: Newcastle => London King's Cross","Lumo: Edinburgh Waverley => London King's Cross","Lumo: Glasgow Queen Street => London King's Cross"]},"geometry":{"type":"LineString","coordinates":[[-1.5780461,54.8540074],[-1.5779886,54.8538357]]}},{"type":"Feature","properties":{"name":"High-Speed Train Line","osmWayId":"_fullGeom306546777","purposeBuilt":false,"routeNames":["East Coast Main Line","railway","GR B","GR C","GR D","GR A","Lumo: Newcastle => London King's Cross (weekday mornings)","Lumo: Newcastle => London King's Cross","Lumo: Edinburgh Waverley => London King's Cross","Lumo: Glasgow Queen Street => London King's Cross"]},"geometry":{"type":"LineString","coordinates":[[-1.5779886,54.8538357],[-1.5778243,54.8533607],[-1.5774923,54.8522849]]}},{"type":"Feature","properties":{"name":"High-Speed Train Line","osmWayId":"_fullGeom306546769","purposeBuilt":false,"routeNames":["East Coast Main Line","railway","GR B","GR C","GR D","GR A","Lumo: Newcastle => London King's Cross (weekday mornings)","Lumo: Newcastle => London King's Cross","Lumo: Edinburgh Waverley => London King's Cross","Lumo: Glasgow Queen Street => London King's Cross"]},"geometry":{"type":"LineString","coordinates":[[-1.5774923,54.8522849],[-1.5773951,54.8519838]]}},{"type":"Feature","properties":{"name":"High-Speed Train Line","osmWayId":"_fullGeom306546744","purposeBuilt":false,"routeNames":["East Coast Main Line","railway","GR B","GR C","GR D","GR A","Lumo: Newcastle => London King's Cross (weekday mornings)","Lumo: Newcastle => London King's Cross","Lumo: Edinburgh Waverley => London King's Cross","Lumo: Glasgow Queen Street => London King's Cross"]},"geometry":{"type":"LineString","coordinates":[[-1.5773951,54.8519838],[-1.5772351,54.8514813],[-1.5770848,54.8509414],[-1.5768999,54.8498879],[-1.5768624,54.8493023],[-1.5768684,54.848708],[-1.5769265,54.8481082],[-1.5770113,54.8475195],[-1.5772129,54.8466794],[-1.5773453,54.8462555],[-1.5775036,54.8458506],[-1.5781968,54.8442027],[-1.5786444,54.8430494],[-1.5787168,54.842883]]}},{"type":"Feature","properties":{"name":"High-Speed Train Line","osmWayId":"_fullGeom306546773","purposeBuilt":false,"routeNames":["East Coast Main Line","railway","GR B","GR C","GR D","GR A","Lumo: Newcastle => London King's Cross (weekday mornings)","Lumo: Newcastle => London King's Cross","Lumo: Edinburgh Waverley => London King's Cross","Lumo: Glasgow Queen Street => London King's Cross"]},"geometry":{"type":"LineString","coordinates":[[-1.5787168,54.842883],[-1.5791756,54.8417761],[-1.5793492,54.8413572]]}},{"type":"Feature","properties":{"name":"High-Speed Train Line","osmWayId":"_fullGeom962605241","purposeBuilt":false,"routeNames":["East Coast Main Line","railway","GR B","GR C","GR D","GR A","Lumo: Newcastle => London King's Cross (weekday mornings)","Lumo: Newcastle => London King's Cross","Lumo: Edinburgh Waverley => London King's Cross","Lumo: Glasgow Queen Street => London King's Cross"]},"geometry":{"type":"LineString","coordinates":[[-1.5793492,54.8413572],[-1.5794121,54.8412066]]}},{"type":"Feature","properties":{"name":"High-Speed Train Line","osmWayId":"_fullGeom962605240","purposeBuilt":false,"routeNames":["East Coast Main Line","railway","GR B","GR C","GR D","GR A","Lumo: Newcastle => London King's Cross (weekday mornings)","Lumo: Newcastle => London King's Cross","Lumo: Edinburgh Waverley => London King's Cross","Lumo: Glasgow Queen Street => London King's Cross"]},"geometry":{"type":"LineString","coordinates":[[-1.5794121,54.8412066],[-1.5796233,54.8406957]]}},{"type":"Feature","properties":{"name":"High-Speed Train Line","osmWayId":"_fullGeom306546767","purposeBuilt":false,"routeNames":["East Coast Main Line","railway","GR B","GR C","GR D","GR A","Lumo: Newcastle => London King's Cross (weekday mornings)","Lumo: Newcastle => London King's Cross","Lumo: Edinburgh Waverley => London King's Cross","Lumo: Glasgow Queen Street => London King's Cross"]},"geometry":{"type":"LineString","coordinates":[[-1.5796233,54.8406957],[-1.5801768,54.8393513]]}},{"type":"Feature","properties":{"name":"High-Speed Train Line","osmWayId":"_fullGeom306546761","purposeBuilt":false,"routeNames":["East Coast Main Line","railway","GR B","GR C","GR D","GR A","Lumo: Newcastle => London King's Cross (weekday mornings)","Lumo: Newcastle => London King's Cross","Lumo: Edinburgh Waverley => London King's Cross","Lumo: Glasgow Queen Street => London King's Cross"]},"geometry":{"type":"LineString","coordinates":[[-1.5801768,54.8393513],[-1.580261,54.8391353]]}},{"type":"Feature","properties":{"name":"High-Speed Train Line","osmWayId":"_fullGeom514246358","purposeBuilt":false,"routeNames":["East Coast Main Line","railway","GR B","GR C","GR D","GR A","Lumo: Newcastle => London King's Cross (weekday mornings)","Lumo: Newcastle => London King's Cross","Lumo: Edinburgh Waverley => London King's Cross","Lumo: Glasgow Queen Street => London King's Cross"]},"geometry":{"type":"LineString","coordinates":[[-1.580261,54.8391353],[-1.5806127,54.8383189],[-1.5809558,54.8375042],[-1.5813773,54.8364457]]}},{"type":"Feature","properties":{"name":"High-Speed Train Line","osmWayId":"_fullGeom514246357","purposeBuilt":false,"routeNames":["East Coast Main Line","railway","GR B","GR C","GR D","GR A","Lumo: Newcastle => London King's Cross (weekday mornings)","Lumo: Newcastle => London King's Cross","Lumo: Edinburgh Waverley => London King's Cross","Lumo: Glasgow Queen Street => London King's Cross"]},"geometry":{"type":"LineString","coordinates":[[-1.5813773,54.8364457],[-1.5814297,54.8363126]]}},{"type":"Feature","properties":{"name":"High-Speed Train Line","osmWayId":"_fullGeom306546751","purposeBuilt":false,"routeNames":["East Coast Main Line","railway","GR B","GR C","GR D","GR A","Lumo: Newcastle => London King's Cross (weekday mornings)","Lumo: Newcastle => London King's Cross","Lumo: Edinburgh Waverley => London King's Cross","Lumo: Glasgow Queen Street => London King's Cross"]},"geometry":{"type":"LineString","coordinates":[[-1.5814297,54.8363126],[-1.5815635,54.8359866],[-1.5819139,54.8351327],[-1.5820943,54.8345979],[-1.5822476,54.8340461],[-1.5823493,54.833509],[-1.5824311,54.8329474],[-1.5824622,54.8324037],[-1.582465,54.8318604],[-1.582348,54.8307753],[-1.5818787,54.827822],[-1.581796,54.8273013],[-1.5816261,54.8264202],[-1.5815344,54.8260044],[-1.581417,54.825565],[-1.581132,54.8247143],[-1.5809312,54.8242847],[-1.5808858,54.8241987],[-1.5807041,54.823854]]}},{"type":"Feature","properties":{"name":"High-Speed Train Line","osmWayId":"_fullGeom306546791","purposeBuilt":false,"routeNames":["East Coast Main Line","railway","GR B","GR C","GR D","GR A","Lumo: Newcastle => London King's Cross (weekday mornings)","Lumo: Newcastle => London King's Cross","Lumo: Edinburgh Waverley => London King's Cross","Lumo: Glasgow Queen Street => London King's Cross"]},"geometry":{"type":"LineString","coordinates":[[-1.5807041,54.823854],[-1.580469,54.8234054],[-1.5802895,54.823116],[-1.5802556,54.8230614],[-1.5800294,54.822731]]}},{"type":"Feature","properties":{"name":"High-Speed Train Line","osmWayId":"_fullGeom306546784","purposeBuilt":false,"routeNames":["East Coast Main Line","railway","GR B","GR C","GR D","GR A","Lumo: Newcastle => London King's Cross (weekday mornings)","Lumo: Newcastle => London King's Cross","Lumo: Edinburgh Waverley => London King's Cross","Lumo: Glasgow Queen Street => London King's Cross"]},"geometry":{"type":"LineString","coordinates":[[-1.5800294,54.822731],[-1.5799867,54.8226725],[-1.5792405,54.8216501],[-1.5785152,54.8207636],[-1.577267,54.8192253],[-1.5760113,54.817692]]}},{"type":"Feature","properties":{"name":"High-Speed Train Line","osmWayId":"_fullGeom306546776","purposeBuilt":false,"routeNames":["East Coast Main Line","railway","GR B","GR C","GR D","GR A","Lumo: Newcastle => London King's Cross (weekday mornings)","Lumo: Newcastle => London King's Cross","Lumo: Edinburgh Waverley => London King's Cross","Lumo: Glasgow Queen Street => London King's Cross"]},"geometry":{"type":"LineString","coordinates":[[-1.5760113,54.817692],[-1.5743041,54.8155694],[-1.5739352,54.8151344]]}},{"type":"Feature","properties":{"name":"High-Speed Train Line","osmWayId":"_fullGeom306546790","purposeBuilt":false,"routeNames":["East Coast Main Line","railway","GR B","GR C","GR D","GR A","Lumo: Newcastle => London King's Cross (weekday mornings)","Lumo: Newcastle => London King's Cross","Lumo: Edinburgh Waverley => London King's Cross","Lumo: Glasgow Queen Street => London King's Cross"]},"geometry":{"type":"LineString","coordinates":[[-1.5739352,54.8151344],[-1.5730972,54.8141211],[-1.5726079,54.8135785],[-1.5723508,54.8133005],[-1.5720763,54.813022],[-1.5714944,54.8124858],[-1.5708562,54.8119505],[-1.5701781,54.8114111],[-1.5693455,54.8107614]]}},{"type":"Feature","properties":{"name":"High-Speed Train Line","osmWayId":"_fullGeom306546772","purposeBuilt":false,"routeNames":["East Coast Main Line","railway","GR B","GR C","GR D","GR A","Lumo: Newcastle => London King's Cross (weekday mornings)","Lumo: Newcastle => London King's Cross","Lumo: Edinburgh Waverley => London King's Cross","Lumo: Glasgow Queen Street => London King's Cross"]},"geometry":{"type":"LineString","coordinates":[[-1.5693455,54.8107614],[-1.5690953,54.8105837]]}},{"type":"Feature","properties":{"name":"High-Speed Train Line","osmWayId":"_fullGeom798939596","purposeBuilt":false,"routeNames":["East Coast Main Line","railway","GR B","GR C","GR D","GR A","Lumo: Newcastle => London King's Cross (weekday mornings)","Lumo: Newcastle => London King's Cross","Lumo: Edinburgh Waverley => London King's Cross","Lumo: Glasgow Queen Street => London King's Cross"]},"geometry":{"type":"LineString","coordinates":[[-1.5690953,54.8105837],[-1.5677841,54.8095479],[-1.5662374,54.8083313]]}},{"type":"Feature","properties":{"name":"High-Speed Train Line","osmWayId":"_fullGeom1243815875","purposeBuilt":false,"routeNames":["East Coast Main Line","railway","GR B","GR C","GR D","GR A","Lumo: Newcastle => London King's Cross (weekday mornings)","Lumo: Newcastle => London King's Cross","Lumo: Edinburgh Waverley => London King's Cross","Lumo: Glasgow Queen Street => London King's Cross"]},"geometry":{"type":"LineString","coordinates":[[-1.5662374,54.8083313],[-1.5652545,54.8075464]]}},{"type":"Feature","properties":{"name":"High-Speed Train Line","osmWayId":"_fullGeom1243815873","purposeBuilt":false,"routeNames":["East Coast Main Line","railway","GR B","GR C","GR D","GR A","Lumo: Newcastle => London King's Cross (weekday mornings)","Lumo: Newcastle => London King's Cross","Lumo: Edinburgh Waverley => London King's Cross","Lumo: Glasgow Queen Street => London King's Cross"]},"geometry":{"type":"LineString","coordinates":[[-1.5652545,54.8075464],[-1.5651111,54.8074393]]}},{"type":"Feature","properties":{"name":"High-Speed Train Line","osmWayId":"_fullGeom368577195","purposeBuilt":false,"routeNames":["East Coast Main Line","railway","GR B","GR C","GR D","GR A","Lumo: Newcastle => London King's Cross (weekday mornings)","Lumo: Newcastle => London King's Cross","Lumo: Edinburgh Waverley => London King's Cross","Lumo: Glasgow Queen Street => London King's Cross"]},"geometry":{"type":"LineString","coordinates":[[-1.5651111,54.8074393],[-1.5645152,54.8069943],[-1.5638486,54.8064653],[-1.5634862,54.8061731]]}},{"type":"Feature","properties":{"name":"High-Speed Train Line","osmWayId":"_fullGeom306546765","purposeBuilt":false,"routeNames":["East Coast Main Line","railway","GR B","GR C","GR D","GR A","Lumo: Newcastle => London King's Cross (weekday mornings)","Lumo: Newcastle => London King's Cross","Lumo: Edinburgh Waverley => London King's Cross","Lumo: Glasgow Queen Street => London King's Cross"]},"geometry":{"type":"LineString","coordinates":[[-1.5634862,54.8061731],[-1.5631535,54.8058794]]}},{"type":"Feature","properties":{"name":"High-Speed Train Line","osmWayId":"_fullGeom306546786","purposeBuilt":false,"routeNames":["East Coast Main Line","railway","GR B","GR C","GR D","GR A","Lumo: Newcastle => London King's Cross (weekday mornings)","Lumo: Newcastle => London King's Cross","Lumo: Edinburgh Waverley => London King's Cross","Lumo: Glasgow Queen Street => London King's Cross"]},"geometry":{"type":"LineString","coordinates":[[-1.5631535,54.8058794],[-1.5631085,54.8058385],[-1.5627674,54.8055282],[-1.5624108,54.8051607],[-1.5621812,54.8048987],[-1.5619784,54.804636],[-1.5617876,54.8043802],[-1.5616147,54.8041065],[-1.5614083,54.8037509],[-1.5613154,54.8035683],[-1.561243,54.8033885],[-1.5611008,54.8030237],[-1.5609836,54.8026543],[-1.5609142,54.8024223],[-1.560872,54.8021836],[-1.5608298,54.8019451],[-1.5608137,54.8017037],[-1.5608077,54.8012294],[-1.5608117,54.8009909],[-1.560834,54.800753],[-1.560876,54.8004637],[-1.5609443,54.8001813],[-1.5610205,54.7998933],[-1.5611188,54.7996114],[-1.5612396,54.7993256],[-1.5613841,54.7990399],[-1.5615385,54.7987543],[-1.561708,54.7984782],[-1.5619149,54.7981938],[-1.5621316,54.7979097],[-1.5622437,54.7977698],[-1.5623604,54.7976295],[-1.5626183,54.7973526],[-1.562936,54.7970495],[-1.5632993,54.7967369],[-1.563657,54.7964538],[-1.5640787,54.7961469],[-1.5645422,54.7958371],[-1.5650383,54.7955315],[-1.5660431,54.7949453],[-1.5666545,54.7945814],[-1.5668882,54.7944423],[-1.5676701,54.7939329],[-1.5683816,54.7934788],[-1.5687154,54.7932508],[-1.5690379,54.7929935],[-1.5694646,54.792602],[-1.5698538,54.7921922],[-1.5705812,54.7914518],[-1.570815,54.7912138],[-1.5722019,54.7897012]]}},{"type":"Feature","properties":{"name":"High-Speed Train Line","osmWayId":"_fullGeom798939597","purposeBuilt":false,"routeNames":["East Coast Main Line","railway","GR B","GR C","GR D","GR A","Lumo: Newcastle => London King's Cross (weekday mornings)","Lumo: Newcastle => London King's Cross","Lumo: Edinburgh Waverley => London King's Cross","Lumo: Glasgow Queen Street => London King's Cross"]},"geometry":{"type":"LineString","coordinates":[[-1.5722019,54.7897012],[-1.5723512,54.7895384],[-1.5726633,54.7891892],[-1.573224,54.7885749],[-1.5758632,54.7856909],[-1.5772411,54.784198],[-1.5777172,54.783674],[-1.578241,54.7830928]]}},{"type":"Feature","properties":{"name":"High-Speed Train Line","osmWayId":"_fullGeom111699525","purposeBuilt":false,"routeNames":["East Coast Main Line","railway","GR B","GR C","GR D","GR A","Lumo: Newcastle => London King's Cross (weekday mornings)","Lumo: Newcastle => London King's Cross","Lumo: Edinburgh Waverley => London King's Cross","Lumo: Glasgow Queen Street => London King's Cross"]},"geometry":{"type":"LineString","coordinates":[[-1.578241,54.7830928],[-1.5785498,54.7827503],[-1.5786755,54.7826109],[-1.5789996,54.7822627],[-1.5803283,54.7808761]]}},{"type":"Feature","properties":{"name":"High-Speed Train Line","osmWayId":"_fullGeom135155138","purposeBuilt":false,"routeNames":["East Coast Main Line","railway","GR B","GR C","GR D","GR A","Lumo: Newcastle => London King's Cross (weekday mornings)","Lumo: Newcastle => London King's Cross","Lumo: Edinburgh Waverley => London King's Cross","Lumo: Glasgow Queen Street => London King's Cross"]},"geometry":{"type":"LineString","coordinates":[[-1.5803283,54.7808761],[-1.5806066,54.7805841]]}},{"type":"Feature","properties":{"name":"High-Speed Train Line","osmWayId":"_fullGeom135155137","purposeBuilt":false,"routeNames":["East Coast Main Line","railway","GR B","GR C","GR D","GR A","Lumo: Newcastle => London King's Cross (weekday mornings)","Lumo: Newcastle => London King's Cross","Lumo: Edinburgh Waverley => London King's Cross","Lumo: Glasgow Queen Street => London King's Cross"]},"geometry":{"type":"LineString","coordinates":[[-1.5806066,54.7805841],[-1.5816363,54.7795763],[-1.5817092,54.7795058],[-1.5822033,54.7790278],[-1.5824631,54.7788049],[-1.5827605,54.7785605]]}},{"type":"Feature","properties":{"name":"High-Speed Train Line","osmWayId":"_fullGeom111754147","purposeBuilt":false,"routeNames":["East Coast Main Line","railway","GR B","GR C","GR D","GR A","Lumo: Newcastle => London King's Cross (weekday mornings)","Lumo: Newcastle => London King's Cross","Lumo: Edinburgh Waverley => London King's Cross","Lumo: Glasgow Queen Street => London King's Cross"]},"geometry":{"type":"LineString","coordinates":[[-1.5827605,54.7785605],[-1.5829714,54.7784058],[-1.5832557,54.778214],[-1.5838189,54.7778649],[-1.5853864,54.7770963]]}},{"type":"Feature","properties":{"name":"High-Speed Train Line","osmWayId":"_fullGeom111754156","purposeBuilt":false,"routeNames":["East Coast Main Line","railway","GR B","GR C","GR D","GR A","Lumo: Newcastle => London King's Cross (weekday mornings)","Lumo: Newcastle => London King's Cross","Lumo: Edinburgh Waverley => London King's Cross","Lumo: Glasgow Queen Street => London King's Cross"]},"geometry":{"type":"LineString","coordinates":[[-1.5853864,54.7770963],[-1.5855286,54.7770389],[-1.5861665,54.7767813],[-1.5869717,54.7765251],[-1.5889729,54.7760102]]}},{"type":"Feature","properties":{"name":"High-Speed Train Line","osmWayId":"_fullGeom368538933","purposeBuilt":false,"routeNames":["East Coast Main Line","railway","GR B","GR C","GR D","GR A","Lumo: Newcastle => London King's Cross (weekday mornings)","Lumo: Newcastle => London King's Cross","Lumo: Edinburgh Waverley => London King's Cross","Lumo: Glasgow Queen Street => London King's Cross"]},"geometry":{"type":"LineString","coordinates":[[-1.5889729,54.7760102],[-1.5899823,54.7757434],[-1.5959138,54.7742181],[-1.5974386,54.773829],[-1.5992381,54.7733503],[-1.5993771,54.7733114]]}},{"type":"Feature","properties":{"name":"High-Speed Train Line","osmWayId":"_fullGeom746492940","purposeBuilt":false,"routeNames":["East Coast Main Line","railway","GR B","GR C","GR D","GR A","Lumo: Newcastle => London King's Cross (weekday mornings)","Lumo: Newcastle => London King's Cross","Lumo: Edinburgh Waverley => London King's Cross","Lumo: Glasgow Queen Street => London King's Cross"]},"geometry":{"type":"LineString","coordinates":[[-1.5993771,54.7733114],[-1.5998216,54.7731721]]}},{"type":"Feature","properties":{"name":"High-Speed Train Line","osmWayId":"_fullGeom111754157","purposeBuilt":false,"routeNames":["East Coast Main Line","railway","GR B","GR C","GR D","GR A","Lumo: Newcastle => London King's Cross (weekday mornings)","Lumo: Newcastle => London King's Cross","Lumo: Edinburgh Waverley => London King's Cross","Lumo: Glasgow Queen Street => London King's Cross"]},"geometry":{"type":"LineString","coordinates":[[-1.5998216,54.7731721],[-1.601413,54.7726427]]}},{"type":"Feature","properties":{"name":"High-Speed Train Line","osmWayId":"_fullGeom111754153","purposeBuilt":false,"routeNames":["East Coast Main Line","railway","GR B","GR C","GR D","GR A","Lumo: Newcastle => London King's Cross (weekday mornings)","Lumo: Newcastle => London King's Cross","Lumo: Edinburgh Waverley => London King's Cross","Lumo: Glasgow Queen Street => London King's Cross"]},"geometry":{"type":"LineString","coordinates":[[-1.601413,54.7726427],[-1.6017716,54.77252],[-1.6022411,54.7723457],[-1.6026151,54.7721939],[-1.602922,54.7720619],[-1.6032855,54.7718927],[-1.6036395,54.7717067],[-1.6038884,54.7715684],[-1.604129,54.7714237],[-1.6043544,54.7712796],[-1.6045532,54.7711429],[-1.6047601,54.7709943],[-1.6050362,54.7707747],[-1.6052208,54.7706142],[-1.6056718,54.7701678],[-1.6059847,54.7697853],[-1.6062579,54.7693988],[-1.6064138,54.7691202],[-1.6066295,54.768627],[-1.6067664,54.7681651],[-1.6068557,54.7673679],[-1.6068634,54.7667515]]}},{"type":"Feature","properties":{"name":"High-Speed Train Line","osmWayId":"_fullGeom368538930","purposeBuilt":false,"routeNames":["East Coast Main Line","railway","GR B","GR C","GR D","GR A","Lumo: Newcastle => London King's Cross (weekday mornings)","Lumo: Newcastle => London King's Cross","Lumo: Edinburgh Waverley => London King's Cross","Lumo: Glasgow Queen Street => London King's Cross"]},"geometry":{"type":"LineString","coordinates":[[-1.6068634,54.7667515],[-1.6068651,54.7666142],[-1.6068735,54.7661817],[-1.6068766,54.7660223],[-1.60689,54.7655719],[-1.6069095,54.7650908],[-1.6069905,54.7635641],[-1.6070105,54.7633062]]}},{"type":"Feature","properties":{"name":"High-Speed Train Line","osmWayId":"_fullGeom111754144","purposeBuilt":false,"routeNames":["East Coast Main Line","railway","GR B","GR C","GR D","GR A","Lumo: Newcastle => London King's Cross (weekday mornings)","Lumo: Newcastle => London King's Cross","Lumo: Edinburgh Waverley => London King's Cross","Lumo: Glasgow Queen Street => London King's Cross"]},"geometry":{"type":"LineString","coordinates":[[-1.6070105,54.7633062],[-1.6070562,54.7620864]]}},{"type":"Feature","properties":{"name":"High-Speed Train Line","osmWayId":"_fullGeom111754163","purposeBuilt":false,"routeNames":["East Coast Main Line","railway","GR B","GR C","GR D","GR A","Lumo: Newcastle => London King's Cross (weekday mornings)","Lumo: Newcastle => London King's Cross","Lumo: Edinburgh Waverley => London King's Cross","Lumo: Glasgow Queen Street => London King's Cross"]},"geometry":{"type":"LineString","coordinates":[[-1.6070562,54.7620864],[-1.6071032,54.7610524]]}},{"type":"Feature","properties":{"name":"High-Speed Train Line","osmWayId":"_fullGeom111754145","purposeBuilt":false,"routeNames":["East Coast Main Line","railway","GR B","GR C","GR D","GR A","Lumo: Newcastle => London King's Cross (weekday mornings)","Lumo: Newcastle => London King's Cross","Lumo: Edinburgh Waverley => London King's Cross","Lumo: Glasgow Queen Street => London King's Cross"]},"geometry":{"type":"LineString","coordinates":[[-1.6071032,54.7610524],[-1.6071099,54.7606501]]}},{"type":"Feature","properties":{"name":"High-Speed Train Line","osmWayId":"_fullGeom111754166","purposeBuilt":false,"routeNames":["East Coast Main Line","railway","GR B","GR C","GR D","GR A","Lumo: Newcastle => London King's Cross (weekday mornings)","Lumo: Newcastle => London King's Cross","Lumo: Edinburgh Waverley => London King's Cross","Lumo: Glasgow Queen Street => London King's Cross"]},"geometry":{"type":"LineString","coordinates":[[-1.6071099,54.7606501],[-1.6071447,54.7598871],[-1.607131,54.7589319],[-1.6070652,54.7582721],[-1.6069352,54.7573087],[-1.6067865,54.7561022],[-1.6067208,54.7556749],[-1.606553,54.754542],[-1.6061067,54.7512131],[-1.6059579,54.7501659],[-1.6058103,54.7490924],[-1.6056963,54.7483168],[-1.6055756,54.7474491],[-1.6054602,54.7466131],[-1.6051813,54.7446485],[-1.6049292,54.7428339],[-1.6046718,54.7413398]]}},{"type":"Feature","properties":{"name":"High-Speed Train Line","osmWayId":"_fullGeom111754152","purposeBuilt":false,"routeNames":["East Coast Main Line","railway","GR B","GR C","GR D","GR A","Lumo: Newcastle => London King's Cross (weekday mornings)","Lumo: Newcastle => London King's Cross","Lumo: Edinburgh Waverley => London King's Cross","Lumo: Glasgow Queen Street => London King's Cross"]},"geometry":{"type":"LineString","coordinates":[[-1.6046718,54.7413398],[-1.6046481,54.7412369]]}},{"type":"Feature","properties":{"name":"High-Speed Train Line","osmWayId":"_fullGeom111754159","purposeBuilt":false,"routeNames":["East Coast Main Line","railway","GR B","GR C","GR D","GR A","Lumo: Newcastle => London King's Cross (weekday mornings)","Lumo: Newcastle => London King's Cross","Lumo: Edinburgh Waverley => London King's Cross","Lumo: Glasgow Queen Street => London King's Cross"]},"geometry":{"type":"LineString","coordinates":[[-1.6046481,54.7412369],[-1.6044037,54.7404746],[-1.6042559,54.7400995],[-1.6039195,54.739459],[-1.6034003,54.7386595],[-1.6028573,54.7379919],[-1.6022972,54.7374343],[-1.6016169,54.7368141],[-1.6007275,54.7361257],[-1.5997492,54.7354713],[-1.5993085,54.7351904]]}},{"type":"Feature","properties":{"name":"High-Speed Train Line","osmWayId":"_fullGeom111754146","purposeBuilt":false,"routeNames":["East Coast Main Line","railway","GR B","GR C","GR D","GR A","Lumo: Newcastle => London King's Cross (weekday mornings)","Lumo: Newcastle => London King's Cross","Lumo: Edinburgh Waverley => London King's Cross","Lumo: Glasgow Queen Street => London King's Cross"]},"geometry":{"type":"LineString","coordinates":[[-1.5993085,54.7351904],[-1.5991945,54.7351269]]}},{"type":"Feature","properties":{"name":"High-Speed Train Line","osmWayId":"_fullGeom111754154","purposeBuilt":false,"routeNames":["East Coast Main Line","railway","GR B","GR C","GR D","GR A","Lumo: Newcastle => London King's Cross (weekday mornings)","Lumo: Newcastle => London King's Cross","Lumo: Edinburgh Waverley => London King's Cross","Lumo: Glasgow Queen Street => London King's Cross"]},"geometry":{"type":"LineString","coordinates":[[-1.5991945,54.7351269],[-1.5989421,54.7350065],[-1.5983916,54.734722],[-1.5978247,54.73444],[-1.5968537,54.7340275],[-1.5964085,54.7338597],[-1.5949531,54.7333381]]}},{"type":"Feature","properties":{"name":"High-Speed Train Line","osmWayId":"_fullGeom111754160","purposeBuilt":false,"routeNames":["East Coast Main Line","railway","GR B","GR C","GR D","GR A","Lumo: Newcastle => London King's Cross (weekday mornings)","Lumo: Newcastle => London King's Cross","Lumo: Edinburgh Waverley => London King's Cross","Lumo: Glasgow Queen Street => London King's Cross"]},"geometry":{"type":"LineString","coordinates":[[-1.5949531,54.7333381],[-1.5915514,54.7323176]]}},{"type":"Feature","properties":{"name":"High-Speed Train Line","osmWayId":"_fullGeom111754167","purposeBuilt":false,"routeNames":["East Coast Main Line","railway","GR B","GR C","GR D","GR A","Lumo: Newcastle => London King's Cross (weekday mornings)","Lumo: Newcastle => London King's Cross","Lumo: Edinburgh Waverley => London King's Cross","Lumo: Glasgow Queen Street => London King's Cross"]},"geometry":{"type":"LineString","coordinates":[[-1.5915514,54.7323176],[-1.5898464,54.7318162],[-1.587333,54.7310507],[-1.5842943,54.7301536],[-1.5833359,54.7298982],[-1.5823513,54.7296812],[-1.5809529,54.7294498],[-1.579876,54.7293118],[-1.5791617,54.7292446],[-1.5782319,54.7291813],[-1.5772811,54.7291493],[-1.5761841,54.7291431],[-1.5751775,54.7291798],[-1.5735605,54.7293042],[-1.5723272,54.7294748],[-1.5710396,54.7296565],[-1.5699942,54.729795],[-1.5686676,54.7299424],[-1.5679325,54.730002],[-1.5672365,54.7300381],[-1.5659844,54.7300726],[-1.5651837,54.730065],[-1.564385,54.73004],[-1.563402,54.72998],[-1.5623811,54.7298914],[-1.5611823,54.7297333],[-1.5602893,54.729572],[-1.5594188,54.7293994],[-1.5588714,54.729291],[-1.5583838,54.7291683],[-1.5579124,54.7290487],[-1.5574513,54.7289093],[-1.5564903,54.7286145],[-1.5556358,54.7283239],[-1.5525404,54.7272364],[-1.5516408,54.7269239]]}},{"type":"Feature","properties":{"name":"High-Speed Train Line","osmWayId":"_fullGeom368538932","purposeBuilt":false,"routeNames":["East Coast Main Line","railway","GR B","GR C","GR D","GR A","Lumo: Newcastle => London King's Cross (weekday mornings)","Lumo: Newcastle => London King's Cross","Lumo: Edinburgh Waverley => London King's Cross","Lumo: Glasgow Queen Street => London King's Cross"]},"geometry":{"type":"LineString","coordinates":[[-1.5516408,54.7269239],[-1.5510652,54.7267144],[-1.5490669,54.7260174],[-1.5484263,54.725789],[-1.5465858,54.7251407],[-1.5461815,54.7249882],[-1.545805,54.7248424],[-1.5448584,54.7244639],[-1.543501,54.7238458],[-1.5421223,54.7231055],[-1.5415406,54.722766],[-1.5410007,54.7224258],[-1.5395153,54.7213447]]}},{"type":"Feature","properties":{"name":"High-Speed Train Line","osmWayId":"_fullGeom111754149","purposeBuilt":false,"routeNames":["East Coast Main Line","railway","GR B","GR C","GR D","GR A","Lumo: Newcastle => London King's Cross (weekday mornings)","Lumo: Newcastle => London King's Cross","Lumo: Edinburgh Waverley => London King's Cross","Lumo: Glasgow Queen Street => London King's Cross"]},"geometry":{"type":"LineString","coordinates":[[-1.5395153,54.7213447],[-1.5392639,54.7211379]]}},{"type":"Feature","properties":{"name":"High-Speed Train Line","osmWayId":"_fullGeom111754155","purposeBuilt":false,"routeNames":["East Coast Main Line","railway","GR B","GR C","GR D","GR A","Lumo: Newcastle => London King's Cross (weekday mornings)","Lumo: Newcastle => London King's Cross","Lumo: Edinburgh Waverley => London King's Cross","Lumo: Glasgow Queen Street => London King's Cross"]},"geometry":{"type":"LineString","coordinates":[[-1.5392639,54.7211379],[-1.5388158,54.7207455],[-1.5380162,54.7199885],[-1.5376584,54.7196034],[-1.53745,54.719379],[-1.5372759,54.719169],[-1.5368757,54.718691]]}},{"type":"Feature","properties":{"name":"High-Speed Train Line","osmWayId":"_fullGeom111754148","purposeBuilt":false,"routeNames":["East Coast Main Line","railway","GR B","GR C","GR D","GR A","Lumo: Newcastle => London King's Cross (weekday mornings)","Lumo: Newcastle => London King's Cross","Lumo: Edinburgh Waverley => London King's Cross","Lumo: Glasgow Queen Street => London King's Cross"]},"geometry":{"type":"LineString","coordinates":[[-1.5368757,54.718691],[-1.5367878,54.7185816]]}},{"type":"Feature","properties":{"name":"High-Speed Train Line","osmWayId":"_fullGeom111754161","purposeBuilt":false,"routeNames":["East Coast Main Line","railway","GR B","GR C","GR D","GR A","Lumo: Newcastle => London King's Cross (weekday mornings)","Lumo: Newcastle => London King's Cross","Lumo: Edinburgh Waverley => London King's Cross","Lumo: Glasgow Queen Street => London King's Cross"]},"geometry":{"type":"LineString","coordinates":[[-1.5367878,54.7185816],[-1.5362942,54.7178444],[-1.5357582,54.7169541],[-1.535333,54.716025],[-1.5352349,54.7157492],[-1.5351596,54.7155374],[-1.5350112,54.7150572],[-1.5350065,54.7150421],[-1.5349156,54.7146078],[-1.5348483,54.7141513],[-1.5347941,54.7137191],[-1.5347868,54.7136501]]}},{"type":"Feature","properties":{"name":"High-Speed Train Line","osmWayId":"_fullGeom111754150","purposeBuilt":false,"routeNames":["East Coast Main Line","railway","GR B","GR C","GR D","GR A","Lumo: Newcastle => London King's Cross (weekday mornings)","Lumo: Newcastle => London King's Cross","Lumo: Edinburgh Waverley => London King's Cross","Lumo: Glasgow Queen Street => London King's Cross"]},"geometry":{"type":"LineString","coordinates":[[-1.5347868,54.7136501],[-1.5347721,54.7134327]]}},{"type":"Feature","properties":{"name":"High-Speed Train Line","osmWayId":"_fullGeom111754162","purposeBuilt":false,"routeNames":["East Coast Main Line","railway","GR B","GR C","GR D","GR A","Lumo: Newcastle => London King's Cross (weekday mornings)","Lumo: Newcastle => London King's Cross","Lumo: Edinburgh Waverley => London King's Cross","Lumo: Glasgow Queen Street => London King's Cross"]},"geometry":{"type":"LineString","coordinates":[[-1.5347721,54.7134327],[-1.5347425,54.7128952],[-1.5347654,54.7123411],[-1.534926,54.7108257],[-1.5349814,54.7104892],[-1.5350341,54.7101419],[-1.5350969,54.7097205],[-1.535191,54.7092729]]}},{"type":"Feature","properties":{"name":"High-Speed Train Line","osmWayId":"_fullGeom814351421","purposeBuilt":false,"routeNames":["East Coast Main Line","railway","GR B","GR C","GR D","GR A","Lumo: Newcastle => London King's Cross (weekday mornings)","Lumo: Newcastle => London King's Cross","Lumo: Edinburgh Waverley => London King's Cross","Lumo: Glasgow Queen Street => London King's Cross"]},"geometry":{"type":"LineString","coordinates":[[-1.535191,54.7092729],[-1.5352178,54.7090608]]}},{"type":"Feature","properties":{"name":"High-Speed Train Line","osmWayId":"_fullGeom814351420","purposeBuilt":false,"routeNames":["East Coast Main Line","railway","GR B","GR C","GR D","GR A","Lumo: Newcastle => London King's Cross (weekday mornings)","Lumo: Newcastle => London King's Cross","Lumo: Edinburgh Waverley => London King's Cross","Lumo: Glasgow Queen Street => London King's Cross"]},"geometry":{"type":"LineString","coordinates":[[-1.5352178,54.7090608],[-1.5353098,54.7083923],[-1.5353444,54.7080724],[-1.5353685,54.7077289],[-1.5353728,54.7073141],[-1.5353654,54.7068718],[-1.535312,54.7064486],[-1.5352394,54.70601],[-1.5351087,54.7054709],[-1.5350079,54.705078],[-1.5349075,54.7046999],[-1.534739,54.7041331],[-1.5343169,54.7026788],[-1.534135,54.7018265],[-1.5340222,54.7011435],[-1.5339948,54.7009772],[-1.5330128,54.6943744],[-1.5320198,54.6877105],[-1.5311662,54.6819927],[-1.5309525,54.6805897],[-1.5308252,54.679845],[-1.5306679,54.6791134],[-1.5305177,54.678594],[-1.5303564,54.6780695],[-1.5302558,54.6777998],[-1.5301281,54.6775213],[-1.5300084,54.6772653],[-1.5298719,54.677002],[-1.5296148,54.6765414],[-1.5293253,54.6760866],[-1.528996,54.6756148],[-1.5286365,54.6751491],[-1.528327,54.674771],[-1.5281773,54.6745991],[-1.5280986,54.674513],[-1.5279921,54.6743964],[-1.5276356,54.674036],[-1.5271247,54.6735498]]}},{"type":"Feature","properties":{"name":"High-Speed Train Line","osmWayId":"_fullGeom814351409","purposeBuilt":false,"routeNames":["East Coast Main Line","railway","GR B","GR C","GR D","GR A","Lumo: Newcastle => London King's Cross (weekday mornings)","Lumo: Newcastle => London King's Cross","Lumo: Edinburgh Waverley => London King's Cross","Lumo: Glasgow Queen Street => London King's Cross"]},"geometry":{"type":"LineString","coordinates":[[-1.5271247,54.6735498],[-1.5270518,54.6734852]]}},{"type":"Feature","properties":{"name":"High-Speed Train Line","osmWayId":"_fullGeom814351408","purposeBuilt":false,"routeNames":["East Coast Main Line","railway","GR B","GR C","GR D","GR A","Lumo: Newcastle => London King's Cross (weekday mornings)","Lumo: Newcastle => London King's Cross","Lumo: Edinburgh Waverley => London King's Cross","Lumo: Glasgow Queen Street => London King's Cross"]},"geometry":{"type":"LineString","coordinates":[[-1.5270518,54.6734852],[-1.5261519,54.6727292],[-1.5251365,54.6719472]]}},{"type":"Feature","properties":{"name":"High-Speed Train Line","osmWayId":"_fullGeom306538700","purposeBuilt":false,"routeNames":["East Coast Main Line","railway","GR B","GR C","GR D","GR A","Lumo: Newcastle => London King's Cross (weekday mornings)","Lumo: Newcastle => London King's Cross","Lumo: Edinburgh Waverley => London King's Cross","Lumo: Glasgow Queen Street => London King's Cross"]},"geometry":{"type":"LineString","coordinates":[[-1.5251365,54.6719472],[-1.5247341,54.6716373],[-1.52466,54.6715802],[-1.5243727,54.671364],[-1.5236754,54.670839],[-1.5226553,54.6700872],[-1.5220283,54.6696708],[-1.5218285,54.6695381],[-1.5214238,54.669268],[-1.5209934,54.6690099],[-1.5202268,54.6685931],[-1.5198222,54.6683764],[-1.5194221,54.6681786],[-1.5186014,54.6677789],[-1.5184918,54.6677287],[-1.5177591,54.6673931],[-1.5175507,54.6673031],[-1.5173297,54.6672132],[-1.51693,54.6670371],[-1.5164773,54.6668631],[-1.5160257,54.6666916],[-1.5144273,54.6661445],[-1.5136752,54.6659018],[-1.5113428,54.6650974],[-1.51056,54.6647927],[-1.5098772,54.6644919],[-1.5094136,54.6642725],[-1.5089969,54.664056],[-1.5086211,54.6638616],[-1.5082712,54.663664],[-1.5075959,54.663247]]}},{"type":"Feature","properties":{"name":"High-Speed Train Line","osmWayId":"_fullGeom368536697","purposeBuilt":false,"routeNames":["East Coast Main Line","railway","GR B","GR C","GR D","GR A","Lumo: Newcastle => London King's Cross (weekday mornings)","Lumo: Newcastle => London King's Cross","Lumo: Edinburgh Waverley => London King's Cross","Lumo: Glasgow Queen Street => London King's Cross"]},"geometry":{"type":"LineString","coordinates":[[-1.5075959,54.663247],[-1.5071749,54.6629647],[-1.5068381,54.6627389],[-1.5063209,54.6623485],[-1.5057058,54.6618484],[-1.5051959,54.6613884],[-1.5046967,54.6609055],[-1.5042597,54.660442],[-1.5038391,54.6599401],[-1.5034868,54.6594796],[-1.5031864,54.6590675],[-1.5029396,54.6586834],[-1.5025721,54.6579911],[-1.5023556,54.6575307],[-1.5021451,54.6570051],[-1.5019702,54.656479],[-1.5018667,54.6560965],[-1.5017236,54.6553996],[-1.501684,54.6550463]]}},{"type":"Feature","properties":{"name":"High-Speed Train Line","osmWayId":"_fullGeom306538678","purposeBuilt":false,"routeNames":["East Coast Main Line","railway","GR B","GR C","GR D","GR A","Lumo: Newcastle => London King's Cross (weekday mornings)","Lumo: Newcastle => London King's Cross","Lumo: Edinburgh Waverley => London King's Cross","Lumo: Glasgow Queen Street => London King's Cross"]},"geometry":{"type":"LineString","coordinates":[[-1.501684,54.6550463],[-1.5016695,54.6549366]]}},{"type":"Feature","properties":{"name":"High-Speed Train Line","osmWayId":"_fullGeom306538669","purposeBuilt":false,"routeNames":["East Coast Main Line","railway","GR B","GR C","GR D","GR A","Lumo: Newcastle => London King's Cross (weekday mornings)","Lumo: Newcastle => London King's Cross","Lumo: Edinburgh Waverley => London King's Cross","Lumo: Glasgow Queen Street => London King's Cross"]},"geometry":{"type":"LineString","coordinates":[[-1.5016695,54.6549366],[-1.501659,54.6548045],[-1.5016315,54.654356],[-1.5016392,54.6538334],[-1.5016849,54.6533682],[-1.5017124,54.6531233],[-1.5017551,54.6528779],[-1.5018451,54.6524131],[-1.5019452,54.6519974],[-1.5021612,54.6512846],[-1.5023449,54.6507065]]}},{"type":"Feature","properties":{"name":"High-Speed Train Line","osmWayId":"_fullGeom540275669","purposeBuilt":false,"routeNames":["GR B","GR C","GR NL","Lumo: London King's Cross => Newcastle","Lumo: London King's Cross => Edinburgh Waverley (weekday late nights)","Lumo: London King's Cross => Edinburgh Waverley","Lumo: London King's Cross => Glasgow Queen Street"]},"geometry":{"type":"LineString","coordinates":[[-1.6136388,54.9685978],[-1.6137675,54.9685952],[-1.6150362,54.9685681],[-1.6158747,54.9685586],[-1.6160964,54.9685571],[-1.6163366,54.9685521],[-1.6165059,54.9685455],[-1.6167913,54.9685189],[-1.6168657,54.9685075],[-1.616924,54.9684972],[-1.6170415,54.9684766],[-1.6172793,54.9684238],[-1.617552,54.9683456],[-1.6177893,54.9682744],[-1.6180453,54.968175],[-1.6182621,54.9680687],[-1.6184492,54.9679473],[-1.6185752,54.9678365],[-1.6187033,54.9676965],[-1.6188493,54.9674835],[-1.6188275,54.9674787],[-1.618751,54.9675735],[-1.618644,54.9676866],[-1.6185687,54.9677634],[-1.6184799,54.9678331],[-1.6183757,54.9679129],[-1.6182789,54.9679727],[-1.6181686,54.9680341],[-1.6180557,54.9680964],[-1.6179025,54.9681659],[-1.6177652,54.9682165],[-1.6176333,54.9682619],[-1.6174574,54.9683127],[-1.6173238,54.9683472],[-1.6171653,54.9683861],[-1.6169971,54.9684227],[-1.6168395,54.9684454],[-1.6166748,54.9684656],[-1.6164961,54.9684843],[-1.6163302,54.96849],[-1.6161047,54.9684935],[-1.6158778,54.968495],[-1.6156585,54.9684964],[-1.6154027,54.9684954],[-1.6152001,54.9684992],[-1.6149981,54.9685047],[-1.6142046,54.9685557],[-1.6139393,54.9685708],[-1.6136383,54.9685917],[-1.6136388,54.9685978]]}},{"type":"Feature","properties":{"name":"High-Speed Train Line","osmWayId":"_fullGeom137563436","purposeBuilt":false,"routeNames":["GR C","GR D"]},"geometry":{"type":"LineString","coordinates":[[-1.5827398,54.7786341],[-1.5824712,54.7788992],[-1.5816987,54.7796799],[-1.5811199,54.780257],[-1.5807327,54.7806292]]}},{"type":"Feature","properties":{"name":"High-Speed Train Line","osmWayId":"_fullGeom4813478","purposeBuilt":false,"routeNames":["GR C","GR D"]},"geometry":{"type":"LineString","coordinates":[[-1.5807327,54.7806292],[-1.5804358,54.7809181]]}},{"type":"Feature","properties":{"name":"High-Speed Train Line","osmWayId":"_fullGeom426070001","purposeBuilt":false,"routeNames":["GR C","GR D"]},"geometry":{"type":"LineString","coordinates":[[-1.5804358,54.7809181],[-1.5801569,54.7812037],[-1.5798684,54.7815056],[-1.5786613,54.7827806],[-1.5782703,54.783141]]}},{"type":"Feature","properties":{"name":"High-Speed Train Line","osmWayId":"_fullGeom111699524","purposeBuilt":false,"routeNames":["GR D","GR C"]},"geometry":{"type":"LineString","coordinates":[[-1.580799,54.7806486],[-1.5811197,54.7804108],[-1.5812737,54.7802578],[-1.581381,54.780155],[-1.581473,54.7800727],[-1.5815376,54.7800967],[-1.581741,54.7799047],[-1.5819399,54.7796808],[-1.5821519,54.7794662],[-1.5821445,54.7794635],[-1.5821879,54.7794235],[-1.5822535,54.7793554],[-1.5823707,54.7792432],[-1.5823822,54.7791884],[-1.582329,54.779171],[-1.5825252,54.7789507],[-1.5824747,54.7789375],[-1.582017,54.7794184],[-1.5812767,54.7801174],[-1.580775,54.7806411],[-1.580799,54.7806486]]}},{"type":"Feature","properties":{"name":"High-Speed Train Line","osmWayId":"_fullGeom540275660","purposeBuilt":false,"routeNames":["GR D"]},"geometry":{"type":"LineString","coordinates":[[-1.6143091,54.9684777],[-1.6144672,54.9684636],[-1.6153944,54.9683828],[-1.6161408,54.96829],[-1.61661,54.9682066],[-1.6166316,54.9682446],[-1.616722,54.9682294],[-1.6167012,54.9681902],[-1.6169219,54.9681505],[-1.6169737,54.9681412],[-1.6169959,54.9681847],[-1.6170676,54.9681724],[-1.6170448,54.9681281],[-1.6175891,54.9680326],[-1.6178564,54.9679773],[-1.6180436,54.9679153],[-1.6182736,54.9677913],[-1.618486,54.9676512],[-1.6185621,54.9675902],[-1.6186205,54.9675425],[-1.618699,54.9674637],[-1.6186733,54.9674572],[-1.6185696,54.9675265],[-1.6184369,54.9676178],[-1.6183215,54.9676848],[-1.6181936,54.967751],[-1.6180674,54.9678103],[-1.6179768,54.9678468],[-1.6177726,54.9679178],[-1.6175856,54.9679674],[-1.617404,54.9680093],[-1.617182,54.9680559],[-1.6168189,54.9681141],[-1.6165295,54.9681599],[-1.6162204,54.9682082],[-1.6158763,54.9682577],[-1.6143059,54.9684662],[-1.6143091,54.9684777]]}},{"type":"Feature","properties":{"name":"High-Speed Train Line","osmWayId":"_fullGeom239586744","purposeBuilt":false,"routeNames":["GR D"]},"geometry":{"type":"LineString","coordinates":[[-1.6184596,54.965054],[-1.6183552,54.964937],[-1.6182153,54.9647873]]}},{"type":"Feature","properties":{"name":"High-Speed Train Line","osmWayId":"_fullGeom735299052","purposeBuilt":false,"routeNames":["GR D"]},"geometry":{"type":"LineString","coordinates":[[-1.6179694,54.9678318],[-1.6180677,54.9677915],[-1.6182258,54.9677122],[-1.6183324,54.9676568],[-1.6185072,54.967544],[-1.618648,54.967449],[-1.6187225,54.9673898],[-1.6188025,54.9673202],[-1.6188862,54.9672328],[-1.6190089,54.967096]]}},{"type":"Feature","properties":{"name":"High-Speed Train Line","osmWayId":"_fullGeom735299051","purposeBuilt":false,"routeNames":["GR D"]},"geometry":{"type":"LineString","coordinates":[[-1.6168632,54.9680897],[-1.6171774,54.9680417],[-1.6174029,54.9679932],[-1.617586,54.96795],[-1.6177677,54.9679005],[-1.6179461,54.9678407],[-1.6179694,54.9678318]]}},{"type":"Feature","properties":{"name":"High-Speed Train Line","osmWayId":"_fullGeom1017842486","purposeBuilt":false,"routeNames":["GR D"]},"geometry":{"type":"LineString","coordinates":[[-1.6158689,54.9682441],[-1.6158866,54.9682417],[-1.6160337,54.9682183],[-1.6168632,54.9680897]]}},{"type":"Feature","properties":{"name":"High-Speed Train Line","osmWayId":"_fullGeom427909534","purposeBuilt":false,"routeNames":["GR D"]},"geometry":{"type":"LineString","coordinates":[[-1.6147359,54.9683975],[-1.6147768,54.968392],[-1.6156498,54.9682751],[-1.6158689,54.9682441]]}},{"type":"Feature","properties":{"name":"High-Speed Train Line","osmWayId":"_fullGeom540275663","purposeBuilt":false,"routeNames":["GR B","GR C","Lumo: Edinburgh Waverley => Newcastle","Lumo: Newcastle => London King's Cross (weekday mornings)","Lumo: Newcastle => London King's Cross","Lumo: Edinburgh Waverley => London King's Cross","Lumo: Glasgow Queen Street => London King's Cross"]},"geometry":{"type":"LineString","coordinates":[[-1.6143121,54.9684883],[-1.6161906,54.9684201],[-1.6163555,54.9684125],[-1.6165249,54.9683989],[-1.6167105,54.9683786],[-1.6168969,54.9683514],[-1.6170599,54.9683192],[-1.6172651,54.9682725],[-1.6174272,54.9682309],[-1.6175406,54.9681966],[-1.6177253,54.9681341],[-1.6179163,54.9680565],[-1.6181401,54.9679474],[-1.6182307,54.9678936],[-1.6183172,54.9678392],[-1.6184057,54.9677759],[-1.6184901,54.9677119],[-1.6185817,54.9676318],[-1.6186556,54.9675541],[-1.6187233,54.9674698],[-1.618699,54.9674637],[-1.6186205,54.9675425],[-1.6185621,54.9675902],[-1.618486,54.9676512],[-1.6182736,54.9677913],[-1.6180436,54.9679153],[-1.6178564,54.9679773],[-1.6178825,54.9680061],[-1.6176348,54.9680934],[-1.6174394,54.9681423],[-1.6173381,54.968165],[-1.6172484,54.9681852],[-1.6172096,54.9681926],[-1.6170904,54.9682151],[-1.6170676,54.9681724],[-1.6169959,54.9681847],[-1.6170166,54.9682282],[-1.6167545,54.9682718],[-1.6167443,54.9682732],[-1.616722,54.9682294],[-1.6166316,54.9682446],[-1.616573,54.9682548],[-1.6165216,54.9682638],[-1.6165447,54.9683037],[-1.6161701,54.9683483],[-1.6161408,54.96829],[-1.6153944,54.9683828],[-1.6144672,54.9684636],[-1.6143091,54.9684777],[-1.6143121,54.9684883]]}},{"type":"Feature","properties":{"name":"High-Speed Train Line","osmWayId":"_fullGeom111699523","purposeBuilt":false,"routeNames":["GR C"]},"geometry":{"type":"LineString","coordinates":[[-1.5805872,54.7805737],[-1.5814446,54.7797111],[-1.5822036,54.7789928],[-1.5824808,54.7787581],[-1.5824077,54.7787393],[-1.5823699,54.7787728],[-1.582243,54.7788853],[-1.582175,54.7789246],[-1.5821259,54.7789665],[-1.5816382,54.779412],[-1.5813517,54.7796789],[-1.5813801,54.7796888],[-1.581265,54.7798046],[-1.5811585,54.7799114],[-1.5811384,54.7799316],[-1.5811184,54.7799517],[-1.5810983,54.7799719],[-1.5810782,54.779992],[-1.5810581,54.7800121],[-1.581038,54.7800323],[-1.5810217,54.7800515],[-1.5809998,54.7800713],[-1.5809819,54.7800893],[-1.5809661,54.7801117],[-1.580953,54.7801303],[-1.580939,54.7801501],[-1.5809249,54.7801701],[-1.5809106,54.7801904],[-1.5808965,54.7802104],[-1.5808822,54.7802304],[-1.5808636,54.7802494],[-1.5808275,54.7802863],[-1.580775,54.780347],[-1.5807714,54.7803509],[-1.5805568,54.7805636],[-1.5805872,54.7805737]]}},{"type":"Feature","properties":{"name":"High-Speed Train Line","osmWayId":"_fullGeom569691150","purposeBuilt":false,"routeNames":["GC E"]},"geometry":{"type":"LineString","coordinates":[[-1.3823938,54.9060675],[-1.3822633,54.9055658],[-1.3822053,54.9053428],[-1.3822414,54.9053396],[-1.3823238,54.9056446],[-1.3823503,54.9057426],[-1.3824386,54.9060626],[-1.3823938,54.9060675]]}},{"type":"Feature","properties":{"name":"High-Speed Train Line","osmWayId":"_fullGeom167779478","purposeBuilt":false,"routeNames":["GC E"]},"geometry":{"type":"LineString","coordinates":[[-1.208478,54.686778],[-1.2086649,54.6867774],[-1.2086613,54.6867282],[-1.2084391,54.6867243],[-1.2077015,54.6867577],[-1.2074698,54.6867834],[-1.2073905,54.6867881],[-1.2074049,54.6868165],[-1.207,54.6868866],[-1.206759,54.6869348],[-1.2064893,54.6870072],[-1.206365,54.6870423],[-1.2062535,54.6870791],[-1.2061148,54.6871206],[-1.2061335,54.6871384],[-1.206602,54.6869945],[-1.2070336,54.6869082],[-1.2073969,54.6868509],[-1.207702,54.686815],[-1.2079635,54.6867927],[-1.208202,54.6867823],[-1.2083564,54.6867808],[-1.208478,54.686778]]}},{"type":"Feature","properties":{"name":"High-Speed Train Line","osmWayId":"_fullGeom573721830","purposeBuilt":false,"routeNames":["GC E"]},"geometry":{"type":"LineString","coordinates":[[-1.3824309,54.9064567],[-1.3823882,54.9062832],[-1.3823356,54.9060698],[-1.3822851,54.9058646],[-1.3821016,54.9051036],[-1.3819795,54.9046243]]}},{"type":"Feature","properties":{"name":"High-Speed Train Line","osmWayId":"_fullGeom248095105","purposeBuilt":false,"routeNames":["GC E"]},"geometry":{"type":"LineString","coordinates":[[-1.3819795,54.9046243],[-1.3818974,54.9043243]]}},{"type":"Feature","properties":{"name":"High-Speed Train Line","osmWayId":"_fullGeom57851534","purposeBuilt":false,"routeNames":["GC E"]},"geometry":{"type":"LineString","coordinates":[[-1.3818974,54.9043243],[-1.3818725,54.9042378],[-1.3816825,54.9036682],[-1.3814717,54.9032893]]}},{"type":"Feature","properties":{"name":"High-Speed Train Line","osmWayId":"_fullGeom330868209","purposeBuilt":false,"routeNames":["GC E"]},"geometry":{"type":"LineString","coordinates":[[-1.3814717,54.9032893],[-1.3812859,54.903024],[-1.3810328,54.9026627],[-1.3808113,54.9023888]]}},{"type":"Feature","properties":{"name":"High-Speed Train Line","osmWayId":"_fullGeom330868210","purposeBuilt":false,"routeNames":["GC E"]},"geometry":{"type":"LineString","coordinates":[[-1.3808113,54.9023888],[-1.3807352,54.9022869],[-1.3806618,54.9021885]]}},{"type":"Feature","properties":{"name":"High-Speed Train Line","osmWayId":"_fullGeom31286970","purposeBuilt":false,"routeNames":["GC E"]},"geometry":{"type":"LineString","coordinates":[[-1.3806618,54.9021885],[-1.380522,54.9020638],[-1.3801745,54.901725],[-1.3792089,54.9007503],[-1.3789514,54.9004912],[-1.3783077,54.8992574],[-1.3778786,54.8984924],[-1.3772992,54.8975793],[-1.376787,54.8967836]]}},{"type":"Feature","properties":{"name":"High-Speed Train Line","osmWayId":"_fullGeom184934483","purposeBuilt":false,"routeNames":["GC E"]},"geometry":{"type":"LineString","coordinates":[[-1.376787,54.8967836],[-1.376536,54.8964042],[-1.3761731,54.8959459],[-1.3756787,54.8954204],[-1.3751861,54.8949834],[-1.3743387,54.894241],[-1.3736566,54.8936396],[-1.3726228,54.8927465],[-1.3685557,54.8892326],[-1.3677454,54.8885225],[-1.3665556,54.8875846],[-1.3658626,54.8871009],[-1.3649734,54.8865456],[-1.3643929,54.8862088],[-1.3631069,54.88554],[-1.3628118,54.8853538],[-1.3623705,54.885057],[-1.3622151,54.8849435],[-1.361807,54.8846401],[-1.3614639,54.8843323],[-1.3609276,54.8837984],[-1.3605425,54.8833298],[-1.3603664,54.8830775],[-1.3601653,54.8827619],[-1.3599404,54.8823423],[-1.359628,54.8815849],[-1.3595225,54.881289],[-1.359386,54.8809483],[-1.3592813,54.8806766],[-1.359033,54.8800262],[-1.3587596,54.8791418],[-1.3586295,54.8787025],[-1.3584936,54.8782378],[-1.3584455,54.8780594],[-1.3581848,54.8770915],[-1.3575183,54.8747487],[-1.3564453,54.8709767],[-1.3560726,54.8696241],[-1.35605,54.8695278]]}},{"type":"Feature","properties":{"name":"High-Speed Train Line","osmWayId":"_fullGeom554111968","purposeBuilt":false,"routeNames":["GC E"]},"geometry":{"type":"LineString","coordinates":[[-1.35605,54.8695278],[-1.3555754,54.8664199],[-1.3553262,54.8649407],[-1.3549407,54.8637405],[-1.3537711,54.8612411]]}},{"type":"Feature","properties":{"name":"High-Speed Train Line","osmWayId":"_fullGeom184934482","purposeBuilt":false,"routeNames":["GC E"]},"geometry":{"type":"LineString","coordinates":[[-1.3537711,54.8612411],[-1.3537039,54.8611022]]}},{"type":"Feature","properties":{"name":"High-Speed Train Line","osmWayId":"_fullGeom31150191","purposeBuilt":false,"routeNames":["GC E"]},"geometry":{"type":"LineString","coordinates":[[-1.3537039,54.8611022],[-1.3535379,54.860745]]}},{"type":"Feature","properties":{"name":"High-Speed Train Line","osmWayId":"_fullGeom31150192","purposeBuilt":false,"routeNames":["GC E"]},"geometry":{"type":"LineString","coordinates":[[-1.3535379,54.860745],[-1.3532388,54.8601532]]}},{"type":"Feature","properties":{"name":"High-Speed Train Line","osmWayId":"_fullGeom798932193","purposeBuilt":false,"routeNames":["GC E"]},"geometry":{"type":"LineString","coordinates":[[-1.3532388,54.8601532],[-1.3529115,54.8594859],[-1.352618,54.8588466],[-1.3525793,54.8587623],[-1.3522414,54.858067],[-1.3521111,54.8577356],[-1.3519846,54.8573584],[-1.3519318,54.8571663],[-1.3518903,54.8569533],[-1.3518553,54.8565473],[-1.3518525,54.8562503],[-1.3518858,54.8559543],[-1.3519717,54.8555442],[-1.3520734,54.8552127],[-1.3522357,54.854853],[-1.3524207,54.8545498],[-1.3526463,54.8542185],[-1.3528624,54.8539555],[-1.3531071,54.8536947],[-1.3534608,54.8533709],[-1.3538273,54.8530879],[-1.3540648,54.8529221],[-1.3543196,54.8527591],[-1.3548275,54.8524609],[-1.3551766,54.8522907],[-1.355673,54.8520582]]}},{"type":"Feature","properties":{"name":"High-Speed Train Line","osmWayId":"_fullGeom121377633","purposeBuilt":false,"routeNames":["GC E"]},"geometry":{"type":"LineString","coordinates":[[-1.355673,54.8520582],[-1.3565258,54.8516866],[-1.3567565,54.8515746],[-1.3570113,54.8514584],[-1.3572642,54.8513301],[-1.3574594,54.8512228],[-1.3578079,54.8509987],[-1.3581422,54.8507312],[-1.3583194,54.8505618],[-1.3585348,54.8502937],[-1.3587007,54.850025],[-1.3588396,54.8496837],[-1.3588932,54.8494567],[-1.3589115,54.8491996],[-1.3588951,54.8490035],[-1.3588727,54.8489082],[-1.3588396,54.8487669],[-1.3587705,54.8485536],[-1.3586294,54.8483083],[-1.3584477,54.8480667],[-1.3582842,54.8478736],[-1.3579392,54.8475797],[-1.3577462,54.8474152],[-1.3575815,54.8473023]]}},{"type":"Feature","properties":{"name":"High-Speed Train Line","osmWayId":"_fullGeom798932190","purposeBuilt":false,"routeNames":["GC E"]},"geometry":{"type":"LineString","coordinates":[[-1.3575815,54.8473023],[-1.3554333,54.8459855],[-1.3550992,54.8457583],[-1.3546556,54.8454438],[-1.3529983,54.8441944],[-1.3523546,54.8437161],[-1.3513252,54.8429254],[-1.3501556,54.8420217],[-1.349561,54.8415738],[-1.3489663,54.8411328],[-1.3473815,54.8399241],[-1.346427,54.8391888],[-1.3463847,54.8391562],[-1.3463505,54.8391298],[-1.346328,54.8391125],[-1.3458161,54.8387468],[-1.3456033,54.8386098]]}},{"type":"Feature","properties":{"name":"High-Speed Train Line","osmWayId":"_fullGeom1108157533","purposeBuilt":false,"routeNames":["GC E"]},"geometry":{"type":"LineString","coordinates":[[-1.3456033,54.8386098],[-1.3454054,54.8384966]]}},{"type":"Feature","properties":{"name":"High-Speed Train Line","osmWayId":"_fullGeom1108157532","purposeBuilt":false,"routeNames":["GC E"]},"geometry":{"type":"LineString","coordinates":[[-1.3454054,54.8384966],[-1.3447555,54.8381435],[-1.3444676,54.8379832],[-1.3430774,54.8372419]]}},{"type":"Feature","properties":{"name":"High-Speed Train Line","osmWayId":"_fullGeom121377632","purposeBuilt":false,"routeNames":["GC E"]},"geometry":{"type":"LineString","coordinates":[[-1.3430774,54.8372419],[-1.3428386,54.8371322]]}},{"type":"Feature","properties":{"name":"High-Speed Train Line","osmWayId":"_fullGeom798932187","purposeBuilt":false,"routeNames":["GC E"]},"geometry":{"type":"LineString","coordinates":[[-1.3428386,54.8371322],[-1.3422577,54.8368614],[-1.34141,54.8364999],[-1.3395475,54.8358254]]}},{"type":"Feature","properties":{"name":"High-Speed Train Line","osmWayId":"_fullGeom184922807","purposeBuilt":false,"routeNames":["GC E"]},"geometry":{"type":"LineString","coordinates":[[-1.3395475,54.8358254],[-1.3389949,54.8356252],[-1.3387915,54.8355516],[-1.3382662,54.8353614],[-1.3372109,54.8349557],[-1.3363785,54.8346285],[-1.335632,54.8343178],[-1.3352122,54.8341198],[-1.3347212,54.8338881],[-1.3339721,54.8334673],[-1.3333309,54.8330309]]}},{"type":"Feature","properties":{"name":"High-Speed Train Line","osmWayId":"_fullGeom184922808","purposeBuilt":false,"routeNames":["GC E"]},"geometry":{"type":"LineString","coordinates":[[-1.3333309,54.8330309],[-1.3330696,54.8328344]]}},{"type":"Feature","properties":{"name":"High-Speed Train Line","osmWayId":"_fullGeom121811820","purposeBuilt":false,"routeNames":["GC E"]},"geometry":{"type":"LineString","coordinates":[[-1.3330696,54.8328344],[-1.3327273,54.8325749],[-1.3323579,54.8322443],[-1.3320446,54.8319138],[-1.3317539,54.8315855],[-1.3314627,54.8312208],[-1.331299,54.8309538],[-1.3311574,54.8307298],[-1.3310272,54.8304656],[-1.3308977,54.8302033],[-1.3307894,54.8299351],[-1.3306912,54.8296393],[-1.3305218,54.8290854]]}},{"type":"Feature","properties":{"name":"High-Speed Train Line","osmWayId":"_fullGeom121811821","purposeBuilt":false,"routeNames":["GC E"]},"geometry":{"type":"LineString","coordinates":[[-1.3305218,54.8290854],[-1.3304681,54.8289227]]}},{"type":"Feature","properties":{"name":"High-Speed Train Line","osmWayId":"_fullGeom185666669","purposeBuilt":false,"routeNames":["GC E"]},"geometry":{"type":"LineString","coordinates":[[-1.3304681,54.8289227],[-1.3304088,54.8287496],[-1.3300985,54.8277616],[-1.3300846,54.8277151],[-1.3299131,54.8271404]]}},{"type":"Feature","properties":{"name":"High-Speed Train Line","osmWayId":"_fullGeom185666666","purposeBuilt":false,"routeNames":["GC E"]},"geometry":{"type":"LineString","coordinates":[[-1.3299131,54.8271404],[-1.3296277,54.826256]]}},{"type":"Feature","properties":{"name":"High-Speed Train Line","osmWayId":"_fullGeom185132700","purposeBuilt":false,"routeNames":["GC E"]},"geometry":{"type":"LineString","coordinates":[[-1.3296277,54.826256],[-1.3294981,54.8258565],[-1.3293941,54.8255072]]}},{"type":"Feature","properties":{"name":"High-Speed Train Line","osmWayId":"_fullGeom185132701","purposeBuilt":false,"routeNames":["GC E"]},"geometry":{"type":"LineString","coordinates":[[-1.3293941,54.8255072],[-1.3293467,54.8253609]]}},{"type":"Feature","properties":{"name":"High-Speed Train Line","osmWayId":"_fullGeom28429954","purposeBuilt":false,"routeNames":["GC E"]},"geometry":{"type":"LineString","coordinates":[[-1.3293467,54.8253609],[-1.3288155,54.8237237],[-1.328549,54.8228672],[-1.3284187,54.822466],[-1.3282205,54.8220429],[-1.3278506,54.8213491],[-1.3273686,54.8206271],[-1.3269974,54.8201529],[-1.3265133,54.8196402],[-1.3249474,54.8181873],[-1.3212799,54.8148509],[-1.3201422,54.8138156],[-1.3194452,54.8131813],[-1.3185335,54.8123426],[-1.3181163,54.8118836],[-1.3177723,54.8114593],[-1.317501,54.8110765],[-1.3172839,54.8107078],[-1.317114,54.8103488],[-1.3169838,54.8100105],[-1.316795,54.8093099],[-1.3166742,54.8085887],[-1.31661,54.8082384],[-1.3165629,54.8080285],[-1.3164987,54.8078344],[-1.3164572,54.8077184],[-1.3163655,54.8075075],[-1.3162571,54.8072757],[-1.3160947,54.8069798],[-1.3158117,54.8065728]]}},{"type":"Feature","properties":{"name":"High-Speed Train Line","osmWayId":"_fullGeom28429953","purposeBuilt":false,"routeNames":["GC E"]},"geometry":{"type":"LineString","coordinates":[[-1.3158117,54.8065728],[-1.3151876,54.8056507]]}},{"type":"Feature","properties":{"name":"High-Speed Train Line","osmWayId":"_fullGeom28285355","purposeBuilt":false,"routeNames":["GC E"]},"geometry":{"type":"LineString","coordinates":[[-1.3151876,54.8056507],[-1.3145828,54.8047888],[-1.3142827,54.8043275],[-1.3140618,54.8039717],[-1.3138957,54.8036421],[-1.3137372,54.8032493],[-1.3136404,54.8029332],[-1.3135352,54.8024997],[-1.3134974,54.8022277],[-1.3134816,54.8019887],[-1.3134786,54.8017577],[-1.3134918,54.801477],[-1.3135512,54.8010149],[-1.3136654,54.8005967],[-1.3137158,54.8004388],[-1.3137813,54.8002337],[-1.3143865,54.7987677],[-1.3147187,54.7980278],[-1.3150298,54.7973218],[-1.3158456,54.7954282],[-1.3162892,54.7944347],[-1.3164572,54.7940092],[-1.3166072,54.7935457],[-1.3166799,54.7931299],[-1.3167272,54.7926609],[-1.3167346,54.7924584],[-1.3167176,54.7922266],[-1.3166704,54.7917467],[-1.3165345,54.7907933],[-1.3163749,54.7897152],[-1.3162245,54.7886992]]}},{"type":"Feature","properties":{"name":"High-Speed Train Line","osmWayId":"_fullGeom28285354","purposeBuilt":false,"routeNames":["GC E"]},"geometry":{"type":"LineString","coordinates":[[-1.3162245,54.7886992],[-1.3162155,54.7885235]]}},{"type":"Feature","properties":{"name":"High-Speed Train Line","osmWayId":"_fullGeom185692841","purposeBuilt":false,"routeNames":["GC E"]},"geometry":{"type":"LineString","coordinates":[[-1.3162155,54.7885235],[-1.3162061,54.7880442],[-1.3162423,54.7876907],[-1.3163345,54.7872507],[-1.3164565,54.786835],[-1.3169201,54.7857143],[-1.3171933,54.7850576],[-1.317482,54.7844161],[-1.3175565,54.7842056]]}},{"type":"Feature","properties":{"name":"High-Speed Train Line","osmWayId":"_fullGeom185692840","purposeBuilt":false,"routeNames":["GC E"]},"geometry":{"type":"LineString","coordinates":[[-1.3175565,54.7842056],[-1.3175935,54.7840949]]}},{"type":"Feature","properties":{"name":"High-Speed Train Line","osmWayId":"_fullGeom4986255","purposeBuilt":false,"routeNames":["GC E"]},"geometry":{"type":"LineString","coordinates":[[-1.3175935,54.7840949],[-1.3176256,54.7840039],[-1.3176615,54.783834],[-1.3177183,54.7835283],[-1.3177616,54.7828473],[-1.3177615,54.7826487],[-1.3177445,54.7824179],[-1.3176746,54.7819278],[-1.3175652,54.7815602],[-1.317398,54.7811085],[-1.3153044,54.7764015]]}},{"type":"Feature","properties":{"name":"High-Speed Train Line","osmWayId":"_fullGeom8059047","purposeBuilt":false,"routeNames":["GC E"]},"geometry":{"type":"LineString","coordinates":[[-1.3153044,54.7764015],[-1.3151514,54.7760623]]}},{"type":"Feature","properties":{"name":"High-Speed Train Line","osmWayId":"_fullGeom120229859","purposeBuilt":false,"routeNames":["GC E"]},"geometry":{"type":"LineString","coordinates":[[-1.3151514,54.7760623],[-1.3137717,54.7730367],[-1.3119388,54.7690568],[-1.311705,54.7685492],[-1.310947,54.7672413],[-1.3107029,54.766953],[-1.3101518,54.7662714],[-1.3096905,54.7658118],[-1.3091333,54.7653298],[-1.3076939,54.7642137],[-1.3069595,54.7636354],[-1.3063949,54.7631908],[-1.3057344,54.7626751],[-1.3056502,54.7626081],[-1.3050518,54.7621274],[-1.3046904,54.7618374],[-1.3044713,54.7616535],[-1.3037855,54.7610266],[-1.3036387,54.760894],[-1.3032043,54.7605016],[-1.3023904,54.7596449]]}},{"type":"Feature","properties":{"name":"High-Speed Train Line","osmWayId":"_fullGeom120229846","purposeBuilt":false,"routeNames":["GC E"]},"geometry":{"type":"LineString","coordinates":[[-1.3023904,54.7596449],[-1.3022118,54.7594452]]}},{"type":"Feature","properties":{"name":"High-Speed Train Line","osmWayId":"_fullGeom32812336","purposeBuilt":false,"routeNames":["GC E"]},"geometry":{"type":"LineString","coordinates":[[-1.3022118,54.7594452],[-1.3020062,54.7592116],[-1.3006236,54.7575151]]}},{"type":"Feature","properties":{"name":"High-Speed Train Line","osmWayId":"_fullGeom744773167","purposeBuilt":false,"routeNames":["GC E"]},"geometry":{"type":"LineString","coordinates":[[-1.3006236,54.7575151],[-1.2993209,54.7559165]]}},{"type":"Feature","properties":{"name":"High-Speed Train Line","osmWayId":"_fullGeom8059046","purposeBuilt":false,"routeNames":["GC E"]},"geometry":{"type":"LineString","coordinates":[[-1.2993209,54.7559165],[-1.2988694,54.7553624],[-1.2986242,54.755112],[-1.2982873,54.7547979],[-1.2979639,54.7545263],[-1.2975438,54.7542233],[-1.2969131,54.7538259],[-1.2960631,54.7533521],[-1.2943609,54.7524676],[-1.2929817,54.7517171],[-1.292719,54.7515741],[-1.291869,54.7511299],[-1.2910652,54.7507057],[-1.2871127,54.7485908],[-1.285116,54.7475298],[-1.2831103,54.7464716],[-1.2820262,54.7459602],[-1.2814216,54.7456988],[-1.2806854,54.7454],[-1.2783764,54.7445115],[-1.2779373,54.7443428],[-1.2771427,54.7440376],[-1.276556,54.7438019],[-1.2760615,54.7435848],[-1.2756636,54.7434079],[-1.2752643,54.743207],[-1.2748962,54.7430061],[-1.2745481,54.7427885],[-1.2740306,54.7424433],[-1.2734933,54.7420685]]}},{"type":"Feature","properties":{"name":"High-Speed Train Line","osmWayId":"_fullGeom4986258","purposeBuilt":false,"routeNames":["GC E"]},"geometry":{"type":"LineString","coordinates":[[-1.2734933,54.7420685],[-1.272835,54.7415861]]}},{"type":"Feature","properties":{"name":"High-Speed Train Line","osmWayId":"_fullGeom145097355","purposeBuilt":false,"routeNames":["GC E"]},"geometry":{"type":"LineString","coordinates":[[-1.272835,54.7415861],[-1.2706998,54.7400518],[-1.2685838,54.7385154],[-1.2671727,54.7375146],[-1.2657308,54.7364718],[-1.2639149,54.7351813]]}},{"type":"Feature","properties":{"name":"High-Speed Train Line","osmWayId":"_fullGeom145097352","purposeBuilt":false,"routeNames":["GC E"]},"geometry":{"type":"LineString","coordinates":[[-1.2639149,54.7351813],[-1.263694,54.7350193]]}},{"type":"Feature","properties":{"name":"High-Speed Train Line","osmWayId":"_fullGeom60780413","purposeBuilt":false,"routeNames":["GC E"]},"geometry":{"type":"LineString","coordinates":[[-1.263694,54.7350193],[-1.262673,54.7342972],[-1.2621152,54.7338863],[-1.2616263,54.7334982],[-1.2613233,54.7332512],[-1.2612028,54.7331417]]}},{"type":"Feature","properties":{"name":"High-Speed Train Line","osmWayId":"_fullGeom368155889","purposeBuilt":false,"routeNames":["GC E"]},"geometry":{"type":"LineString","coordinates":[[-1.2612028,54.7331417],[-1.2609458,54.7328792]]}},{"type":"Feature","properties":{"name":"High-Speed Train Line","osmWayId":"_fullGeom368155891","purposeBuilt":false,"routeNames":["GC E"]},"geometry":{"type":"LineString","coordinates":[[-1.2609458,54.7328792],[-1.2605224,54.7324603],[-1.2602502,54.7320997],[-1.2599869,54.7317222],[-1.2597505,54.7313319],[-1.259563,54.7309487],[-1.2589362,54.729294],[-1.258635,54.7284644],[-1.2583241,54.7276651]]}},{"type":"Feature","properties":{"name":"High-Speed Train Line","osmWayId":"_fullGeom60780408","purposeBuilt":false,"routeNames":["GC E"]},"geometry":{"type":"LineString","coordinates":[[-1.2583241,54.7276651],[-1.2576301,54.7256595]]}},{"type":"Feature","properties":{"name":"High-Speed Train Line","osmWayId":"_fullGeom798932164","purposeBuilt":false,"routeNames":["GC E"]},"geometry":{"type":"LineString","coordinates":[[-1.2576301,54.7256595],[-1.2572385,54.7245492],[-1.2568802,54.7235501]]}},{"type":"Feature","properties":{"name":"High-Speed Train Line","osmWayId":"_fullGeom51437899","purposeBuilt":false,"routeNames":["GC E"]},"geometry":{"type":"LineString","coordinates":[[-1.2568802,54.7235501],[-1.256654,54.7229735],[-1.2565023,54.72269],[-1.2563596,54.7224628],[-1.2560873,54.7220626],[-1.2558553,54.7217997],[-1.2556083,54.7215392],[-1.2553355,54.7212908],[-1.255012,54.7210228],[-1.2545814,54.7207251],[-1.2541357,54.7204483],[-1.2538452,54.7202883],[-1.2534883,54.7201221],[-1.2530309,54.7199185],[-1.2525519,54.7197436]]}},{"type":"Feature","properties":{"name":"High-Speed Train Line","osmWayId":"_fullGeom798932167","purposeBuilt":false,"routeNames":["GC E"]},"geometry":{"type":"LineString","coordinates":[[-1.2525519,54.7197436],[-1.2510053,54.7192588],[-1.2494592,54.7187753],[-1.2470641,54.7179118],[-1.2449912,54.7172373],[-1.2414904,54.7161662],[-1.2380205,54.7151019],[-1.2328032,54.7135011],[-1.2302014,54.7127059],[-1.2275723,54.7119123],[-1.2248388,54.7110931],[-1.2239741,54.7108523],[-1.2203059,54.7097258],[-1.2181539,54.709058],[-1.2169093,54.7086772],[-1.2161977,54.7084599]]}},{"type":"Feature","properties":{"name":"High-Speed Train Line","osmWayId":"_fullGeom798932168","purposeBuilt":false,"routeNames":["GC E"]},"geometry":{"type":"LineString","coordinates":[[-1.2161977,54.7084599],[-1.2156804,54.7082925],[-1.2154474,54.7082124],[-1.2152399,54.7081338],[-1.2150422,54.7080589],[-1.2148479,54.7079752],[-1.2146681,54.707892],[-1.2144825,54.7077943],[-1.2141767,54.7076164],[-1.2138637,54.7074118],[-1.2135898,54.7072057],[-1.2132922,54.7069322],[-1.2130769,54.7067046],[-1.2129523,54.7065501],[-1.2128317,54.7063597],[-1.2126874,54.706081]]}},{"type":"Feature","properties":{"name":"High-Speed Train Line","osmWayId":"_fullGeom51437902","purposeBuilt":false,"routeNames":["GC E"]},"geometry":{"type":"LineString","coordinates":[[-1.2126874,54.706081],[-1.2125724,54.7057817]]}},{"type":"Feature","properties":{"name":"High-Speed Train Line","osmWayId":"_fullGeom53590645","purposeBuilt":false,"routeNames":["GC E"]},"geometry":{"type":"LineString","coordinates":[[-1.2125724,54.7057817],[-1.2125374,54.7056506],[-1.2125018,54.7054847],[-1.2124443,54.7051376],[-1.2124191,54.7046682]]}},{"type":"Feature","properties":{"name":"High-Speed Train Line","osmWayId":"_fullGeom798932170","purposeBuilt":false,"routeNames":["GC E"]},"geometry":{"type":"LineString","coordinates":[[-1.2124191,54.7046682],[-1.2123567,54.7039271],[-1.2123505,54.7038537],[-1.2123007,54.702874],[-1.212266,54.7023348],[-1.2122399,54.7018317]]}},{"type":"Feature","properties":{"name":"High-Speed Train Line","osmWayId":"_fullGeom53590648","purposeBuilt":false,"routeNames":["GC E"]},"geometry":{"type":"LineString","coordinates":[[-1.2122399,54.7018317],[-1.2122184,54.7015207]]}},{"type":"Feature","properties":{"name":"High-Speed Train Line","osmWayId":"_fullGeom4486002","purposeBuilt":false,"routeNames":["GC E"]},"geometry":{"type":"LineString","coordinates":[[-1.2122184,54.7015207],[-1.2121186,54.7001278],[-1.2120663,54.6994007],[-1.2120228,54.6985738]]}},{"type":"Feature","properties":{"name":"High-Speed Train Line","osmWayId":"_fullGeom4785924","purposeBuilt":false,"routeNames":["GC E"]},"geometry":{"type":"LineString","coordinates":[[-1.2120228,54.6985738],[-1.2120052,54.6982701]]}},{"type":"Feature","properties":{"name":"High-Speed Train Line","osmWayId":"_fullGeom522138575","purposeBuilt":false,"routeNames":["GC E"]},"geometry":{"type":"LineString","coordinates":[[-1.2120052,54.6982701],[-1.2118452,54.6959141],[-1.2117124,54.6937904],[-1.2117028,54.6936554],[-1.2115913,54.6920798],[-1.2115857,54.6919907],[-1.2114838,54.6903686],[-1.2113974,54.6895002],[-1.2113754,54.6892536]]}},{"type":"Feature","properties":{"name":"High-Speed Train Line","osmWayId":"_fullGeom522138583","purposeBuilt":false,"routeNames":["GC E"]},"geometry":{"type":"LineString","coordinates":[[-1.2113754,54.6892536],[-1.2113889,54.6888862]]}},{"type":"Feature","properties":{"name":"High-Speed Train Line","osmWayId":"_fullGeom559119735","purposeBuilt":false,"routeNames":["GC E"]},"geometry":{"type":"LineString","coordinates":[[-1.2077454,54.6868245],[-1.2080594,54.686801],[-1.2084656,54.6867891],[-1.2087996,54.6867993],[-1.2091254,54.6868284],[-1.2094347,54.6868804],[-1.2096903,54.6869367],[-1.2097322,54.6869459],[-1.2099787,54.6870199],[-1.210173,54.6870985],[-1.2104598,54.6872429],[-1.2106429,54.6873541],[-1.2107889,54.687459],[-1.2109295,54.6875849],[-1.2110779,54.6877508],[-1.211149,54.6878496],[-1.2112082,54.6879486],[-1.2112833,54.6881315],[-1.2113265,54.6882979],[-1.2113889,54.6888862]]}},{"type":"Feature","properties":{"name":"High-Speed Train Line","osmWayId":"_fullGeom819121324","purposeBuilt":false,"routeNames":["GC E"]},"geometry":{"type":"LineString","coordinates":[[-1.2054285,54.6873104],[-1.2057447,54.6872501],[-1.2060694,54.6871729],[-1.2062081,54.6871339],[-1.2066966,54.6869966],[-1.2070688,54.6869193],[-1.207381,54.6868665],[-1.2077454,54.6868245]]}},{"type":"Feature","properties":{"name":"High-Speed Train Line","osmWayId":"_fullGeom365672033","purposeBuilt":false,"routeNames":["GC E"]},"geometry":{"type":"LineString","coordinates":[[-1.2018873,54.6859262],[-1.2019508,54.6860499],[-1.2020216,54.6861754],[-1.2020872,54.686282],[-1.2021371,54.6863476],[-1.2021627,54.6863811],[-1.2022535,54.6864863],[-1.2023632,54.6865892],[-1.2024707,54.6866769],[-1.2025642,54.6867466],[-1.2026808,54.6868243],[-1.2029089,54.6869554],[-1.2031513,54.6870733],[-1.2033927,54.6871656],[-1.2035709,54.6872242],[-1.2037904,54.6872773],[-1.2038539,54.6872927],[-1.2039262,54.687305],[-1.2040195,54.6873219],[-1.2041788,54.6873451],[-1.2043561,54.6873616],[-1.204546,54.687372],[-1.2047053,54.6873741],[-1.2048362,54.6873723],[-1.2049914,54.6873636],[-1.2051152,54.6873527],[-1.2052671,54.6873348],[-1.2054285,54.6873104]]}},{"type":"Feature","properties":{"name":"High-Speed Train Line","osmWayId":"_fullGeom798932174","purposeBuilt":false,"routeNames":["GC E"]},"geometry":{"type":"LineString","coordinates":[[-1.2007687,54.683479],[-1.2009603,54.6838676],[-1.201595,54.6852569],[-1.2017941,54.6856928],[-1.2018873,54.6859262]]}},{"type":"Feature","properties":{"name":"High-Speed Train Line","osmWayId":"_fullGeom522138599","purposeBuilt":false,"routeNames":["GC E"]},"geometry":{"type":"LineString","coordinates":[[-1.2007687,54.683479],[-1.200546,54.6830975]]}},{"type":"Feature","properties":{"name":"High-Speed Train Line","osmWayId":"_fullGeom798932175","purposeBuilt":false,"routeNames":["GC E"]},"geometry":{"type":"LineString","coordinates":[[-1.200546,54.6830975],[-1.2003819,54.6827427],[-1.2001346,54.6822082],[-1.2000614,54.6820499],[-1.1999387,54.6817892],[-1.1998181,54.6815163],[-1.1997488,54.6813313],[-1.1997057,54.6811687],[-1.1996429,54.6808965],[-1.1996218,54.6805439]]}},{"type":"Feature","properties":{"name":"High-Speed Train Line","osmWayId":"_fullGeom522138557","purposeBuilt":false,"routeNames":["GC E"]},"geometry":{"type":"LineString","coordinates":[[-1.1996218,54.6805439],[-1.1997119,54.6793462],[-1.1997552,54.6781383],[-1.1997454,54.6756696],[-1.1997434,54.6751594],[-1.1997332,54.6736843],[-1.1997231,54.6722051],[-1.1997128,54.6711801],[-1.199711,54.6701483],[-1.1997027,54.6690762],[-1.1997075,54.6679609],[-1.1997002,54.6646577],[-1.1996943,54.6638525],[-1.1996902,54.6632872],[-1.1996827,54.662534],[-1.1997204,54.6617867],[-1.1997158,54.6614561],[-1.1997526,54.6611275],[-1.1998759,54.6603786],[-1.2001393,54.6593009],[-1.2001914,54.659121]]}},{"type":"Feature","properties":{"name":"High-Speed Train Line","osmWayId":"_fullGeom569691153","purposeBuilt":false,"routeNames":["GC E"]},"geometry":{"type":"LineString","coordinates":[[-1.3824749,54.9060594],[-1.3824386,54.9060626],[-1.3823503,54.9057426],[-1.3823238,54.9056446],[-1.3822414,54.9053396],[-1.3822791,54.9053366],[-1.3823391,54.9055588],[-1.3824749,54.9060594]]}},{"type":"Feature","properties":{"name":"High-Speed Train Line","osmWayId":"_fullGeom522138566","purposeBuilt":false,"routeNames":["GC E"]},"geometry":{"type":"LineString","coordinates":[[-1.2002531,54.6591265],[-1.2002443,54.659159],[-1.2001962,54.6593367],[-1.1999379,54.6603828],[-1.1998148,54.6611304],[-1.1997781,54.661458],[-1.199771,54.6617886],[-1.1997422,54.662538],[-1.1997626,54.6646575],[-1.1997584,54.6666575],[-1.1997582,54.666761],[-1.1997602,54.6668256],[-1.1997645,54.6669667],[-1.1997568,54.6679617],[-1.1997651,54.669076],[-1.1997734,54.6701482],[-1.1997752,54.67118],[-1.1997855,54.672205],[-1.1997956,54.6736842],[-1.1998058,54.6751593],[-1.1998176,54.6781387],[-1.1997743,54.6793473],[-1.1996972,54.6803732],[-1.1996843,54.6805441]]}},{"type":"Feature","properties":{"name":"High-Speed Train Line","osmWayId":"_fullGeom798932176","purposeBuilt":false,"routeNames":["GC E"]},"geometry":{"type":"LineString","coordinates":[[-1.1996843,54.6805441],[-1.1997052,54.6808935],[-1.1997675,54.6811636],[-1.1998102,54.6813247],[-1.1998788,54.681508],[-1.1999991,54.68178],[-1.2001217,54.6820406],[-1.2005405,54.6829572],[-1.2007687,54.683479]]}},{"type":"Feature","properties":{"name":"High-Speed Train Line","osmWayId":"_fullGeom798932172","purposeBuilt":false,"routeNames":["GC E"]},"geometry":{"type":"LineString","coordinates":[[-1.2113889,54.6888862],[-1.2114313,54.6892529]]}},{"type":"Feature","properties":{"name":"High-Speed Train Line","osmWayId":"_fullGeom569691138","purposeBuilt":false,"routeNames":["GC E"]},"geometry":{"type":"LineString","coordinates":[[-1.2114313,54.6892529],[-1.2114597,54.6894981],[-1.2115462,54.6903669],[-1.2116536,54.6920784],[-1.2117747,54.6937891],[-1.2119076,54.6959127],[-1.2120658,54.6981937]]}},{"type":"Feature","properties":{"name":"High-Speed Train Line","osmWayId":"_fullGeom365671987","purposeBuilt":false,"routeNames":["GC E"]},"geometry":{"type":"LineString","coordinates":[[-1.2120658,54.6981937],[-1.2120907,54.6985182]]}},{"type":"Feature","properties":{"name":"High-Speed Train Line","osmWayId":"_fullGeom365672025","purposeBuilt":false,"routeNames":["GC E"]},"geometry":{"type":"LineString","coordinates":[[-1.2120907,54.6985182],[-1.2121049,54.6988483],[-1.2121286,54.6993994],[-1.212181,54.7001263],[-1.2122808,54.7015192]]}},{"type":"Feature","properties":{"name":"High-Speed Train Line","osmWayId":"_fullGeom365672015","purposeBuilt":false,"routeNames":["GC E"]},"geometry":{"type":"LineString","coordinates":[[-1.2122808,54.7015192],[-1.2123023,54.7018304]]}},{"type":"Feature","properties":{"name":"High-Speed Train Line","osmWayId":"_fullGeom365672035","purposeBuilt":false,"routeNames":["GC E"]},"geometry":{"type":"LineString","coordinates":[[-1.2123023,54.7018304],[-1.2123283,54.7023336],[-1.2123613,54.7028377],[-1.2124128,54.7038523],[-1.2124815,54.7046668]]}},{"type":"Feature","properties":{"name":"High-Speed Train Line","osmWayId":"_fullGeom798932171","purposeBuilt":false,"routeNames":["GC E"]},"geometry":{"type":"LineString","coordinates":[[-1.2124815,54.7046668],[-1.2125066,54.7051353],[-1.2125638,54.7054808],[-1.2125992,54.7056457],[-1.2126338,54.7057751]]}},{"type":"Feature","properties":{"name":"High-Speed Train Line","osmWayId":"_fullGeom365672006","purposeBuilt":false,"routeNames":["GC E"]},"geometry":{"type":"LineString","coordinates":[[-1.2126338,54.7057751],[-1.2127478,54.7060719]]}},{"type":"Feature","properties":{"name":"High-Speed Train Line","osmWayId":"_fullGeom798932169","purposeBuilt":false,"routeNames":["GC E"]},"geometry":{"type":"LineString","coordinates":[[-1.2127478,54.7060719],[-1.212891,54.7063483],[-1.21301,54.7065363],[-1.2131326,54.7066883],[-1.2133461,54.7069139],[-1.2136411,54.7071851],[-1.2139119,54.7073888],[-1.2142222,54.7075918],[-1.2145257,54.7077682],[-1.2147086,54.7078646],[-1.2148861,54.7079467],[-1.215078,54.7080294],[-1.2152741,54.7081036],[-1.2154805,54.7081818],[-1.2157116,54.7082612],[-1.2162276,54.7084282]]}},{"type":"Feature","properties":{"name":"High-Speed Train Line","osmWayId":"_fullGeom798932166","purposeBuilt":false,"routeNames":["GC E"]},"geometry":{"type":"LineString","coordinates":[[-1.2162276,54.7084282],[-1.2169385,54.7086453],[-1.2181833,54.7090262],[-1.2203353,54.709694],[-1.2224425,54.7103412],[-1.2240023,54.7108202],[-1.2248667,54.7110609],[-1.2276011,54.7118803],[-1.2302304,54.712674],[-1.2328324,54.7134693],[-1.2380498,54.7150701],[-1.2415196,54.7161344],[-1.2450211,54.7172056],[-1.2470959,54.7178808],[-1.2494906,54.7187442],[-1.251035,54.7192271],[-1.2517893,54.7194635],[-1.2519336,54.7195088],[-1.2525835,54.7197125]]}},{"type":"Feature","properties":{"name":"High-Speed Train Line","osmWayId":"_fullGeom365672027","purposeBuilt":false,"routeNames":["GC E"]},"geometry":{"type":"LineString","coordinates":[[-1.2525835,54.7197125],[-1.2530667,54.719889],[-1.2535269,54.7200938],[-1.2538864,54.7202612],[-1.2541801,54.7204229],[-1.2546283,54.7207013],[-1.2550616,54.7210009],[-1.2553874,54.7212708],[-1.255662,54.7215208],[-1.2559105,54.7217829],[-1.2561443,54.7220478],[-1.256418,54.72245],[-1.2565614,54.7226786],[-1.2567142,54.722964],[-1.2569411,54.7235423]]}},{"type":"Feature","properties":{"name":"High-Speed Train Line","osmWayId":"_fullGeom798932165","purposeBuilt":false,"routeNames":["GC E"]},"geometry":{"type":"LineString","coordinates":[[-1.2569411,54.7235423],[-1.2572996,54.724542],[-1.2576914,54.7256527]]}},{"type":"Feature","properties":{"name":"High-Speed Train Line","osmWayId":"_fullGeom365671969","purposeBuilt":false,"routeNames":["GC E"]},"geometry":{"type":"LineString","coordinates":[[-1.2576914,54.7256527],[-1.2584015,54.7276552]]}},{"type":"Feature","properties":{"name":"High-Speed Train Line","osmWayId":"_fullGeom365671984","purposeBuilt":false,"routeNames":["GC E"]},"geometry":{"type":"LineString","coordinates":[[-1.2584015,54.7276552],[-1.2586957,54.7284558],[-1.2589972,54.7292865],[-1.2596235,54.73094],[-1.25981,54.7313211],[-1.2600454,54.7317095],[-1.2603077,54.7320857],[-1.2605783,54.7324443],[-1.2609952,54.7328783]]}},{"type":"Feature","properties":{"name":"High-Speed Train Line","osmWayId":"_fullGeom368155888","purposeBuilt":false,"routeNames":["GC E"]},"geometry":{"type":"LineString","coordinates":[[-1.2609952,54.7328783],[-1.2612621,54.7331417]]}},{"type":"Feature","properties":{"name":"High-Speed Train Line","osmWayId":"_fullGeom368155890","purposeBuilt":false,"routeNames":["GC E"]},"geometry":{"type":"LineString","coordinates":[[-1.2612621,54.7331417],[-1.261677,54.7334772],[-1.262165,54.7338645],[-1.2627217,54.7342746],[-1.2637426,54.7349967]]}},{"type":"Feature","properties":{"name":"High-Speed Train Line","osmWayId":"_fullGeom365671986","purposeBuilt":false,"routeNames":["GC E"]},"geometry":{"type":"LineString","coordinates":[[-1.2637426,54.7349967],[-1.2639637,54.7351588]]}},{"type":"Feature","properties":{"name":"High-Speed Train Line","osmWayId":"_fullGeom365672031","purposeBuilt":false,"routeNames":["GC E"]},"geometry":{"type":"LineString","coordinates":[[-1.2639637,54.7351588],[-1.2657794,54.7364492],[-1.2672213,54.737492],[-1.2686324,54.7384928],[-1.2707486,54.7400293],[-1.2728838,54.7415637]]}},{"type":"Feature","properties":{"name":"High-Speed Train Line","osmWayId":"_fullGeom365672007","purposeBuilt":false,"routeNames":["GC E"]},"geometry":{"type":"LineString","coordinates":[[-1.2728838,54.7415637],[-1.2735418,54.7420458]]}},{"type":"Feature","properties":{"name":"High-Speed Train Line","osmWayId":"_fullGeom365671985","purposeBuilt":false,"routeNames":["GC E"]},"geometry":{"type":"LineString","coordinates":[[-1.2735418,54.7420458],[-1.2740782,54.7424201],[-1.2745947,54.7427644],[-1.2749406,54.7429808],[-1.2753062,54.7431803],[-1.2757032,54.74338],[-1.2760994,54.7435562],[-1.2765927,54.7437728],[-1.2771778,54.7440078],[-1.278411,54.7444815],[-1.2807207,54.7453703],[-1.2814583,54.7456696],[-1.2820646,54.7459318],[-1.2831511,54.7464443],[-1.2851582,54.7475033],[-1.287155,54.7485644],[-1.2911074,54.7506792],[-1.291911,54.7511033],[-1.2927613,54.7515477],[-1.2944032,54.7524412],[-1.2961057,54.7533258],[-1.2964945,54.7535425],[-1.2969578,54.7538008],[-1.2975912,54.7541998],[-1.298014,54.7545048],[-1.2983396,54.7547782],[-1.2986779,54.7550937],[-1.2989249,54.7553459],[-1.2993819,54.7559067]]}},{"type":"Feature","properties":{"name":"High-Speed Train Line","osmWayId":"_fullGeom744773168","purposeBuilt":false,"routeNames":["GC E"]},"geometry":{"type":"LineString","coordinates":[[-1.2993819,54.7559067],[-1.3006811,54.757501]]}},{"type":"Feature","properties":{"name":"High-Speed Train Line","osmWayId":"_fullGeom365672009","purposeBuilt":false,"routeNames":["GC E"]},"geometry":{"type":"LineString","coordinates":[[-1.3006811,54.757501],[-1.3020622,54.7591958],[-1.3022673,54.7594288]]}},{"type":"Feature","properties":{"name":"High-Speed Train Line","osmWayId":"_fullGeom365672002","purposeBuilt":false,"routeNames":["GC E"]},"geometry":{"type":"LineString","coordinates":[[-1.3022673,54.7594288],[-1.3024455,54.759628]]}},{"type":"Feature","properties":{"name":"High-Speed Train Line","osmWayId":"_fullGeom365671981","purposeBuilt":false,"routeNames":["GC E"]},"geometry":{"type":"LineString","coordinates":[[-1.3024455,54.759628],[-1.3032581,54.7604832],[-1.3038377,54.7610068],[-1.3044653,54.7615939],[-1.3049875,54.7620217],[-1.3054461,54.7623871],[-1.3056951,54.7625933],[-1.3062979,54.7630616],[-1.3068004,54.7634589],[-1.3073579,54.7638828],[-1.3075769,54.7640623],[-1.3080974,54.7644742],[-1.3091848,54.7653102],[-1.3097441,54.7657886],[-1.3102081,54.766259],[-1.3110049,54.7672276],[-1.3117648,54.7685389],[-1.3138321,54.7730276],[-1.3152121,54.7760547]]}},{"type":"Feature","properties":{"name":"High-Speed Train Line","osmWayId":"_fullGeom365671996","purposeBuilt":false,"routeNames":["GC E"]},"geometry":{"type":"LineString","coordinates":[[-1.3152121,54.7760547],[-1.3153492,54.7763893]]}},{"type":"Feature","properties":{"name":"High-Speed Train Line","osmWayId":"_fullGeom365671979","purposeBuilt":false,"routeNames":["GC E"]},"geometry":{"type":"LineString","coordinates":[[-1.3153492,54.7763893],[-1.3174587,54.7811002],[-1.3176264,54.7815534],[-1.3177366,54.7819233],[-1.3178068,54.7824157],[-1.3178239,54.7826479],[-1.317824,54.7828479],[-1.3177806,54.7835309],[-1.3177235,54.7838381],[-1.3176872,54.7840096],[-1.3176547,54.7841019]]}},{"type":"Feature","properties":{"name":"High-Speed Train Line","osmWayId":"_fullGeom365671989","purposeBuilt":false,"routeNames":["GC E"]},"geometry":{"type":"LineString","coordinates":[[-1.3176547,54.7841019],[-1.3176178,54.7842126]]}},{"type":"Feature","properties":{"name":"High-Speed Train Line","osmWayId":"_fullGeom365672034","purposeBuilt":false,"routeNames":["GC E"]},"geometry":{"type":"LineString","coordinates":[[-1.3176178,54.7842126],[-1.3175428,54.7844242],[-1.3172538,54.7850663],[-1.3170522,54.7855496],[-1.3169808,54.7857227],[-1.3165176,54.7868422],[-1.3163962,54.7872559],[-1.3163045,54.7876939],[-1.3162685,54.7880453],[-1.3162759,54.7885285]]}},{"type":"Feature","properties":{"name":"High-Speed Train Line","osmWayId":"_fullGeom365671993","purposeBuilt":false,"routeNames":["GC E"]},"geometry":{"type":"LineString","coordinates":[[-1.3162759,54.7885285],[-1.3162927,54.7887252]]}},{"type":"Feature","properties":{"name":"High-Speed Train Line","osmWayId":"_fullGeom365672019","purposeBuilt":false,"routeNames":["GC E"]},"geometry":{"type":"LineString","coordinates":[[-1.3162927,54.7887252],[-1.3165967,54.7907903],[-1.3167327,54.7917442],[-1.31678,54.7922248],[-1.3167971,54.792458],[-1.3167896,54.7926623],[-1.3167421,54.7931327],[-1.316669,54.7935508],[-1.3165183,54.7940165],[-1.3163498,54.7944431],[-1.3159061,54.795437],[-1.3150904,54.7973306],[-1.3147791,54.7980367],[-1.314447,54.7987764],[-1.3138424,54.8002411],[-1.3137776,54.800444],[-1.3137269,54.8006028],[-1.3136132,54.801019],[-1.3135541,54.8014788],[-1.313541,54.801758],[-1.313544,54.8019879],[-1.3135597,54.8022256],[-1.3135972,54.8024958],[-1.313702,54.8029276],[-1.3137983,54.8032421],[-1.3139561,54.803633],[-1.3141212,54.8039606],[-1.3143413,54.8043151],[-1.3146409,54.8047757],[-1.3152452,54.8056368]]}},{"type":"Feature","properties":{"name":"High-Speed Train Line","osmWayId":"_fullGeom365671998","purposeBuilt":false,"routeNames":["GC E"]},"geometry":{"type":"LineString","coordinates":[[-1.3152452,54.8056368],[-1.31587,54.8065599]]}},{"type":"Feature","properties":{"name":"High-Speed Train Line","osmWayId":"_fullGeom365672018","purposeBuilt":false,"routeNames":["GC E"]},"geometry":{"type":"LineString","coordinates":[[-1.31587,54.8065599],[-1.3161541,54.8069687],[-1.316317,54.8072656],[-1.3164259,54.8074984],[-1.3165179,54.8077102],[-1.3165596,54.8078267],[-1.3166245,54.808023],[-1.3166299,54.8080468],[-1.316672,54.8082342],[-1.3167363,54.8085851],[-1.316857,54.8093055],[-1.3170451,54.8100038],[-1.3171746,54.8103402],[-1.3173436,54.8106973],[-1.3175595,54.8110639],[-1.3178294,54.8114448],[-1.3181723,54.8118677],[-1.3185876,54.8123247],[-1.319159,54.8128503],[-1.319498,54.8131621],[-1.3213326,54.8148316],[-1.3250003,54.8181681],[-1.3265673,54.8196221],[-1.3270533,54.8201369],[-1.3274262,54.8206133],[-1.3279096,54.8213374],[-1.3282804,54.822033],[-1.3284796,54.822458],[-1.3286104,54.8228608],[-1.3288769,54.8237172],[-1.329408,54.8253543]]}},{"type":"Feature","properties":{"name":"High-Speed Train Line","osmWayId":"_fullGeom365671991","purposeBuilt":false,"routeNames":["GC E"]},"geometry":{"type":"LineString","coordinates":[[-1.329408,54.8253543],[-1.3294555,54.8255009]]}},{"type":"Feature","properties":{"name":"High-Speed Train Line","osmWayId":"_fullGeom365672020","purposeBuilt":false,"routeNames":["GC E"]},"geometry":{"type":"LineString","coordinates":[[-1.3294555,54.8255009],[-1.3295595,54.8258502],[-1.3296891,54.8262496]]}},{"type":"Feature","properties":{"name":"High-Speed Train Line","osmWayId":"_fullGeom365672008","purposeBuilt":false,"routeNames":["GC E"]},"geometry":{"type":"LineString","coordinates":[[-1.3296891,54.8262496],[-1.3299744,54.8271336]]}},{"type":"Feature","properties":{"name":"High-Speed Train Line","osmWayId":"_fullGeom365672030","purposeBuilt":false,"routeNames":["GC E"]},"geometry":{"type":"LineString","coordinates":[[-1.3299744,54.8271336],[-1.33016,54.8277555],[-1.3304701,54.8287429],[-1.3305293,54.8289158]]}},{"type":"Feature","properties":{"name":"High-Speed Train Line","osmWayId":"_fullGeom365671994","purposeBuilt":false,"routeNames":["GC E"]},"geometry":{"type":"LineString","coordinates":[[-1.3305293,54.8289158],[-1.3305832,54.8290789]]}},{"type":"Feature","properties":{"name":"High-Speed Train Line","osmWayId":"_fullGeom365671983","purposeBuilt":false,"routeNames":["GC E"]},"geometry":{"type":"LineString","coordinates":[[-1.3305832,54.8290789],[-1.3307526,54.8296328],[-1.3308504,54.8299276],[-1.3309581,54.8301943],[-1.3310872,54.8304558],[-1.3312169,54.8307188],[-1.3313577,54.8309417],[-1.3315206,54.8312073],[-1.3318101,54.8315698],[-1.3320998,54.831897],[-1.3324116,54.832226],[-1.3327786,54.8325544],[-1.3331074,54.8328116]]}},{"type":"Feature","properties":{"name":"High-Speed Train Line","osmWayId":"_fullGeom365672001","purposeBuilt":false,"routeNames":["GC E"]},"geometry":{"type":"LineString","coordinates":[[-1.3331074,54.8328116],[-1.3333618,54.833007]]}},{"type":"Feature","properties":{"name":"High-Speed Train Line","osmWayId":"_fullGeom365671972","purposeBuilt":false,"routeNames":["GC E"]},"geometry":{"type":"LineString","coordinates":[[-1.3333618,54.833007],[-1.3340176,54.8334426],[-1.3347628,54.8338613],[-1.3352455,54.834089],[-1.3356701,54.8342893],[-1.3364144,54.8345991],[-1.3372456,54.8349258],[-1.3388149,54.8355181],[-1.3395762,54.8357937]]}},{"type":"Feature","properties":{"name":"High-Speed Train Line","osmWayId":"_fullGeom798932188","purposeBuilt":false,"routeNames":["GC E"]},"geometry":{"type":"LineString","coordinates":[[-1.3395762,54.8357937],[-1.3404283,54.8361021],[-1.3410346,54.8363216],[-1.3414452,54.8364702],[-1.3422956,54.8368329],[-1.3428914,54.8371131]]}},{"type":"Feature","properties":{"name":"High-Speed Train Line","osmWayId":"_fullGeom365672004","purposeBuilt":false,"routeNames":["GC E"]},"geometry":{"type":"LineString","coordinates":[[-1.3428914,54.8371131],[-1.3431329,54.8372215]]}},{"type":"Feature","properties":{"name":"High-Speed Train Line","osmWayId":"_fullGeom1108157530","purposeBuilt":false,"routeNames":["GC E"]},"geometry":{"type":"LineString","coordinates":[[-1.3431329,54.8372215],[-1.3445105,54.8379571],[-1.3454967,54.838506]]}},{"type":"Feature","properties":{"name":"High-Speed Train Line","osmWayId":"_fullGeom1108157531","purposeBuilt":false,"routeNames":["GC E"]},"geometry":{"type":"LineString","coordinates":[[-1.3454967,54.838506],[-1.3456687,54.8386053]]}},{"type":"Feature","properties":{"name":"High-Speed Train Line","osmWayId":"_fullGeom798932191","purposeBuilt":false,"routeNames":["GC E"]},"geometry":{"type":"LineString","coordinates":[[-1.3456687,54.8386053],[-1.3458636,54.8387235],[-1.346378,54.839091],[-1.3464364,54.839136],[-1.3464843,54.8391729],[-1.3474314,54.8399025],[-1.3490159,54.841111],[-1.3496105,54.8415519],[-1.3502054,54.842],[-1.3513752,54.8429039],[-1.3524043,54.8436944],[-1.3526596,54.8438841],[-1.3530478,54.8441725],[-1.3547047,54.8454216],[-1.3551472,54.8457354],[-1.3554799,54.8459616],[-1.3576338,54.847287]]}},{"type":"Feature","properties":{"name":"High-Speed Train Line","osmWayId":"_fullGeom365672029","purposeBuilt":false,"routeNames":["GC E"]},"geometry":{"type":"LineString","coordinates":[[-1.3576338,54.847287],[-1.3578093,54.8474165],[-1.3583385,54.8478557],[-1.3585045,54.8480517],[-1.3586878,54.8482955],[-1.3588311,54.8485446],[-1.3589012,54.8487612],[-1.3589573,54.8490002],[-1.358974,54.8491995],[-1.3589555,54.8494598],[-1.358901,54.8496902],[-1.3587607,54.8500352],[-1.3585926,54.8503073],[-1.3583746,54.8505787],[-1.3581943,54.850751],[-1.3578566,54.8510212],[-1.3575043,54.8512478],[-1.3573064,54.8513566],[-1.3570513,54.851486],[-1.356796,54.8516025]]}},{"type":"Feature","properties":{"name":"High-Speed Train Line","osmWayId":"_fullGeom798932192","purposeBuilt":false,"routeNames":["GC E"]},"geometry":{"type":"LineString","coordinates":[[-1.356796,54.8516025],[-1.3565648,54.8517147],[-1.3557116,54.8520865]]}},{"type":"Feature","properties":{"name":"High-Speed Train Line","osmWayId":"_fullGeom772478194","purposeBuilt":false,"routeNames":["GC E"]},"geometry":{"type":"LineString","coordinates":[[-1.3557116,54.8520865],[-1.3552164,54.8523184],[-1.35487,54.8524873],[-1.3543651,54.8527837],[-1.3541121,54.8529456],[-1.3538764,54.8531101],[-1.3535123,54.8533912],[-1.3531611,54.8537128],[-1.3529181,54.8539717],[-1.3527037,54.8542327],[-1.3524792,54.8545624],[-1.3522955,54.8548635],[-1.3521344,54.8552203],[-1.3520335,54.8555495],[-1.351948,54.8559576],[-1.351915,54.8562514],[-1.3519177,54.8565463],[-1.3519526,54.8569504],[-1.3519937,54.8571615],[-1.3520461,54.8573522],[-1.3521723,54.8577282],[-1.3523019,54.8580582],[-1.3526011,54.8586739],[-1.3526395,54.8587529],[-1.3529717,54.8594764],[-1.3532989,54.8601434]]}},{"type":"Feature","properties":{"name":"High-Speed Train Line","osmWayId":"_fullGeom246720610","purposeBuilt":false,"routeNames":["GC E"]},"geometry":{"type":"LineString","coordinates":[[-1.3532989,54.8601434],[-1.353583,54.8607377]]}},{"type":"Feature","properties":{"name":"High-Speed Train Line","osmWayId":"_fullGeom246720609","purposeBuilt":false,"routeNames":["GC E"]},"geometry":{"type":"LineString","coordinates":[[-1.353583,54.8607377],[-1.3537705,54.8611292]]}},{"type":"Feature","properties":{"name":"High-Speed Train Line","osmWayId":"_fullGeom246720611","purposeBuilt":false,"routeNames":["GC E"]},"geometry":{"type":"LineString","coordinates":[[-1.3537705,54.8611292],[-1.3538473,54.861279]]}},{"type":"Feature","properties":{"name":"High-Speed Train Line","osmWayId":"_fullGeom554111967","purposeBuilt":false,"routeNames":["GC E"]},"geometry":{"type":"LineString","coordinates":[[-1.3538473,54.861279],[-1.354994,54.8637336],[-1.3553804,54.8649363],[-1.3556298,54.866417],[-1.3561043,54.8695243]]}},{"type":"Feature","properties":{"name":"High-Speed Train Line","osmWayId":"_fullGeom246720612","purposeBuilt":false,"routeNames":["GC E"]},"geometry":{"type":"LineString","coordinates":[[-1.3561043,54.8695243],[-1.3561267,54.8696195],[-1.3561975,54.8698764],[-1.3564993,54.8709717],[-1.3574601,54.8743495],[-1.3582387,54.8770863],[-1.3585475,54.8782328],[-1.358685,54.8786984],[-1.3588134,54.8791365],[-1.3590866,54.8800201],[-1.3593346,54.8806698],[-1.3594394,54.8809418],[-1.3595759,54.8812823],[-1.3596238,54.8814168],[-1.3596813,54.8815781],[-1.3599931,54.8823341],[-1.3602171,54.8827518],[-1.3604174,54.8830663],[-1.3605926,54.8833172],[-1.3609761,54.8837838],[-1.3615105,54.8843159],[-1.3618516,54.8846219],[-1.3624128,54.8850372],[-1.3628528,54.885333],[-1.3631455,54.8855177],[-1.3644306,54.8861861],[-1.3650129,54.8865239],[-1.365706,54.8869568],[-1.3659038,54.8870803],[-1.3665988,54.8875654],[-1.3677904,54.8885046],[-1.3686013,54.8892153],[-1.3726691,54.8927298],[-1.3737022,54.8936223],[-1.3743844,54.8942237],[-1.3752319,54.8949662],[-1.3757257,54.8954044],[-1.376222,54.8959319],[-1.3765865,54.8963921],[-1.3768381,54.8967725]]}},{"type":"Feature","properties":{"name":"High-Speed Train Line","osmWayId":"_fullGeom246720608","purposeBuilt":false,"routeNames":["GC E"]},"geometry":{"type":"LineString","coordinates":[[-1.3768381,54.8967725],[-1.3773445,54.8975697],[-1.3779146,54.8984816],[-1.3783538,54.8992491],[-1.3789961,54.9004802],[-1.3792509,54.9007365],[-1.3802163,54.9017111],[-1.3805636,54.9020497],[-1.380711,54.9021933]]}},{"type":"Feature","properties":{"name":"High-Speed Train Line","osmWayId":"_fullGeom330868211","purposeBuilt":false,"routeNames":["GC E"]},"geometry":{"type":"LineString","coordinates":[[-1.380711,54.9021933],[-1.3807889,54.9022908],[-1.3808744,54.9023979]]}},{"type":"Feature","properties":{"name":"High-Speed Train Line","osmWayId":"_fullGeom330868212","purposeBuilt":false,"routeNames":["GC E"]},"geometry":{"type":"LineString","coordinates":[[-1.3808744,54.9023979],[-1.3810772,54.9026517],[-1.3815165,54.9032789]]}},{"type":"Feature","properties":{"name":"High-Speed Train Line","osmWayId":"_fullGeom246478742","purposeBuilt":false,"routeNames":["GC E"]},"geometry":{"type":"LineString","coordinates":[[-1.3815165,54.9032789],[-1.3815481,54.9033286],[-1.3817553,54.903655],[-1.381903,54.9039928],[-1.3819907,54.9042385]]}},{"type":"Feature","properties":{"name":"High-Speed Train Line","osmWayId":"_fullGeom248095103","purposeBuilt":false,"routeNames":["GC E"]},"geometry":{"type":"LineString","coordinates":[[-1.3819907,54.9042385],[-1.3820119,54.9043201]]}},{"type":"Feature","properties":{"name":"High-Speed Train Line","osmWayId":"_fullGeom248095102","purposeBuilt":false,"routeNames":["GC E"]},"geometry":{"type":"LineString","coordinates":[[-1.3820119,54.9043201],[-1.3820427,54.9044167]]}},{"type":"Feature","properties":{"name":"High-Speed Train Line","osmWayId":"_fullGeom248095101","purposeBuilt":false,"routeNames":["GC E"]},"geometry":{"type":"LineString","coordinates":[[-1.3820427,54.9044167],[-1.3821451,54.9046064]]}},{"type":"Feature","properties":{"name":"High-Speed Train Line","osmWayId":"_fullGeom573721829","purposeBuilt":false,"routeNames":["GC E"]},"geometry":{"type":"LineString","coordinates":[[-1.3821451,54.9046064],[-1.3822771,54.9050882],[-1.3823355,54.9053383],[-1.3824223,54.9056717],[-1.3824691,54.9058516],[-1.3825763,54.9062638],[-1.3826244,54.9064485]]}},{"type":"Feature","properties":{"name":"High-Speed Train Line","osmWayId":"_fullGeom118422004","purposeBuilt":false,"routeNames":["GR C","Lumo: London King's Cross => Edinburgh Waverley (weekday late nights)","Lumo: London King's Cross => Edinburgh Waverley","Lumo: London King's Cross => Glasgow Queen Street"]},"geometry":{"type":"LineString","coordinates":[[-1.6841175,55.1621017],[-1.6840101,55.1621391],[-1.6837379,55.1622312],[-1.6835045,55.1623038],[-1.6834606,55.162316],[-1.6832458,55.162376],[-1.6827454,55.1624961],[-1.6822372,55.1626064],[-1.6817061,55.1627252],[-1.6809457,55.1628937],[-1.680719,55.1629435],[-1.6806065,55.1629705],[-1.6806198,55.1629926],[-1.6807379,55.1629644],[-1.6810021,55.1629161],[-1.6812985,55.1628602],[-1.6815828,55.1627997],[-1.6820911,55.1626909],[-1.6826208,55.1625668],[-1.6831399,55.1624511],[-1.6836145,55.1623192],[-1.6836253,55.1623323],[-1.6837902,55.1622703],[-1.6839149,55.1622166],[-1.6840423,55.1621659],[-1.6840931,55.1621446],[-1.6841429,55.1621238],[-1.6841175,55.1621017]]}},{"type":"Feature","properties":{"name":"High-Speed Train Line","osmWayId":"_fullGeom118422005","purposeBuilt":false,"routeNames":["Lumo: Edinburgh Waverley => Newcastle","Lumo: Edinburgh Waverley => London King's Cross","Lumo: Glasgow Queen Street => London King's Cross"]},"geometry":{"type":"LineString","coordinates":[[-1.6841257,55.1620112],[-1.6840157,55.1620495],[-1.6839311,55.1620792],[-1.6837434,55.1621421],[-1.6835208,55.1622171],[-1.6833612,55.1622639],[-1.6832592,55.1622953],[-1.6831211,55.1623305],[-1.6828368,55.1623995],[-1.6825605,55.16246],[-1.6820242,55.1625827],[-1.6817453,55.1626448],[-1.6813804,55.1627281],[-1.6810491,55.1628009],[-1.6807515,55.1628693],[-1.6806079,55.1628967],[-1.6805744,55.1628599],[-1.6806845,55.162834],[-1.6811431,55.1627298],[-1.6815495,55.1626356],[-1.6820296,55.162523],[-1.6827437,55.1623494],[-1.6827627,55.1623456],[-1.6829042,55.1623095],[-1.6829222,55.1623325],[-1.6830193,55.1623077],[-1.6830005,55.1622837],[-1.6830863,55.1622618],[-1.6831267,55.1622515],[-1.68314,55.1622684],[-1.6832376,55.1622436],[-1.6832126,55.1622115],[-1.6833748,55.1621701],[-1.6837274,55.1621108],[-1.6839004,55.1620495],[-1.6839794,55.1620149],[-1.6840854,55.1619783],[-1.6841257,55.1620112]]}},{"type":"Feature","properties":{"name":"East Coast Main Line","osmWayId":3991658,"maxspeedKmh":193.121,"purposeBuilt":false,"routeNames":[]},"geometry":{"type":"LineString","coordinates":[[-1.5271759,54.6735294],[-1.5276893,54.6740179],[-1.5280466,54.6743791],[-1.528156,54.6744988],[-1.5282326,54.6745826],[-1.5283828,54.6747553],[-1.528693,54.6751341],[-1.5290532,54.6756007],[-1.5293833,54.6760737],[-1.5296735,54.6765296],[-1.5299312,54.6769913],[-1.5300684,54.6772558],[-1.5301881,54.677512],[-1.5303161,54.677791],[-1.5304174,54.6780626],[-1.5305789,54.6785879],[-1.5307295,54.6791084],[-1.5308815,54.6798419],[-1.5310143,54.680586],[-1.5312281,54.6819897],[-1.5320819,54.6877086],[-1.533074,54.6943665],[-1.5334585,54.696952],[-1.5340566,54.7009737],[-1.5341967,54.7018234],[-1.5343785,54.7026739],[-1.5348003,54.7041272],[-1.5349665,54.7046952],[-1.5350693,54.7050725],[-1.5351664,54.7054693],[-1.5353012,54.706006],[-1.5353848,54.7064447],[-1.5354329,54.7068702],[-1.535443,54.707315],[-1.5354306,54.7077296],[-1.5354064,54.7080742],[-1.5353718,54.7083948],[-1.5352864,54.7090614]]}},{"type":"Feature","properties":{"name":"East Coast Main Line","osmWayId":34947273,"maxspeedKmh":193.121,"purposeBuilt":false,"routeNames":[]},"geometry":{"type":"LineString","coordinates":[[-1.5348385,54.7136476],[-1.5348477,54.7137185],[-1.5349016,54.7141482],[-1.5349773,54.7146016],[-1.5350724,54.7150379],[-1.5352173,54.7155281],[-1.5352979,54.7157431],[-1.5354009,54.7160178],[-1.5358154,54.7169337],[-1.5363399,54.7178172],[-1.5368565,54.7185638]]}},{"type":"Feature","properties":{"name":"East Coast Main Line","osmWayId":34947274,"maxspeedKmh":193.121,"purposeBuilt":false,"routeNames":[]},"geometry":{"type":"LineString","coordinates":[[-1.5348278,54.7134281],[-1.5348385,54.7136476]]}},{"type":"Feature","properties":{"name":"East Coast Main Line","osmWayId":38088891,"maxspeedKmh":193.121,"purposeBuilt":false,"routeNames":[]},"geometry":{"type":"LineString","coordinates":[[-1.5395865,54.721316],[-1.5410715,54.7223961],[-1.5416077,54.7227335],[-1.5421842,54.7230717],[-1.5435664,54.7238221],[-1.5449272,54.7244472],[-1.5458544,54.7248116],[-1.5462278,54.7249583],[-1.5475404,54.7254361],[-1.5484333,54.7257475],[-1.5510982,54.7266852],[-1.5517163,54.726903]]}},{"type":"Feature","properties":{"name":"East Coast Main Line","osmWayId":38088892,"maxspeedKmh":193.121,"purposeBuilt":false,"routeNames":[]},"geometry":{"type":"LineString","coordinates":[[-1.5393327,54.7211102],[-1.5395865,54.721316]]}},{"type":"Feature","properties":{"name":"East Coast Main Line","osmWayId":75766538,"maxspeedKmh":193.121,"purposeBuilt":false,"routeNames":[]},"geometry":{"type":"LineString","coordinates":[[-1.5368565,54.7185638],[-1.536938,54.7186682]]}},{"type":"Feature","properties":{"name":"East Coast Main Line","osmWayId":75766664,"maxspeedKmh":193.121,"purposeBuilt":false,"routeNames":[]},"geometry":{"type":"LineString","coordinates":[[-1.536938,54.7186682],[-1.5375277,54.7193557],[-1.537727,54.7195816],[-1.5381021,54.7200068],[-1.5388722,54.720722],[-1.5393327,54.7211102]]}},{"type":"Feature","properties":{"name":"East Coast Main Line","osmWayId":111754162,"maxspeedKmh":193.121,"purposeBuilt":false,"routeNames":[]},"geometry":{"type":"LineString","coordinates":[[-1.5347721,54.7134327],[-1.5347425,54.7128952],[-1.5347654,54.7123411],[-1.534926,54.7108257],[-1.5349814,54.7104892],[-1.5350341,54.7101419],[-1.5350969,54.7097205],[-1.535191,54.7092729]]}},{"type":"Feature","properties":{"name":"East Coast Main Line","osmWayId":368536691,"maxspeedKmh":193.121,"purposeBuilt":false,"routeNames":[]},"geometry":{"type":"LineString","coordinates":[[-1.5251978,54.6719346],[-1.5262023,54.6727082],[-1.5271033,54.6734651]]}},{"type":"Feature","properties":{"name":"East Coast Main Line","osmWayId":797085032,"maxspeedKmh":193.121,"purposeBuilt":false,"routeNames":[]},"geometry":{"type":"LineString","coordinates":[[-1.5517163,54.726903],[-1.5541407,54.7277422]]}},{"type":"Feature","properties":{"name":"East Coast Main Line","osmWayId":814351407,"maxspeedKmh":193.121,"purposeBuilt":false,"routeNames":[]},"geometry":{"type":"LineString","coordinates":[[-1.5271033,54.6734651],[-1.5271759,54.6735294]]}},{"type":"Feature","properties":{"name":"East Coast Main Line","osmWayId":814351408,"maxspeedKmh":193.121,"purposeBuilt":false,"routeNames":[]},"geometry":{"type":"LineString","coordinates":[[-1.5270518,54.6734852],[-1.5261519,54.6727292],[-1.5251365,54.6719472]]}},{"type":"Feature","properties":{"name":"East Coast Main Line","osmWayId":814351409,"maxspeedKmh":193.121,"purposeBuilt":false,"routeNames":[]},"geometry":{"type":"LineString","coordinates":[[-1.5271247,54.6735498],[-1.5270518,54.6734852]]}},{"type":"Feature","properties":{"name":"East Coast Main Line","osmWayId":814351418,"maxspeedKmh":193.121,"purposeBuilt":false,"routeNames":[]},"geometry":{"type":"LineString","coordinates":[[-1.5352529,54.7092761],[-1.535143,54.7097848],[-1.5350934,54.7101567],[-1.5350261,54.7105293],[-1.5349961,54.7107618],[-1.5348378,54.7121252],[-1.5347987,54.7128989],[-1.5348278,54.7134281]]}},{"type":"Feature","properties":{"name":"East Coast Main Line","osmWayId":814351419,"maxspeedKmh":193.121,"purposeBuilt":false,"routeNames":[]},"geometry":{"type":"LineString","coordinates":[[-1.5352864,54.7090614],[-1.5352529,54.7092761]]}},{"type":"Feature","properties":{"name":"East Coast Main Line","osmWayId":814351420,"maxspeedKmh":193.121,"purposeBuilt":false,"routeNames":[]},"geometry":{"type":"LineString","coordinates":[[-1.5352178,54.7090608],[-1.5353098,54.7083923],[-1.5353444,54.7080724],[-1.5353685,54.7077289],[-1.5353728,54.7073141],[-1.5353654,54.7068718],[-1.535312,54.7064486],[-1.5352394,54.70601],[-1.5351087,54.7054709],[-1.5350079,54.705078],[-1.5349075,54.7046999],[-1.534739,54.7041331],[-1.5343169,54.7026788],[-1.534135,54.7018265],[-1.5340222,54.7011435],[-1.5339948,54.7009772],[-1.5330128,54.6943744],[-1.5320198,54.6877105],[-1.5311662,54.6819927],[-1.5309525,54.6805897],[-1.5308252,54.679845],[-1.5306679,54.6791134],[-1.5305177,54.678594],[-1.5303564,54.6780695],[-1.5302558,54.6777998],[-1.5301281,54.6775213],[-1.5300084,54.6772653],[-1.5298719,54.677002],[-1.5296148,54.6765414],[-1.5293253,54.6760866],[-1.528996,54.6756148],[-1.5286365,54.6751491],[-1.528327,54.674771],[-1.5281773,54.6745991],[-1.5280986,54.674513],[-1.5279921,54.6743964],[-1.5276356,54.674036],[-1.5271247,54.6735498]]}},{"type":"Feature","properties":{"name":"East Coast Main Line","osmWayId":814351421,"maxspeedKmh":193.121,"purposeBuilt":false,"routeNames":[]},"geometry":{"type":"LineString","coordinates":[[-1.535191,54.7092729],[-1.5352178,54.7090608]]}}]}
