{"type":"FeatureCollection","features":[{"type":"Feature","properties":{"admin_level":"4","boundary":"administrative","source":"OS OpenData Boundary-Line","name":"England - Scotland","osmId":"way/142982510","ukNationBorder":true},"geometry":{"type":"LineString","coordinates":[[-2.0343493,55.8110887],[-2.0343819,55.8110727],[-2.0345044,55.8110337],[-2.0346429,55.8109778],[-2.0347191,55.8109339],[-2.0347819,55.8108936],[-2.0349379,55.810779],[-2.0352911,55.8107248],[-2.0353179,55.8106992],[-2.035342,55.8106788],[-2.0355217,55.8105386],[-2.0359881,55.8103115],[-2.0362298,55.8102057],[-2.0362926,55.8101688],[-2.0363504,55.810136],[-2.0364375,55.8100897],[-2.0366564,55.8099861],[-2.0371542,55.8098269],[-2.0373574,55.8097879],[-2.0387658,55.8091987],[-2.0391667,55.8089986],[-2.0393765,55.8089851],[-2.0401468,55.8085444],[-2.0403572,55.8084225],[-2.0403773,55.8084111],[-2.0404169,55.8083886],[-2.0404494,55.8083702],[-2.0405659,55.808304],[-2.041554,55.8077758],[-2.0417702,55.807847],[-2.0422422,55.8075184],[-2.0419927,55.8073916],[-2.0418783,55.8072886],[-2.0424229,55.8070449],[-2.0425012,55.8070106],[-2.0425408,55.8069932],[-2.042607,55.8069642],[-2.0427864,55.8068859],[-2.0428361,55.8068629],[-2.0428471,55.8068577],[-2.0428905,55.8068375],[-2.0429816,55.8067981],[-2.043074,55.8067581],[-2.0432462,55.8066872],[-2.0433392,55.8066475],[-2.0433881,55.8066236],[-2.0434367,55.8065989],[-2.0436571,55.806486],[-2.0439765,55.8063259],[-2.0456042,55.8053235],[-2.046655,55.8048828],[-2.0467188,55.8048971],[-2.0470505,55.8047703],[-2.0479895,55.8042695],[-2.0484791,55.8041211],[-2.0488419,55.8039335],[-2.0496462,55.8036291],[-2.0509378,55.803227],[-2.0520077,55.8028249],[-2.0526278,55.8025119],[-2.052896,55.8026376],[-2.054962,55.8027849],[-2.0559289,55.8029247],[-2.0600329,55.8025777],[-2.0605499,55.8026628],[-2.0611211,55.8027119],[-2.062233,55.8027338],[-2.0633252,55.8024044],[-2.0649418,55.8018366],[-2.0654708,55.801512],[-2.0666578,55.8006686],[-2.0671452,55.8002478],[-2.0671765,55.7989791],[-2.067088,55.7985146],[-2.0679939,55.7982642],[-2.0688897,55.7980245],[-2.0696802,55.797798],[-2.0725196,55.7970757],[-2.0726351,55.7969684],[-2.0734065,55.7962513],[-2.073862,55.7959303],[-2.075068,55.7951901],[-2.0756152,55.7949805],[-2.0763956,55.7946816],[-2.0766089,55.7945018],[-2.0767536,55.7942797],[-2.0769654,55.7941179],[-2.0789358,55.793772],[-2.0793027,55.7937076],[-2.0797605,55.7937369],[-2.0804207,55.793705],[-2.0817942,55.7938964],[-2.0819633,55.7938882],[-2.0822374,55.7938108],[-2.0827585,55.7935894],[-2.0834339,55.7932088],[-2.0845623,55.7928765],[-2.0849785,55.7928421],[-2.0857186,55.7928991],[-2.0859499,55.7929594],[-2.0860047,55.7929784],[-2.0861144,55.7930487],[-2.0861901,55.7926525],[-2.086213,55.7925804],[-2.0862504,55.7925115],[-2.087023,55.791413],[-2.0872329,55.7911701],[-2.0874086,55.7911634],[-2.0878187,55.7909646],[-2.087926,55.7908936],[-2.0879867,55.7908322],[-2.0880608,55.7907223],[-2.0881025,55.7906395],[-2.0882023,55.7903894],[-2.0882722,55.7902144],[-2.0882857,55.7901216],[-2.08831,55.7898474],[-2.0883028,55.7898173],[-2.0882885,55.7897579],[-2.0882827,55.7897336],[-2.0882099,55.7895595],[-2.088112,55.7893255],[-2.0881053,55.7892087],[-2.0881757,55.7889957],[-2.0882339,55.7886717],[-2.0883655,55.7880416],[-2.0885434,55.7867666],[-2.0885276,55.7865058],[-2.0883789,55.7859096],[-2.088233,55.7855898],[-2.0877471,55.7850744],[-2.0873398,55.7847719],[-2.0866029,55.7843958],[-2.0864522,55.7842667],[-2.0862589,55.7840862],[-2.0860054,55.7833964],[-2.0858426,55.7825734],[-2.0859191,55.7811466],[-2.0862582,55.7794805],[-2.0862694,55.7793181],[-2.0863232,55.7791507],[-2.086462,55.7787488],[-2.0868147,55.7781],[-2.0868003,55.777013],[-2.0867698,55.7766506],[-2.0867203,55.776405],[-2.0866144,55.7760377],[-2.0865755,55.7758002],[-2.0865313,55.7753457],[-2.0865267,55.7751452],[-2.0865479,55.7749555],[-2.0865782,55.7748359],[-2.0866095,55.7746859],[-2.0866486,55.7746789],[-2.0868421,55.7746444],[-2.0868606,55.7745817],[-2.0868722,55.7745421],[-2.0869306,55.7743436],[-2.0869607,55.7742415],[-2.0870137,55.7740613],[-2.0870519,55.7739316],[-2.087237,55.7733029],[-2.0872593,55.7732272],[-2.0873091,55.773058],[-2.0874053,55.7727311],[-2.0874522,55.7724661],[-2.0875029,55.7721802],[-2.0874927,55.7720104],[-2.087465,55.7715489],[-2.0874598,55.7714614],[-2.0872543,55.7712811],[-2.0871835,55.771219],[-2.0871683,55.771181],[-2.0871515,55.7711391],[-2.0872735,55.77101],[-2.0873532,55.7709258],[-2.0873836,55.7708936],[-2.0873845,55.7708374],[-2.087385,55.770802],[-2.0873554,55.7707601],[-2.0869661,55.7702093],[-2.086955,55.7701834],[-2.0867747,55.7697644],[-2.0867572,55.7697237],[-2.086731,55.7696629],[-2.0866485,55.7695279],[-2.0865594,55.769382],[-2.0861198,55.7687938],[-2.085993,55.7685631],[-2.0859208,55.7684068],[-2.0857425,55.7681566],[-2.0857165,55.76806],[-2.0857247,55.7678854],[-2.0857871,55.7674985],[-2.0857546,55.767246],[-2.0855586,55.7662534],[-2.0855197,55.7660563],[-2.0855032,55.765973],[-2.0855602,55.7658121],[-2.0857399,55.7656233],[-2.0857737,55.7655958],[-2.0858207,55.7655954],[-2.086046,55.7655938],[-2.086134,55.7655853],[-2.0861572,55.7653439],[-2.0861429,55.7650029],[-2.0860717,55.7646309],[-2.0859805,55.7644947],[-2.0857289,55.7641581],[-2.0857286,55.7640682],[-2.0857342,55.7636801],[-2.0857258,55.7631422],[-2.0857166,55.762875],[-2.0857081,55.7627104]]}},{"type":"Feature","properties":{"admin_level":"4","boundary":"administrative","source":"OS OpenData Boundary-Line","name":"England - Scotland","osmId":"way/147078911","ukNationBorder":true},"geometry":{"type":"LineString","coordinates":[[-2.4776729,55.3543553],[-2.4782654,55.3542376],[-2.4788059,55.354118],[-2.4814315,55.3537131],[-2.4821412,55.3534858],[-2.4827018,55.3533045],[-2.4828718,55.3532566],[-2.4834721,55.3531235],[-2.4838889,55.3530378],[-2.4849368,55.3528225],[-2.4853671,55.3527368],[-2.4857894,55.352617],[-2.4865395,55.3524063],[-2.4871867,55.3522204],[-2.4878297,55.3520374],[-2.488546,55.3518453],[-2.4907751,55.3505745],[-2.4917977,55.3497345],[-2.4923827,55.3492984],[-2.4930605,55.3488302],[-2.4936907,55.3483969],[-2.4939214,55.3482384],[-2.4950607,55.347469],[-2.4961321,55.3465223],[-2.4970632,55.3452408],[-2.4978566,55.3439936],[-2.49834,55.3430836],[-2.4985497,55.3426887],[-2.4990663,55.3418915],[-2.500629,55.3414676],[-2.5021571,55.3404361],[-2.5024469,55.3401981],[-2.5020396,55.3397151],[-2.5019159,55.3382758],[-2.5018269,55.3374584],[-2.5026428,55.3367855],[-2.5043059,55.3354111],[-2.5063285,55.3345274],[-2.506785,55.3339842],[-2.5074286,55.3333264],[-2.5085418,55.3321108],[-2.509842,55.3313676],[-2.5110502,55.3306785],[-2.5127737,55.330114],[-2.5145388,55.3288957],[-2.5150171,55.3283382],[-2.5155044,55.3277703],[-2.5165958,55.3264716],[-2.5176745,55.3247211],[-2.5193989,55.3233231]]}},{"type":"Feature","properties":{"admin_level":"4","boundary":"administrative","source":"OS OpenData Boundary-Line","name":"England - Scotland","osmId":"way/179086121","ukNationBorder":true},"geometry":{"type":"LineString","coordinates":[[-2.337493,55.36727],[-2.3375229,55.3671867],[-2.3377703,55.3671519],[-2.3382353,55.3672827],[-2.3385033,55.3672595],[-2.3389203,55.3671361],[-2.3390469,55.3669938],[-2.3395813,55.366794],[-2.3396036,55.3667856],[-2.339892,55.3665736],[-2.3398464,55.3664003],[-2.3399348,55.366223],[-2.3400945,55.366086],[-2.3404081,55.3660438],[-2.3404804,55.3660059],[-2.3407493,55.3657238],[-2.3410947,55.3655315],[-2.341533,55.3655033],[-2.3418717,55.3654422],[-2.3420308,55.3652332],[-2.3420827,55.3652178],[-2.3425655,55.3652201],[-2.342566,55.3650952],[-2.3428219,55.3651277],[-2.3431247,55.3651223],[-2.343641,55.3649906],[-2.3440685,55.3647998],[-2.3442466,55.3647903],[-2.3450413,55.3645562],[-2.3461802,55.3645458],[-2.3468024,55.3646178],[-2.3471415,55.3646069],[-2.3479837,55.3644014],[-2.3492622,55.3639476],[-2.3494384,55.3639142],[-2.3496186,55.3636747],[-2.3497938,55.3636872],[-2.3501937,55.3636191],[-2.350411,55.3635187],[-2.3507665,55.3633296],[-2.3510389,55.3632749],[-2.3512747,55.3631816],[-2.3549051,55.3625281],[-2.3549784,55.3625272],[-2.3554005,55.3621939],[-2.3557481,55.3618415],[-2.3558307,55.3616028],[-2.3556951,55.3613861],[-2.3567459,55.3608135],[-2.3576473,55.3603504],[-2.3583502,55.3600111],[-2.3587444,55.359833],[-2.3595774,55.3596213],[-2.3604863,55.3594198],[-2.3615301,55.3592044],[-2.3626407,55.3589794],[-2.3641566,55.3587978],[-2.36483,55.3581727],[-2.3651528,55.3577987],[-2.3667957,55.3570389],[-2.3674961,55.3567453],[-2.368659,55.3562663],[-2.3695676,55.355951],[-2.3705139,55.3556373],[-2.3715623,55.355315],[-2.3724397,55.3550562],[-2.3734852,55.3547518],[-2.3738026,55.3546404],[-2.3749064,55.3537814],[-2.3755235,55.3532783],[-2.3759533,55.3528541],[-2.3764685,55.3523166],[-2.3767412,55.3520208],[-2.3775068,55.3512753],[-2.3788997,55.3502883],[-2.3789001,55.3491641],[-2.3811393,55.3492191],[-2.3835367,55.3485287],[-2.3837479,55.3484906],[-2.3847294,55.3483509],[-2.3864124,55.3481139],[-2.3872168,55.3480095],[-2.3886756,55.3479637],[-2.3894713,55.3479418],[-2.3904659,55.3479102],[-2.3916828,55.347798],[-2.392953,55.3476811],[-2.3942819,55.347591],[-2.3955301,55.3475048],[-2.3983701,55.3478272],[-2.3989623,55.3480251],[-2.399587,55.3482379],[-2.4002646,55.3486538],[-2.3995154,55.3505307],[-2.3999404,55.3515465],[-2.4009312,55.3534773],[-2.4015901,55.3537598],[-2.4022414,55.3542978],[-2.4025514,55.3545572],[-2.4046461,55.355562],[-2.4058589,55.3561455],[-2.4062027,55.3563044],[-2.4068175,55.3565384],[-2.4071823,55.3567036],[-2.4088001,55.3574584],[-2.411308,55.3580753],[-2.4113681,55.358072],[-2.4124724,55.357806],[-2.4152482,55.35892],[-2.4174429,55.3588769],[-2.4198159,55.3590701],[-2.4198356,55.3590928],[-2.4203889,55.3590372],[-2.4221661,55.3588603],[-2.4236957,55.358709],[-2.4243434,55.358588],[-2.4256439,55.3583534],[-2.426272,55.3582396],[-2.4274614,55.357761],[-2.4287403,55.3570604],[-2.42883,55.356969],[-2.4293196,55.356532],[-2.4293797,55.356503],[-2.4312205,55.356883],[-2.43266,55.3572457],[-2.4337858,55.3575542],[-2.4351358,55.3578714],[-2.4364775,55.3582171],[-2.4370239,55.3584122],[-2.4375512,55.3586],[-2.4383027,55.3590032],[-2.4387425,55.359226],[-2.43931,55.3594504],[-2.4403377,55.3591653],[-2.4417097,55.3592174],[-2.4437291,55.3592889],[-2.4447278,55.3591825],[-2.445264,55.3589917],[-2.4476605,55.358139],[-2.4490604,55.3576176],[-2.4498851,55.3573048],[-2.4507269,55.3569911],[-2.4513024,55.356792],[-2.451877,55.3565746],[-2.4524035,55.3563859],[-2.4531843,55.356266],[-2.4542779,55.3559431],[-2.4556813,55.3552996],[-2.4568506,55.354773],[-2.4573811,55.3545295],[-2.4578503,55.3543098],[-2.458845,55.3540067],[-2.4593425,55.3538382],[-2.4596101,55.3537546],[-2.4605801,55.3534473],[-2.4611576,55.353266],[-2.4616755,55.3533856],[-2.4624423,55.353556],[-2.4632475,55.3536599],[-2.4645119,55.3534089],[-2.4655565,55.3532001],[-2.4671819,55.3528704],[-2.4675708,55.3527906],[-2.4694658,55.3534314],[-2.4713948,55.3537968],[-2.4723577,55.354213],[-2.4730005,55.354475],[-2.4735713,55.3547113],[-2.4750622,55.3548005],[-2.4765364,55.3546203],[-2.4771213,55.3544878],[-2.4771519,55.3544724],[-2.4776729,55.3543553]]}},{"type":"Feature","properties":{"admin_level":"4","alt_name":"Liddel Water","boundary":"administrative","name":"England - Scotland","source":"OS OpenData Boundary-Line","waterway":"river","osmId":"way/369520845","ukNationBorder":true},"geometry":{"type":"LineString","coordinates":[[-2.8585373,55.1083444],[-2.8587956,55.1083282],[-2.8593925,55.1083141],[-2.8600263,55.1082638],[-2.8605361,55.1082072],[-2.8608502,55.10816],[-2.8615202,55.1080493],[-2.8617683,55.1079954],[-2.8620783,55.107906],[-2.8622774,55.1078336],[-2.8624806,55.1077342],[-2.8627684,55.1075615],[-2.8629398,55.1074398],[-2.8630119,55.1073692],[-2.8630731,55.107296],[-2.8635117,55.1067771],[-2.8637325,55.1066946],[-2.8640092,55.1066585],[-2.8644328,55.1066762],[-2.8647519,55.1067215],[-2.8652847,55.1068588],[-2.8656751,55.1069343],[-2.8664906,55.1070264],[-2.8670322,55.1070666],[-2.8674226,55.1070877],[-2.8675752,55.107096],[-2.8680637,55.1070691],[-2.8684389,55.107026],[-2.868859,55.1069547],[-2.8691073,55.1069125],[-2.8698506,55.1067086],[-2.8703515,55.1065334],[-2.8707328,55.1063357],[-2.8708714,55.1062214],[-2.8710618,55.1060412],[-2.8712204,55.1057669],[-2.8713599,55.1054083],[-2.8715667,55.1048973],[-2.8716837,55.1043698],[-2.8716988,55.1042008],[-2.8716954,55.1038261],[-2.8716475,55.1034993],[-2.8716091,55.1031042],[-2.8716814,55.1028943],[-2.8718235,55.1027297],[-2.8719385,55.102613],[-2.8724164,55.1023157],[-2.872602,55.1022056],[-2.8727648,55.1020499],[-2.8728189,55.1018734],[-2.8727856,55.1017119],[-2.8726777,55.1015805],[-2.872307,55.1013235],[-2.8721273,55.1012071],[-2.8720268,55.101126],[-2.8715273,55.1006407],[-2.8713219,55.1004184],[-2.8713055,55.1003844],[-2.8712984,55.1003476],[-2.871307,55.1003107],[-2.8713235,55.1002764],[-2.8715264,55.1000243],[-2.8718814,55.099629],[-2.8722295,55.0994207],[-2.8725569,55.0992692],[-2.8729511,55.0990947],[-2.8730268,55.0990421],[-2.8733621,55.0987548],[-2.8740554,55.0979222],[-2.8742782,55.0976438],[-2.874424,55.0975035],[-2.8745319,55.0974227],[-2.8747376,55.0972972],[-2.8754959,55.0969305],[-2.8756383,55.0968531],[-2.8757853,55.0967676],[-2.8761067,55.0965559],[-2.8761527,55.0965106],[-2.8761861,55.0964646],[-2.8765914,55.095865],[-2.8766993,55.095422],[-2.8767608,55.0953003],[-2.8768698,55.0951944],[-2.8773777,55.0949921],[-2.8776439,55.0949075],[-2.8778999,55.0948661],[-2.8782669,55.0948087],[-2.8785534,55.0947958],[-2.8789734,55.0947982],[-2.8791666,55.0948183],[-2.879923,55.0949414],[-2.8801326,55.0949947],[-2.8802731,55.0950431],[-2.8807381,55.0951664],[-2.8808373,55.0951882],[-2.8809791,55.0952222],[-2.8813341,55.0952637],[-2.8818817,55.0952966],[-2.8823396,55.0953121],[-2.8829962,55.0953828],[-2.8836963,55.0954407],[-2.8841399,55.0954428],[-2.8847737,55.0954077],[-2.8850156,55.0953619],[-2.8854052,55.0952638],[-2.8855374,55.0952188],[-2.885854,55.0950817],[-2.8859315,55.0950425],[-2.8861388,55.0949206],[-2.8862898,55.0948054],[-2.8864242,55.0946471],[-2.8864711,55.0945713],[-2.8865375,55.0943848],[-2.886546,55.094347],[-2.8865403,55.0942284],[-2.8864939,55.0940454],[-2.8862681,55.0937541],[-2.8862409,55.0937273],[-2.8861214,55.0936375],[-2.8858707,55.0934991],[-2.8857539,55.0934604],[-2.8856721,55.0934439],[-2.885537,55.0934305],[-2.8844049,55.0933965],[-2.8833156,55.0933802],[-2.8829674,55.0933683],[-2.8829046,55.0933607],[-2.8827976,55.0933417],[-2.8827378,55.0933268],[-2.8827126,55.0933207],[-2.8826447,55.093297],[-2.8825828,55.0932642],[-2.8825541,55.0932428],[-2.8823958,55.0930948],[-2.8823718,55.0930734],[-2.8823125,55.0929444],[-2.8822568,55.0927615],[-2.8822623,55.0925853],[-2.8822694,55.0924091],[-2.882342,55.0921471],[-2.8825465,55.0915453],[-2.8828478,55.0909986],[-2.8830231,55.0907735],[-2.8831231,55.0906901],[-2.8832091,55.0906122],[-2.8839772,55.0902014],[-2.884652,55.089899],[-2.8852894,55.0896715],[-2.8858692,55.0895325],[-2.8860731,55.0894735],[-2.8861925,55.089416],[-2.8862011,55.0893818],[-2.8862231,55.0893107],[-2.8862374,55.0891093],[-2.8861832,55.0889982],[-2.8861269,55.0889303],[-2.8860694,55.0888786],[-2.8857624,55.0886733],[-2.8857149,55.0886476],[-2.885623,55.0886042],[-2.8855377,55.0885734],[-2.8854542,55.0885506],[-2.8853252,55.0885264],[-2.8849657,55.0884931],[-2.8846709,55.0884844],[-2.8846694,55.0884844],[-2.8845563,55.0884709],[-2.8844697,55.0884535],[-2.8844177,55.0884404],[-2.8841337,55.0883481],[-2.8838083,55.0881573],[-2.8837122,55.0880627],[-2.8836904,55.0879281],[-2.8837048,55.0877258],[-2.8837885,55.0875428],[-2.8839608,55.0873995],[-2.8840499,55.0873198],[-2.8841238,55.0872627],[-2.8841993,55.0872055],[-2.8846494,55.0869425],[-2.8847191,55.0869034],[-2.8848122,55.0868623],[-2.885318,55.0867112],[-2.8855755,55.0866653],[-2.8860282,55.0866656],[-2.8863418,55.0866768],[-2.8871974,55.086826],[-2.8885686,55.087056],[-2.8888828,55.0870941],[-2.8893859,55.0871012],[-2.8895351,55.0871199],[-2.8896532,55.0871442],[-2.8897194,55.0871626],[-2.8897621,55.0872512],[-2.8898029,55.0873938],[-2.8897789,55.0875153],[-2.8897842,55.0875413],[-2.8898003,55.0875628],[-2.8899916,55.0877106],[-2.8899519,55.087896],[-2.8899897,55.0879766],[-2.8900476,55.0880462],[-2.8900719,55.0880811],[-2.890261,55.0881292],[-2.8904173,55.088181],[-2.8905543,55.0882151],[-2.8907273,55.0882453],[-2.8909142,55.0882646],[-2.8910193,55.0882701],[-2.8911662,55.0882546],[-2.8923239,55.0881069],[-2.8926392,55.0880551],[-2.892915,55.0879857],[-2.8931098,55.0879385],[-2.8933051,55.0878472],[-2.8933591,55.0878072],[-2.8935184,55.087647],[-2.8936722,55.0873763],[-2.893743,55.0871089],[-2.8937847,55.0868722],[-2.8937379,55.08639],[-2.8936563,55.0861713],[-2.8935832,55.0860568],[-2.8933923,55.085856],[-2.8932585,55.0857555],[-2.8928728,55.0855336],[-2.8926674,55.0853815],[-2.8926174,55.085318],[-2.8925929,55.0852742],[-2.892569,55.0851863],[-2.8926247,55.0850151],[-2.8929051,55.0843804],[-2.8931831,55.0839192],[-2.8935746,55.0834922],[-2.8939599,55.0829268],[-2.8944467,55.082207],[-2.8951576,55.081074],[-2.8955057,55.0804594],[-2.8956728,55.0800862],[-2.8958061,55.0798129],[-2.895972,55.0791763],[-2.8961115,55.0788311],[-2.8962744,55.0784786],[-2.8964375,55.0782797],[-2.896457,55.0782409],[-2.8966364,55.0780679],[-2.8968765,55.0779448],[-2.8970439,55.0778672],[-2.8975566,55.0776792],[-2.8990338,55.0771992],[-2.8994663,55.0770684],[-2.8998591,55.0769838],[-2.9003474,55.0769667],[-2.9008061,55.076957],[-2.9015,55.0769572],[-2.9016489,55.0769615],[-2.9028524,55.0770604],[-2.9040892,55.0771735],[-2.9043264,55.0772041],[-2.9045875,55.0772507],[-2.9057727,55.0775087],[-2.9059306,55.0775328],[-2.906172,55.0775696],[-2.9062268,55.0775728],[-2.9063928,55.0775715],[-2.9066367,55.0775481],[-2.90689,55.0775301],[-2.9070258,55.0775093],[-2.9073364,55.0774621],[-2.9077104,55.0773784],[-2.908538,55.0772644],[-2.9093935,55.0771394],[-2.9098281,55.077102],[-2.9103558,55.0770971],[-2.9106552,55.0771083]]}},{"type":"Feature","properties":{"admin_level":"4","alt_name":"Easg","boat":"yes","boundary":"administrative","name":"England - Scotland","name:gd":"Easg","source":"OS_OpenData_Boundary-Line","waterway":"river","osmId":"way/599479100","ukNationBorder":true},"geometry":{"type":"LineString","coordinates":[[-2.9497144,55.0555749],[-2.9506904,55.0554748],[-2.9524858,55.0551992],[-2.953491,55.0550763],[-2.9538032,55.055043],[-2.9548292,55.0549337],[-2.9550064,55.0548847],[-2.955362,55.0547623],[-2.9554937,55.0547011],[-2.9555782,55.0546367],[-2.9560638,55.0541251],[-2.9562354,55.0539054],[-2.9563128,55.0537927],[-2.956346,55.0537445],[-2.956557,55.053476],[-2.9567001,55.0531693],[-2.9569151,55.0528028],[-2.9570884,55.0523908],[-2.957183,55.0522228],[-2.9572426,55.0520966],[-2.9573079,55.0518804],[-2.9574639,55.0515242],[-2.9583326,55.0497614],[-2.95847,55.0495464],[-2.9585907,55.0492868]]}},{"type":"Feature","properties":{"admin_level":"4","boundary":"administrative","name":"England - Scotland","source":"OS_OpenData_Boundary-Line","waterway":"river","osmId":"way/599479101","ukNationBorder":true},"geometry":{"type":"LineString","coordinates":[[-2.9471093,55.0559427],[-2.9472075,55.0558847],[-2.9474714,55.0557218],[-2.9479464,55.0555483],[-2.9479914,55.0555353],[-2.9481911,55.0555023],[-2.9487793,55.0555508],[-2.9492605,55.0555758],[-2.9497144,55.0555749]]}},{"type":"Feature","properties":{"admin_level":"4","boundary":"administrative","name":"England - Scotland","source":"OS_OpenData_Boundary-Line","waterway":"river","osmId":"way/599479103","ukNationBorder":true},"geometry":{"type":"LineString","coordinates":[[-3.0491275,55.0530431],[-3.0495659,55.0529863],[-3.0499229,55.0529347],[-3.0501791,55.0529044],[-3.050437,55.0528961],[-3.0507756,55.052859],[-3.0509259,55.0527985],[-3.0510494,55.0527308],[-3.0511693,55.052648],[-3.0513294,55.0524255],[-3.0513574,55.0522703],[-3.0513674,55.0521133],[-3.0513347,55.051986],[-3.0511909,55.0516348],[-3.0511756,55.0514534],[-3.0512353,55.0512627],[-3.0513507,55.051123],[-3.0515626,55.0509986],[-3.052024,55.0507576],[-3.0522966,55.050528],[-3.0524887,55.0502938],[-3.0526844,55.0501349],[-3.0528773,55.0500342],[-3.0530037,55.0499551],[-3.0532118,55.0498319],[-3.0533147,55.0497382],[-3.0534362,55.0494297],[-3.0534993,55.0491456],[-3.0534296,55.0489484],[-3.0533839,55.0488341],[-3.0533818,55.0487574],[-3.0533959,55.0486724],[-3.0534582,55.0486058],[-3.0535708,55.0485344],[-3.0536506,55.0484838],[-3.0536486,55.0484056],[-3.0536164,55.0483151],[-3.053711,55.0481633],[-3.0537385,55.0480759],[-3.0537845,55.0477817],[-3.0537104,55.047598],[-3.0536334,55.0474684],[-3.0535656,55.0473944],[-3.053417,55.0472789],[-3.0532776,55.0472136],[-3.0531986,55.0471864],[-3.0531482,55.0471743],[-3.0531043,55.0471702],[-3.0529933,55.0471738],[-3.0529311,55.047186],[-3.0525215,55.0473601],[-3.0520997,55.0474912],[-3.0517569,55.047628],[-3.0517028,55.0476538],[-3.0516538,55.0477002],[-3.0515828,55.0477576],[-3.0515188,55.0478273],[-3.051469,55.0478987],[-3.051421,55.0479755],[-3.0513759,55.0481646],[-3.0513206,55.0482648],[-3.0511565,55.0484541],[-3.0509976,55.0487197],[-3.0509377,55.0487687],[-3.0508668,55.0488053],[-3.0508346,55.0488215],[-3.0507852,55.0488373],[-3.0507123,55.0488405],[-3.0505416,55.0488322],[-3.0503815,55.0488118],[-3.0502811,55.0487739],[-3.0502019,55.0487219],[-3.0500223,55.0486544],[-3.0497935,55.0485845],[-3.0496536,55.0485623],[-3.0493815,55.0485153],[-3.0490021,55.0484296],[-3.048691,55.0483359],[-3.048423,55.0481928],[-3.0482292,55.0480813],[-3.047788,55.0478447],[-3.0475467,55.047718],[-3.0472897,55.0475861],[-3.0470777,55.0474387],[-3.0469334,55.0473663],[-3.0465209,55.0473339],[-3.0455062,55.0472554],[-3.0452427,55.0472361],[-3.0450047,55.0472444],[-3.0448989,55.0472544],[-3.044589,55.0473172],[-3.0442021,55.0473678],[-3.0438353,55.0474054],[-3.0435753,55.0473969],[-3.0433853,55.0473689],[-3.0432225,55.0472535],[-3.0431788,55.0471955],[-3.0431409,55.047122],[-3.0431289,55.0470817],[-3.0431029,55.0469256],[-3.0431894,55.0467604],[-3.0433464,55.0465982],[-3.0434569,55.0464579],[-3.0435257,55.0463579],[-3.0436082,55.0461951],[-3.0437394,55.0458803],[-3.04385,55.045687],[-3.0438354,55.0453645],[-3.0437158,55.0451078],[-3.0436453,55.0449479],[-3.0436768,55.0448342],[-3.0435518,55.044701],[-3.0429211,55.0447038],[-3.0424487,55.0446704],[-3.0418472,55.0445576],[-3.0415722,55.0445582],[-3.0411674,55.04463],[-3.0407028,55.0447849],[-3.0405859,55.0448047],[-3.0402809,55.0448109],[-3.0401221,55.0447844],[-3.0397587,55.0447094],[-3.0393297,55.0445259],[-3.0389814,55.0443062],[-3.0387274,55.0440736],[-3.0384137,55.0439522],[-3.0383589,55.0438803],[-3.0384127,55.0437211],[-3.0384713,55.043588],[-3.0385707,55.0433411],[-3.0387262,55.0430942],[-3.0389059,55.0429031],[-3.0390697,55.0425773],[-3.0393151,55.0423659],[-3.0395267,55.0421762],[-3.0398421,55.0418248],[-3.0399603,55.0417411],[-3.0402158,55.0415727],[-3.0403271,55.0414612],[-3.0403204,55.0413804],[-3.0402824,55.0412442],[-3.0401449,55.0411312],[-3.0399759,55.0410733],[-3.0397845,55.0410579],[-3.0395649,55.0411114],[-3.0394043,55.0412053],[-3.0392858,55.0412496],[-3.0389876,55.0413308],[-3.0387767,55.0413621],[-3.0385426,55.0413794],[-3.0383232,55.0413705],[-3.038144,55.0413397],[-3.0379699,55.0412639],[-3.0378239,55.0411842],[-3.0377026,55.0410972],[-3.0375122,55.0409928],[-3.0373704,55.0408906],[-3.0373163,55.0408605],[-3.0367796,55.0404994],[-3.0366613,55.0404033],[-3.0365685,55.0403214],[-3.036499,55.0402402],[-3.0363965,55.0400657],[-3.0363121,55.0399474],[-3.0360609,55.0396338],[-3.0358922,55.0394248],[-3.0358134,55.0393574],[-3.0357456,55.0393088],[-3.0356377,55.0392382],[-3.0354502,55.0391222],[-3.0353027,55.0390048],[-3.0351318,55.0389035],[-3.0349516,55.0388911],[-3.0347854,55.0389055],[-3.0345776,55.0389095],[-3.0343852,55.0389156],[-3.0343492,55.0389151],[-3.0343103,55.0389217],[-3.0342763,55.0389372],[-3.0340407,55.0390201],[-3.0339428,55.0391144],[-3.0338336,55.0392775],[-3.033799,55.0394245],[-3.0337439,55.0395233],[-3.0337335,55.0395419],[-3.0336618,55.039593],[-3.0335053,55.0396267],[-3.0330779,55.0397374],[-3.0326092,55.0398321],[-3.0324298,55.0398534],[-3.0322925,55.0398662],[-3.0321734,55.0398636],[-3.0320408,55.0398172],[-3.0319186,55.0397535],[-3.0318838,55.0395658],[-3.0319669,55.0391303],[-3.0320304,55.0389223],[-3.0319698,55.0386697],[-3.0317877,55.0385188],[-3.0315735,55.0383168],[-3.0313479,55.0381511],[-3.0310896,55.0379694],[-3.0308378,55.0378378],[-3.0306706,55.0377684],[-3.0304824,55.0377112],[-3.0302424,55.0376726],[-3.0300258,55.0376555],[-3.0298056,55.0376175],[-3.0295855,55.0375501],[-3.0293972,55.0374698],[-3.029209,55.0373519],[-3.0290593,55.0372107],[-3.0288676,55.0370668],[-3.0286184,55.0369636],[-3.0282601,55.0369201],[-3.0281158,55.0369037],[-3.0274752,55.036704],[-3.027272,55.0366457],[-3.0269803,55.0365699],[-3.0267718,55.0365529],[-3.0267242,55.0365614],[-3.026582,55.0365868],[-3.0264173,55.0366385],[-3.0262619,55.0366715],[-3.0261758,55.0366685],[-3.0260945,55.0366361],[-3.0260337,55.0366116],[-3.0259802,55.036567],[-3.0259429,55.036523],[-3.0259103,55.0364719],[-3.0259119,55.0364308],[-3.0259529,55.0361841],[-3.0259941,55.0360112],[-3.0260628,55.0355865],[-3.0260851,55.0354138],[-3.0261328,55.0352597],[-3.0262172,55.0351624],[-3.0263139,55.0350761],[-3.0263917,55.0350171],[-3.0265305,55.0349575],[-3.0267484,55.0348697],[-3.0271066,55.0347691],[-3.0275048,55.0346148],[-3.0277431,55.0345071],[-3.0279124,55.0344305],[-3.0281405,55.0342818],[-3.0282856,55.0341718],[-3.0285269,55.0340566],[-3.0288342,55.0339984],[-3.0292687,55.034001],[-3.0296606,55.0340795],[-3.0298159,55.0340953],[-3.030019,55.034114],[-3.0302522,55.0340732],[-3.030418,55.0339387],[-3.030503,55.0337514],[-3.0305297,55.0335833],[-3.0306587,55.0333919],[-3.0309891,55.033255],[-3.031352,55.0331693],[-3.0315806,55.0330532],[-3.0316616,55.0329771],[-3.0317633,55.0328576],[-3.0318101,55.0327313],[-3.0318067,55.0325391],[-3.0318147,55.0324841],[-3.0318005,55.0322318],[-3.0318524,55.031879],[-3.0318899,55.031637],[-3.0320489,55.0314865],[-3.0321717,55.0312779],[-3.0322325,55.0310221],[-3.0323512,55.0308351],[-3.0324692,55.0307361],[-3.03273,55.0306],[-3.0329007,55.0305401],[-3.0330956,55.0304056],[-3.0331604,55.0303609],[-3.0333546,55.0303099],[-3.0337211,55.0302663],[-3.033875,55.0302254],[-3.0339993,55.0301956],[-3.0341552,55.0301125],[-3.0342509,55.0299958],[-3.0342825,55.0299532],[-3.0343126,55.0299027],[-3.0343286,55.0298585],[-3.0343369,55.0298144],[-3.0343827,55.0295893],[-3.0343552,55.0294342]]}},{"type":"Feature","properties":{"admin_level":"4","alt_name":"Liddel Water","boundary":"administrative","name":"England - Scotland","source":"OS_OpenData_Boundary-Line","waterway":"river","osmId":"way/599479104","ukNationBorder":true},"geometry":{"type":"LineString","coordinates":[[-2.9106552,55.0771083],[-2.910808,55.0771459],[-2.9109039,55.0772305],[-2.9111006,55.077478],[-2.9111343,55.0776512],[-2.9111706,55.0777309],[-2.911476,55.0780746],[-2.9117037,55.0782841],[-2.911876,55.0784427],[-2.9121252,55.0786592],[-2.9122337,55.0787465],[-2.9124445,55.0789228],[-2.9126999,55.0789946],[-2.9132689,55.0790793],[-2.9137014,55.0790868],[-2.914177,55.0790626],[-2.9147098,55.0790038],[-2.9151232,55.0789297],[-2.9155481,55.0788141],[-2.9165808,55.0784892],[-2.9169394,55.0783472],[-2.9172204,55.0781707],[-2.9173235,55.0780235],[-2.9173025,55.0778574],[-2.9172057,55.0775274],[-2.9171644,55.0772994],[-2.9170437,55.0769526],[-2.9168464,55.0766099],[-2.9166536,55.0762609],[-2.9166507,55.0761378],[-2.9166606,55.0760227],[-2.9167468,55.0758162],[-2.9169115,55.0755535],[-2.9171428,55.0752606],[-2.9172134,55.0751945],[-2.9174261,55.0749772],[-2.9179964,55.0745757],[-2.9184769,55.0742198],[-2.9195011,55.0735345],[-2.9200091,55.073146],[-2.9202788,55.0729615],[-2.9203931,55.0729063],[-2.9213818,55.0724293],[-2.9215757,55.0723488],[-2.9217404,55.0722936],[-2.9235351,55.0716132],[-2.924176,55.0713558],[-2.9244614,55.0712359],[-2.9246229,55.0711781],[-2.9248663,55.0710738],[-2.9261809,55.0705597],[-2.9263955,55.0704924],[-2.9265746,55.070448],[-2.9267601,55.0704115],[-2.9273891,55.0703204],[-2.927497,55.0703097],[-2.92778,55.0702922],[-2.9280353,55.0702921],[-2.9294411,55.0703434],[-2.9296861,55.0703702],[-2.9300434,55.0704503],[-2.9302403,55.0705018],[-2.9308742,55.0706838],[-2.9311605,55.0707446],[-2.9315558,55.0708404],[-2.9317232,55.0708966],[-2.9319811,55.0710106],[-2.9321997,55.0711167],[-2.9324861,55.0711783],[-2.9325254,55.071187],[-2.9328605,55.0712455],[-2.9333229,55.0712626],[-2.9335967,55.0712569],[-2.9341005,55.071236],[-2.9345671,55.0711641],[-2.9350162,55.0710807],[-2.9352126,55.0710433],[-2.9355241,55.0709662],[-2.9359197,55.0708779],[-2.9365111,55.070717],[-2.9371987,55.0705212],[-2.9376341,55.0703866],[-2.9391202,55.0698485],[-2.9393957,55.0697099],[-2.9404264,55.0691232],[-2.9410694,55.0686958],[-2.9417085,55.0683053],[-2.9420119,55.0680855],[-2.9421677,55.0679172],[-2.9425835,55.0671573],[-2.9426904,55.0669085],[-2.9427577,55.0665053],[-2.9428586,55.0660004],[-2.9429678,55.0656491],[-2.9431158,55.0650845],[-2.9431398,55.0648434],[-2.9431309,55.0645973],[-2.943127,55.0645623],[-2.943055,55.0643031],[-2.9430047,55.0641535],[-2.9428746,55.0638884],[-2.9426833,55.0636104],[-2.9423048,55.0631569],[-2.9417849,55.0626235],[-2.9412555,55.0622124],[-2.9409856,55.0620554],[-2.9409333,55.0620253],[-2.9398702,55.0615009],[-2.9394466,55.0613368],[-2.9387355,55.0610484],[-2.9383233,55.0608712],[-2.9380444,55.0607598],[-2.9377978,55.0606529],[-2.9373872,55.0603294],[-2.9372451,55.0601986],[-2.937237,55.0600288],[-2.9372908,55.0599015],[-2.9375297,55.0596573],[-2.9378094,55.0595587],[-2.9382979,55.0594356],[-2.9390675,55.0592431],[-2.9396766,55.0591126],[-2.9404497,55.0589637],[-2.9406566,55.05891],[-2.9408587,55.0588465],[-2.9411588,55.0587588],[-2.9415758,55.0586513],[-2.9426861,55.0583938],[-2.9429977,55.0583356],[-2.9431877,55.058291],[-2.9434808,55.0582375],[-2.9436645,55.0581948],[-2.9438447,55.0581368],[-2.9445735,55.0578346],[-2.9447189,55.0577625],[-2.9449059,55.0576594],[-2.9449985,55.0576021],[-2.9455915,55.0571266],[-2.9457243,55.0569773],[-2.945986,55.0567209],[-2.9463245,55.0564101],[-2.946545,55.0562673],[-2.9471093,55.0559427]]}},{"type":"Feature","properties":{"admin_level":"4","boundary":"administrative","source":"OS_OpenData_Boundary-Line","name":"England - Scotland","osmId":"way/599479105","ukNationBorder":true},"geometry":{"type":"LineString","coordinates":[[-3.0491275,55.0530431],[-3.0490259,55.0530438],[-3.0488416,55.053045],[-3.0480559,55.0530639],[-3.048013,55.0530878],[-3.0476598,55.0532444],[-3.0473904,55.0533576],[-3.0465572,55.0537077],[-3.044702,55.0545224],[-3.0436088,55.0550152],[-3.0435495,55.0552064],[-3.043414,55.0554507],[-3.0432083,55.055744],[-3.0422657,55.0555855],[-3.041293,55.0554435],[-3.0402207,55.0553138],[-3.0399777,55.0552875],[-3.0396322,55.0552548],[-3.0391712,55.055238],[-3.0388832,55.0552378],[-3.0380034,55.0552647],[-3.0356219,55.0553703],[-3.0347477,55.0554002],[-3.0341702,55.0554105],[-3.033039,55.0553752],[-3.0306088,55.0553473],[-3.0275496,55.0552752],[-3.0264586,55.0552197],[-3.0254834,55.0551605],[-3.0233891,55.0550523],[-3.022558,55.0549946],[-3.0221494,55.0549316],[-3.0211948,55.0548847],[-3.0210582,55.0548697],[-3.020802,55.0548296],[-3.0197622,55.0546928],[-3.0190309,55.0546199],[-3.0137549,55.0540411],[-3.0097692,55.0536015],[-3.0093394,55.0535504],[-3.009049,55.0535192],[-3.0088141,55.0534908],[-3.0079643,55.0533947],[-3.0077916,55.0533813],[-3.0076247,55.0533565],[-3.0071866,55.0533012],[-3.004481,55.0529632],[-3.0039116,55.0529194],[-3.0031975,55.052839],[-3.0022786,55.0527818],[-3.0011012,55.0525804],[-3.0000729,55.0524612],[-2.9986081,55.0523493],[-2.9968699,55.0521963],[-2.994684,55.0520345],[-2.9941178,55.051996],[-2.9932706,55.051936],[-2.9893249,55.0516207],[-2.9852831,55.0513004],[-2.9823688,55.0510507],[-2.9789514,55.0507808],[-2.9728535,55.0502816],[-2.9722857,55.0502303],[-2.9711883,55.0501618],[-2.9687233,55.0501078],[-2.9668866,55.0500793],[-2.9648669,55.0500585],[-2.9646934,55.0500679],[-2.9645508,55.0500646],[-2.964394,55.0500523],[-2.9641662,55.0500163],[-2.9640236,55.0500094],[-2.9636591,55.0499524],[-2.9633129,55.0498681],[-2.9623072,55.0496522],[-2.961779,55.0495984],[-2.9613513,55.0495636],[-2.9610556,55.0495769],[-2.9605903,55.0495979],[-2.9605814,55.0495983],[-2.9604322,55.0495113],[-2.9600308,55.0495702],[-2.9599079,55.049589],[-2.9598814,55.0495937],[-2.9598345,55.0495959],[-2.9597953,55.0495908],[-2.9597399,55.0495706],[-2.9592394,55.0492537],[-2.9591716,55.0492372],[-2.9591136,55.0492295],[-2.9590196,55.0492285],[-2.9588406,55.0492506],[-2.9586935,55.0492688],[-2.9585907,55.0492868]]}},{"type":"Feature","properties":{"admin_level":"4","alt_name":"Liddel Water","boundary":"administrative","name":"England - Scotland","source":"OS OpenData Boundary-Line","waterway":"river","osmId":"way/599588919","ukNationBorder":true},"geometry":{"type":"LineString","coordinates":[[-2.8254995,55.1383077],[-2.8256803,55.1378777],[-2.8259444,55.1372945],[-2.8261178,55.1371082],[-2.8268712,55.1365253],[-2.827016,55.1363984],[-2.8272767,55.1361837],[-2.8279506,55.1357756],[-2.82804,55.1357031],[-2.8281066,55.1356596],[-2.8284961,55.1354592],[-2.8290335,55.1351239],[-2.8293709,55.1349016],[-2.8295273,55.134807],[-2.8297878,55.1346632],[-2.8300297,55.1345215],[-2.8302234,55.1343692],[-2.8304643,55.1342291],[-2.830727,55.1341159],[-2.8311353,55.1339145],[-2.8318673,55.1335087],[-2.831873,55.1335052],[-2.8324649,55.1331389],[-2.8326222,55.1330084],[-2.8327399,55.1329349],[-2.8327785,55.1329049],[-2.8328857,55.132781],[-2.832977,55.1326448],[-2.8330529,55.1324465],[-2.8330494,55.1322785],[-2.8329987,55.1320282],[-2.8329481,55.1318604],[-2.8328281,55.1315925],[-2.8326993,55.1313642],[-2.8325247,55.1311058],[-2.8322983,55.1309357],[-2.8319623,55.1306908],[-2.8317915,55.1306255],[-2.8316506,55.1304854],[-2.8313913,55.130232],[-2.8304651,55.1293567],[-2.8301306,55.1291119],[-2.8295439,55.1286486],[-2.8290283,55.1282909],[-2.8282518,55.1278998],[-2.8271793,55.1273823],[-2.8268814,55.1271552],[-2.8267345,55.1269558],[-2.826705,55.1268149],[-2.8267384,55.1263033],[-2.8267735,55.1261845],[-2.8267803,55.1261387],[-2.82697,55.1256754],[-2.8270589,55.1255778],[-2.8270954,55.1255219],[-2.8271296,55.1254308],[-2.827545,55.1248934],[-2.8276049,55.1248328],[-2.8277514,55.124714],[-2.8279293,55.124596],[-2.8282007,55.1243722],[-2.82859,55.12409],[-2.8287705,55.1239486],[-2.8290835,55.1236886],[-2.8292679,55.1235031],[-2.8294345,55.1233699],[-2.829669,55.1232614],[-2.8300728,55.1229953],[-2.8306335,55.1226635],[-2.8307678,55.1225646],[-2.831438,55.1221395],[-2.8316496,55.1219089],[-2.8319683,55.1217036],[-2.8323725,55.1215382],[-2.8326173,55.1214655],[-2.8335508,55.1213469],[-2.8338826,55.1213123],[-2.8340611,55.121302],[-2.834334,55.1213037],[-2.8354916,55.1213291],[-2.8355278,55.1213315],[-2.8357905,55.1213684],[-2.8359591,55.1214076],[-2.8371613,55.121766],[-2.8378638,55.121914],[-2.8397505,55.1223817],[-2.8402363,55.1225149],[-2.8404472,55.1225522],[-2.8405254,55.1225657],[-2.8406518,55.1225876],[-2.8407162,55.1225925],[-2.8408323,55.1225935],[-2.8409449,55.122582],[-2.841062,55.122556],[-2.8412473,55.1224936],[-2.8414547,55.1223655],[-2.8415164,55.1223183],[-2.8415703,55.1222667],[-2.84194,55.121804],[-2.8421455,55.1215123],[-2.8421798,55.1214287],[-2.8421947,55.1213925],[-2.8422188,55.1212684],[-2.8421827,55.1210475],[-2.8420155,55.1207755],[-2.8419129,55.1206657],[-2.841748,55.1205086],[-2.8414996,55.1203999],[-2.8408022,55.1201135],[-2.8400902,55.1197365],[-2.8399808,55.1196788],[-2.8398713,55.1196167],[-2.8394331,55.1193564],[-2.8390736,55.1191118],[-2.8387122,55.1187755],[-2.8384394,55.1185527],[-2.838297,55.1184161],[-2.8381084,55.1181713],[-2.8380273,55.1179678],[-2.8379813,55.1178693],[-2.8378802,55.1176085],[-2.837914,55.1173441],[-2.8380462,55.1171454],[-2.8381519,55.1170243],[-2.8381718,55.117008],[-2.8382928,55.1169479],[-2.8384565,55.1168973],[-2.8385548,55.116875],[-2.8387516,55.116844],[-2.8387924,55.116841],[-2.8390169,55.1168583],[-2.8392911,55.1169994],[-2.8397556,55.1173161],[-2.8399081,55.117413],[-2.8402775,55.11768],[-2.8407245,55.1179133],[-2.8409514,55.1180438],[-2.8410049,55.1180497],[-2.8411115,55.1180535],[-2.8412725,55.1180218],[-2.841541,55.117967],[-2.8418837,55.117792],[-2.8421777,55.1175259],[-2.84268,55.1172627],[-2.8428856,55.1171948],[-2.8432355,55.1169856],[-2.8436644,55.1167265],[-2.8443977,55.1162614],[-2.8445614,55.1161479],[-2.8447192,55.116039],[-2.8447786,55.1159568],[-2.844817,55.1159215],[-2.8448834,55.1158769],[-2.8449502,55.1158423],[-2.8450418,55.1158076],[-2.8454283,55.1155398],[-2.8456192,55.1153812],[-2.8458144,55.115192],[-2.8459852,55.1150426],[-2.8460946,55.1149502],[-2.8461998,55.114882],[-2.8462827,55.1147988],[-2.8463888,55.1146273],[-2.8464256,55.1144419],[-2.8464613,55.1143528],[-2.8464738,55.1142789],[-2.8464737,55.1141954],[-2.8464581,55.1141254],[-2.8464282,55.1140483],[-2.8463977,55.1138652],[-2.8461829,55.1133464],[-2.8461214,55.113256],[-2.8460143,55.1131553],[-2.8458266,55.1130262],[-2.8454942,55.1128749],[-2.8453627,55.1128102],[-2.845039,55.1126264],[-2.8448138,55.112504],[-2.8446785,55.1124096],[-2.8446226,55.1123597],[-2.8445534,55.1122766],[-2.8445121,55.1120226],[-2.8444953,55.1119742],[-2.8444993,55.1119338],[-2.8445185,55.1118842],[-2.8445369,55.1118607],[-2.8447249,55.1117066],[-2.8448664,55.1115817],[-2.8451968,55.1114867],[-2.8454691,55.1114633],[-2.8457766,55.1114782],[-2.846816,55.1115555],[-2.8470627,55.1115835],[-2.8472794,55.1115999],[-2.8474975,55.1116056],[-2.8476855,55.1116052],[-2.8481083,55.1115789],[-2.8482443,55.1115618],[-2.8484019,55.1115292],[-2.8487308,55.1114397],[-2.8495992,55.1112162],[-2.8497581,55.1111684],[-2.8501129,55.1110473],[-2.8503055,55.1109597],[-2.8503845,55.1109151],[-2.8504927,55.1108425],[-2.8506269,55.1107408],[-2.8507315,55.1106458],[-2.8508158,55.1105562],[-2.8508937,55.1104613],[-2.8510293,55.1102726],[-2.8511184,55.1101209],[-2.8516199,55.1089339],[-2.8516896,55.1088211],[-2.8517308,55.1087678],[-2.8518182,55.1086765],[-2.8519677,55.108555],[-2.8520326,55.1085132],[-2.8520916,55.1084831],[-2.8522207,55.1084364],[-2.8523642,55.1084049],[-2.8524424,55.1083953],[-2.8525206,55.1083894],[-2.852798,55.1083839],[-2.8541662,55.1083734],[-2.8553263,55.1083841],[-2.8565568,55.1083835],[-2.8576997,55.1083609],[-2.8585373,55.1083444]]}},{"type":"Feature","properties":{"admin_level":"4","boundary":"administrative","source":"OS_OpenData_Boundary-Line","waterway":"stream","name":"England - Scotland","osmId":"way/599588996","ukNationBorder":true},"geometry":{"type":"LineString","coordinates":[[-2.7995885,55.1384479],[-2.7997708,55.1384367],[-2.7999832,55.1384261],[-2.8001504,55.13844],[-2.8005518,55.138474],[-2.8008494,55.1385144],[-2.8014593,55.1387709],[-2.8015659,55.1388529],[-2.8016816,55.1388877],[-2.8017712,55.1389263],[-2.8019307,55.138936],[-2.8023046,55.138859],[-2.8023564,55.1387332],[-2.8023596,55.1386113],[-2.8025179,55.1384422],[-2.8027172,55.1383708],[-2.8029916,55.1382854],[-2.8031674,55.1382133],[-2.803387,55.1380617],[-2.8036577,55.1377904],[-2.8037811,55.1376844],[-2.8038712,55.1376407],[-2.8043298,55.1375163],[-2.8053046,55.1373886],[-2.8056738,55.1373421],[-2.8059796,55.1373347],[-2.8063131,55.1373056],[-2.8064023,55.1372924],[-2.8065554,55.1372662],[-2.8067396,55.1372228],[-2.8071784,55.1370416],[-2.8071909,55.1370364],[-2.807392,55.1369794],[-2.8080499,55.1369337],[-2.8083591,55.1369911],[-2.8087836,55.1370699],[-2.80909,55.1370957],[-2.8093428,55.1371048],[-2.8095844,55.1371041],[-2.809618,55.137098],[-2.8096577,55.1370909],[-2.8098375,55.1370584],[-2.8101966,55.1368979],[-2.8104782,55.1367854],[-2.8105058,55.1367783],[-2.8108309,55.1366951],[-2.8111441,55.1366651],[-2.8113429,55.1366485],[-2.8115571,55.1366418],[-2.8116468,55.136639],[-2.8117803,55.1366348],[-2.8119178,55.1366115],[-2.8119865,55.1365921],[-2.8122119,55.1364917],[-2.8123558,55.1363937],[-2.812636,55.1362113],[-2.812773,55.1361618],[-2.8130049,55.1361513],[-2.8132049,55.1361859],[-2.81333,55.1362444],[-2.813408,55.1362987],[-2.8134714,55.1364088],[-2.8135509,55.1367731],[-2.813549,55.1368288],[-2.8135503,55.1368926],[-2.8136603,55.1369799],[-2.8138766,55.1370522],[-2.8139397,55.1370715],[-2.8141756,55.137096],[-2.8144038,55.1371376],[-2.8148891,55.1373177],[-2.8150774,55.1374737],[-2.8151798,55.1375737],[-2.8152741,55.1376575],[-2.8154494,55.1377156],[-2.8155095,55.1377395],[-2.8158074,55.137813],[-2.8161222,55.137863],[-2.8166971,55.1378996],[-2.8169369,55.1378926],[-2.8171396,55.1378337],[-2.8173233,55.1377669],[-2.8174806,55.1376457],[-2.8174964,55.1376336],[-2.8177083,55.1374156],[-2.8178531,55.1373625],[-2.8180999,55.1373869],[-2.818402,55.137508],[-2.8185418,55.1375951],[-2.8187455,55.1377348],[-2.8189416,55.1380648],[-2.8190168,55.1381913],[-2.8191428,55.1383721],[-2.8193138,55.1384455],[-2.8195796,55.1384805],[-2.8197299,55.1384687],[-2.8199522,55.1384457],[-2.8201304,55.1383817],[-2.8204646,55.1382616],[-2.8207464,55.1381581],[-2.8210908,55.138128],[-2.8212005,55.1381201],[-2.8212993,55.1381212],[-2.8218425,55.1382154],[-2.8219462,55.1382228],[-2.8223629,55.1382003],[-2.8225763,55.1381234],[-2.8228902,55.1379765],[-2.8230803,55.1379222],[-2.8232856,55.1379092],[-2.8233045,55.1379099],[-2.823868,55.1380796],[-2.8242165,55.1381698],[-2.8250423,55.1382747],[-2.8252444,55.1382893],[-2.8254995,55.1383077]]}},{"type":"Feature","properties":{"admin_level":"4","boundary":"administrative","name":"England - Scotland","source":"OS_OpenData_Boundary-Line","waterway":"stream","osmId":"way/599966516","ukNationBorder":true},"geometry":{"type":"LineString","coordinates":[[-2.6898096,55.1889848],[-2.6898876,55.1888583],[-2.6899149,55.1887382],[-2.6899344,55.1886413],[-2.6899288,55.1885869],[-2.6898905,55.1885035],[-2.689891,55.1884385],[-2.6898896,55.1884073],[-2.6898965,55.1883784],[-2.6899121,55.1883426],[-2.6899556,55.1883118],[-2.6900038,55.1882819],[-2.690071,55.1882564],[-2.6902276,55.1882285],[-2.6902821,55.1882067],[-2.6903288,55.1881812],[-2.6903645,55.1881559],[-2.6904246,55.1880917],[-2.6905174,55.1880247],[-2.6909277,55.1878317],[-2.6909661,55.1877764],[-2.6910793,55.1875926],[-2.6911784,55.1873551],[-2.6911388,55.1872875],[-2.6911833,55.1872479],[-2.6913025,55.1872194],[-2.691457,55.1871876],[-2.691497,55.1871466],[-2.6915279,55.1870404],[-2.6917153,55.1868938],[-2.6918164,55.1868329],[-2.6918795,55.1868187],[-2.6919362,55.1867829],[-2.6920161,55.1867441],[-2.6920728,55.1867118],[-2.6921218,55.1866774],[-2.6921793,55.1866423],[-2.6922845,55.1865822],[-2.6924386,55.1864975],[-2.6926904,55.1863953],[-2.6927888,55.1863201],[-2.6928476,55.186233],[-2.6928676,55.1861233],[-2.6928892,55.1860842],[-2.6929112,55.1860409],[-2.6929553,55.1859973],[-2.6929891,55.1859417],[-2.6930004,55.1859111],[-2.6930369,55.1858757],[-2.6930251,55.1858277],[-2.6930592,55.1858007],[-2.6931031,55.185777],[-2.6931594,55.1857614],[-2.6932124,55.1857442],[-2.6933146,55.1857152],[-2.6934191,55.1856522],[-2.6934733,55.185566],[-2.6934745,55.1854868],[-2.693456,55.1854216],[-2.6935202,55.1852971],[-2.6936053,55.1852416],[-2.6936525,55.1851924],[-2.6936236,55.1850615],[-2.6936545,55.1847539],[-2.6937267,55.1846086],[-2.6938106,55.1844646],[-2.6941021,55.1843586],[-2.6943215,55.1842413],[-2.6945579,55.1837146],[-2.6947156,55.1834952],[-2.6950122,55.1832023],[-2.6952644,55.1829053],[-2.6953413,55.1828096],[-2.6953954,55.1827616],[-2.6954964,55.182686],[-2.6956572,55.1826292],[-2.6957854,55.1826071],[-2.6959104,55.1825682],[-2.6961544,55.182423],[-2.696276,55.1823473],[-2.6963954,55.1822561],[-2.6964377,55.1821747],[-2.6964511,55.1820438],[-2.6964642,55.1819506],[-2.6965469,55.1818491],[-2.6965906,55.1817637],[-2.6966156,55.1816663],[-2.696533,55.1815166],[-2.6965124,55.1814069],[-2.6965085,55.1813572],[-2.6965206,55.1813201],[-2.6965955,55.1812341],[-2.6967206,55.1811653],[-2.6968981,55.1811053],[-2.6971277,55.181008],[-2.6973831,55.1809488],[-2.6975325,55.1809181],[-2.6976767,55.1808613],[-2.6977285,55.1808248],[-2.6977666,55.1807584],[-2.6977594,55.1806663],[-2.6975748,55.1804901],[-2.6975392,55.1804328],[-2.6975144,55.1803628],[-2.6975138,55.1802406],[-2.697536,55.1801605],[-2.6976984,55.179925],[-2.6979092,55.1796857],[-2.6981792,55.1794964],[-2.6983239,55.1794165],[-2.6984045,55.1793621],[-2.6984757,55.1793042],[-2.6985298,55.1792508],[-2.6985665,55.1791958],[-2.6985982,55.1791282],[-2.698691,55.1790356],[-2.6988903,55.1788011],[-2.6991831,55.1783814],[-2.6993735,55.1782027],[-2.699539,55.178147],[-2.699651,55.1780906],[-2.6997511,55.1780499],[-2.6998407,55.1779914],[-2.6999042,55.1779372],[-2.6999538,55.1778582],[-2.6999751,55.1777543],[-2.6998769,55.1776492],[-2.6998021,55.1775104],[-2.6998075,55.177342],[-2.6998081,55.1772416],[-2.6996912,55.1770668],[-2.6996977,55.1769949],[-2.6997197,55.1769157],[-2.6997299,55.1768581],[-2.6998452,55.1767698],[-2.7000743,55.1766894],[-2.7001399,55.1765988],[-2.7002628,55.1765336],[-2.7004442,55.176498],[-2.7006349,55.1763744],[-2.7006847,55.1762568],[-2.7006401,55.1760962],[-2.7006305,55.1759912],[-2.7007412,55.1758801],[-2.7008206,55.1757833],[-2.700878,55.1754397],[-2.7009636,55.1753875],[-2.7011443,55.1753389],[-2.7016301,55.1751909],[-2.7017184,55.175164],[-2.7019883,55.1750499],[-2.7022241,55.1749167],[-2.7024225,55.1747591],[-2.7026178,55.1745982],[-2.7027904,55.1744287],[-2.7029061,55.1742505],[-2.7029496,55.1741283],[-2.7029928,55.1739894],[-2.7031449,55.1737895],[-2.7032421,55.1736335],[-2.7033263,55.1735059],[-2.7033545,55.1734025],[-2.7033508,55.1732972],[-2.7033995,55.1732084],[-2.7035803,55.1731283],[-2.7036552,55.1731036],[-2.7038179,55.1730721],[-2.703912,55.1730689],[-2.7041712,55.1730755],[-2.7043266,55.1730737],[-2.7044768,55.173045],[-2.7047061,55.1729609],[-2.7048801,55.1728593],[-2.7050076,55.1726968],[-2.7051505,55.1724336],[-2.7052923,55.1723699],[-2.7054641,55.1723212],[-2.7056483,55.1722599],[-2.7057502,55.1722468],[-2.7060464,55.1723088],[-2.706186,55.1723926],[-2.7063671,55.1724194],[-2.7067283,55.1724272],[-2.7069728,55.1724042],[-2.707124,55.1723403],[-2.7073501,55.1721602],[-2.7075503,55.1720179],[-2.7075982,55.1720002],[-2.7077256,55.1720129],[-2.7077822,55.1720317],[-2.7078723,55.1720679],[-2.7079509,55.1721026],[-2.7080352,55.1721354],[-2.70817,55.1721851],[-2.7082805,55.1722186],[-2.7085215,55.1722684],[-2.7092273,55.1722248],[-2.709776,55.1721821],[-2.7103548,55.1720583],[-2.7108286,55.1719549],[-2.7111871,55.1718971],[-2.7115677,55.1718499],[-2.7118675,55.1718392],[-2.7120847,55.1718748],[-2.7130744,55.1720838],[-2.7133672,55.1721252],[-2.7136817,55.1721526],[-2.7138623,55.1721244],[-2.713956,55.1720472],[-2.7141443,55.1718609],[-2.7142498,55.1717893],[-2.714507,55.1716854],[-2.7148856,55.1716148],[-2.7153818,55.1716182],[-2.715551,55.1716046],[-2.7157172,55.1715875],[-2.7160642,55.1715001],[-2.7162235,55.1714524],[-2.716447,55.1713118],[-2.7166604,55.1712171],[-2.7169135,55.1711483],[-2.7174624,55.1711118],[-2.7177156,55.1710564],[-2.7179712,55.1709497],[-2.7183662,55.1708252],[-2.7188884,55.1707053],[-2.7196867,55.1704867],[-2.7199366,55.1704152],[-2.7200856,55.1703226],[-2.7201659,55.1702493],[-2.7202296,55.170125],[-2.7203189,55.1699402],[-2.7203417,55.1698996],[-2.7203786,55.1698545],[-2.7204638,55.169792],[-2.7205603,55.1697464],[-2.7206615,55.1697018],[-2.7208863,55.1696277],[-2.7211618,55.1695794],[-2.7214544,55.1695218],[-2.7216763,55.1695006],[-2.7220087,55.1695289],[-2.7223656,55.1694846],[-2.7226361,55.1694241],[-2.7229264,55.1693263],[-2.723009,55.1692952],[-2.7233529,55.1691216],[-2.7235695,55.1690403],[-2.7241662,55.1689173],[-2.7245058,55.168774],[-2.7246724,55.1687334],[-2.7249497,55.1686904],[-2.7251365,55.16868],[-2.7253197,55.1686898],[-2.7257109,55.1687154],[-2.7261416,55.1687052],[-2.7266459,55.1686932],[-2.7269677,55.1686791],[-2.7272329,55.168672],[-2.7274631,55.1686394],[-2.7276367,55.1685875],[-2.7279859,55.1685101],[-2.728727,55.1683742],[-2.7291279,55.168358],[-2.7294388,55.1683096],[-2.7296163,55.1682498],[-2.7297199,55.1681929],[-2.7298359,55.168138],[-2.7300559,55.1680715],[-2.7302803,55.1679857],[-2.7306981,55.1678188],[-2.7314658,55.1675698],[-2.7318305,55.1675081],[-2.7323686,55.167319],[-2.7329677,55.167109],[-2.7332523,55.1669744],[-2.7334752,55.1668482],[-2.7337717,55.1667031],[-2.7338948,55.1665712],[-2.7339308,55.1663131],[-2.7339415,55.1661487],[-2.7339298,55.1659986],[-2.7340175,55.1658201],[-2.7341251,55.1657555],[-2.7342482,55.1657315],[-2.734515,55.1657104],[-2.7349096,55.1656755],[-2.7350638,55.1656144],[-2.7351399,55.1655448],[-2.735206,55.1653941],[-2.7351966,55.1652306],[-2.7351738,55.165088],[-2.7351027,55.1649401],[-2.7349313,55.1648269],[-2.734934,55.1645411],[-2.7349651,55.1644865],[-2.7349855,55.164415],[-2.7351238,55.1644116],[-2.735354,55.1645701],[-2.7355464,55.164622],[-2.7356774,55.1645763],[-2.7357415,55.1644797],[-2.7358979,55.1643638],[-2.7359878,55.1642958],[-2.7360744,55.1642398],[-2.7359651,55.1641716],[-2.7357127,55.1640186],[-2.7356132,55.1639206],[-2.7356184,55.1638524],[-2.735821,55.1637432],[-2.7362424,55.1634932],[-2.7363704,55.1634692],[-2.7365439,55.1634843],[-2.7369414,55.1635748],[-2.7371157,55.1635309],[-2.7372196,55.1634337],[-2.7371618,55.1633126],[-2.7370978,55.1632054],[-2.7371406,55.1631262],[-2.7372583,55.163058],[-2.7373747,55.1629952],[-2.7374827,55.1629236],[-2.7376089,55.1628289],[-2.7377564,55.1627441],[-2.7378976,55.1627171],[-2.7380335,55.1627223],[-2.7382194,55.1627561],[-2.7384617,55.1627685],[-2.738855,55.1627374],[-2.7393417,55.1627399],[-2.739767,55.1627346],[-2.7399124,55.1627215],[-2.740225,55.1626067],[-2.7405628,55.1624665],[-2.7406955,55.16241],[-2.7408706,55.1623392],[-2.741412,55.1621486],[-2.7415016,55.1620567],[-2.7414753,55.1619682],[-2.7413212,55.1617375],[-2.7411547,55.1616211],[-2.7410658,55.1615824],[-2.7409269,55.1615626],[-2.7407921,55.1615637],[-2.7406377,55.1615251],[-2.7406097,55.1614596],[-2.7406506,55.1613776],[-2.7407637,55.1613006],[-2.7412998,55.1611778],[-2.7416275,55.1611615],[-2.7417531,55.1611652],[-2.7421347,55.1611701],[-2.7423558,55.161157],[-2.7426594,55.1611111],[-2.7427687,55.1610817],[-2.7429141,55.1610457],[-2.7430678,55.1609604],[-2.7432211,55.1607671],[-2.7432493,55.1605917],[-2.7433292,55.1604151],[-2.7434616,55.1602759],[-2.7436078,55.160036],[-2.7436669,55.1599242],[-2.7437279,55.1598131],[-2.7437978,55.1597478],[-2.7439124,55.1596953],[-2.7440198,55.159677],[-2.744115,55.1597121],[-2.7441768,55.1597926],[-2.7442101,55.1598707],[-2.7443103,55.1599975],[-2.7444072,55.1600643],[-2.7446674,55.1602147],[-2.7448458,55.1602702],[-2.7451457,55.1602719],[-2.7452421,55.16023],[-2.7453272,55.1601566],[-2.745375,55.1600073],[-2.7454078,55.1598513],[-2.7454703,55.1597568],[-2.7454864,55.1595221],[-2.7454933,55.1594781],[-2.7455337,55.1591983],[-2.7456469,55.158708],[-2.7457999,55.1584958],[-2.7460696,55.1583163],[-2.7463016,55.158216],[-2.746469,55.1581844],[-2.746805,55.1581895],[-2.7471334,55.1582181],[-2.7476575,55.1582121],[-2.7480883,55.1582544],[-2.7483129,55.1582557],[-2.7485008,55.1582357],[-2.7485992,55.1582118],[-2.7487597,55.1581373],[-2.7489212,55.15802],[-2.7489782,55.1579331],[-2.7489946,55.1578253],[-2.7489562,55.1577252],[-2.7488283,55.1576623],[-2.7487574,55.1575738],[-2.7486935,55.1575516],[-2.7486661,55.1575016],[-2.7486682,55.1573918],[-2.7487101,55.1573245],[-2.7488313,55.1572653],[-2.7489745,55.1572319],[-2.7491556,55.1572521],[-2.7493722,55.1573649],[-2.7496254,55.1574452],[-2.7498376,55.1574628],[-2.750046,55.1574454],[-2.750276,55.1574089],[-2.7504813,55.1573397],[-2.750682,55.1572985],[-2.7508531,55.157222],[-2.7509306,55.1571658],[-2.75092,55.1571048],[-2.7508577,55.1570441],[-2.7506138,55.1569305],[-2.7504692,55.1568308],[-2.7504832,55.1567418],[-2.7506386,55.1566581],[-2.7509308,55.1565889],[-2.7511892,55.1564795],[-2.7514264,55.1564062],[-2.7515879,55.1563998],[-2.7518315,55.1564962],[-2.7519228,55.1565989],[-2.7520924,55.1566868],[-2.7522938,55.1567189],[-2.7525105,55.1567221],[-2.7527353,55.156664],[-2.7528644,55.1565958],[-2.7530341,55.1565603],[-2.7532244,55.1565442],[-2.7533644,55.156531],[-2.7534638,55.1565713],[-2.7535147,55.1566354],[-2.7536306,55.1566832],[-2.7538463,55.1566483],[-2.7540204,55.156594],[-2.7542594,55.156509],[-2.754372,55.1563987],[-2.7543989,55.1563302],[-2.754362,55.1562882],[-2.7541477,55.1562383],[-2.7540391,55.1561402],[-2.7539477,55.1560329],[-2.7539225,55.1559459],[-2.7539447,55.1558482],[-2.7540065,55.1557878],[-2.7543147,55.1556929],[-2.7545664,55.15564],[-2.7547697,55.155601],[-2.7552199,55.1555964],[-2.7554706,55.1555733],[-2.7557186,55.1554945],[-2.7562312,55.1552918],[-2.7566158,55.1551376],[-2.7571737,55.1549301],[-2.7574625,55.154851],[-2.7577287,55.1548188],[-2.7580402,55.1548609],[-2.7582321,55.1548529],[-2.7583731,55.1548281],[-2.7586835,55.1547702],[-2.759262,55.1547594],[-2.75969,55.1547949],[-2.760102,55.1548244],[-2.7602675,55.1547976],[-2.7603739,55.1547386],[-2.7604433,55.1546374],[-2.760425,55.1544983],[-2.7603614,55.1543755],[-2.7602659,55.1543033],[-2.7602384,55.1541795],[-2.7603087,55.1540002],[-2.7604334,55.1538665],[-2.7605425,55.1538281],[-2.7608225,55.1536969],[-2.7609152,55.1536191],[-2.7610083,55.1535673],[-2.761179,55.1534655],[-2.7614391,55.1533624],[-2.7617658,55.1532929],[-2.7623913,55.1532657],[-2.7627787,55.1531716],[-2.7629982,55.1530785],[-2.7637229,55.1528979],[-2.7646345,55.1528103],[-2.7652105,55.1527322],[-2.7654917,55.1526666],[-2.7656827,55.1525603],[-2.7658077,55.1524534],[-2.7660203,55.1521636],[-2.7661095,55.1520705],[-2.7663166,55.1519021],[-2.7664767,55.1517393],[-2.7665892,55.1515799],[-2.7666162,55.1514539],[-2.7665961,55.1513477],[-2.7665009,55.1512838],[-2.7662947,55.1513114],[-2.7661569,55.1512669],[-2.7660654,55.1511578],[-2.7660343,55.1510897],[-2.7660532,55.151015],[-2.7661587,55.1509505],[-2.7662525,55.1509292],[-2.7663515,55.1509376],[-2.7666608,55.1510301],[-2.7668121,55.151066],[-2.7673493,55.1510985],[-2.7676363,55.151085],[-2.7680123,55.1510293],[-2.7681495,55.151009],[-2.768945,55.1508422],[-2.769172,55.150733],[-2.7693923,55.1506425],[-2.7695516,55.1505067],[-2.7696682,55.1503715],[-2.7697655,55.1501002],[-2.7698575,55.1499845],[-2.7700541,55.1499276],[-2.7704181,55.1499253],[-2.7707357,55.1498784],[-2.770981,55.1498211],[-2.7712559,55.1496756],[-2.7713696,55.1496308],[-2.7714386,55.1496286],[-2.7718536,55.1496745],[-2.7721898,55.149694],[-2.7724688,55.1496751],[-2.7727253,55.1496312],[-2.7731296,55.1495253],[-2.7735733,55.1494219],[-2.7742975,55.1493867],[-2.7744512,55.1493717],[-2.7746326,55.1493541],[-2.7749138,55.1492866],[-2.7750629,55.1492272],[-2.7752215,55.149128],[-2.7751992,55.1489678],[-2.7751124,55.1488772],[-2.7749578,55.14879],[-2.7747429,55.1486913],[-2.7746032,55.1485751],[-2.7747316,55.1484626],[-2.7748261,55.1483484],[-2.7748669,55.1482479],[-2.7749806,55.1481189],[-2.7752856,55.1479929],[-2.7758678,55.1478347],[-2.7766553,55.1476607],[-2.7769112,55.1475793],[-2.7770327,55.1475406],[-2.7774241,55.1474212],[-2.777727,55.1472639],[-2.7780031,55.1470985],[-2.7782477,55.1470125],[-2.7783508,55.1469822],[-2.7784648,55.1469599],[-2.7785619,55.1469467],[-2.7786201,55.1469403],[-2.7791647,55.1468809],[-2.7792893,55.146837],[-2.7793968,55.1467932],[-2.7794542,55.1467649],[-2.7795162,55.146724],[-2.7795781,55.146676],[-2.7796272,55.1466227],[-2.7796668,55.1465614],[-2.779701,55.1464658],[-2.7797193,55.1464361],[-2.7797467,55.1463973],[-2.7798496,55.146278],[-2.7800033,55.1461989],[-2.7805495,55.1460471],[-2.7807057,55.1460101],[-2.7810401,55.1459406],[-2.7811882,55.1459179],[-2.7812418,55.1459097],[-2.7816203,55.1458471],[-2.7818621,55.1457771],[-2.7819751,55.1456947],[-2.7823567,55.1453166],[-2.7826298,55.1450803],[-2.7829782,55.1448435],[-2.7830822,55.1447045],[-2.7832073,55.1444458],[-2.7832593,55.1441381],[-2.7834397,55.1439752],[-2.783792,55.1437664],[-2.7839624,55.1436654],[-2.7841009,55.1436204],[-2.7841789,55.1435455],[-2.7842174,55.1434673],[-2.7842144,55.143353],[-2.7841776,55.1432777],[-2.7841485,55.143178],[-2.7841147,55.1430802],[-2.7840532,55.1429607],[-2.7840638,55.1428389],[-2.7840791,55.1427503],[-2.7841352,55.1426146],[-2.7842101,55.1424842],[-2.7843286,55.1422995],[-2.7844913,55.1421202],[-2.7848198,55.1418853],[-2.784942,55.1418252],[-2.7850555,55.1417309],[-2.7854399,55.141651],[-2.7856417,55.141621],[-2.7859238,55.1416111],[-2.7864314,55.14165],[-2.7871,55.1416637],[-2.7874673,55.1416748],[-2.7876988,55.1416791],[-2.7879392,55.1417002],[-2.788275,55.1417539],[-2.7883591,55.1417675],[-2.7884225,55.141766],[-2.788549,55.1417708],[-2.7887432,55.1417439],[-2.7889538,55.1417483],[-2.789387,55.1417308],[-2.7896829,55.1416905],[-2.789958,55.1416384],[-2.7901154,55.1415836],[-2.7902162,55.1415357],[-2.7903169,55.141464],[-2.7905194,55.1413198],[-2.7906119,55.1412375],[-2.7906666,55.1411437],[-2.7906802,55.1409629],[-2.790701,55.140756],[-2.7907025,55.1407408],[-2.7907214,55.1405853],[-2.7907487,55.1402966],[-2.7906808,55.140121],[-2.7906655,55.1400626],[-2.7906383,55.1399568],[-2.790659,55.1398884],[-2.7907102,55.1398629],[-2.7908384,55.1398378],[-2.7908856,55.1398411],[-2.7909721,55.1398567],[-2.7910525,55.1398786],[-2.7911474,55.1399157],[-2.7913441,55.1400232],[-2.7915326,55.1401191],[-2.7917377,55.1401779],[-2.7920213,55.1402381],[-2.7923234,55.1402837],[-2.7926922,55.1402903],[-2.7928015,55.1402644],[-2.7928542,55.1402344],[-2.7929269,55.1401828],[-2.7929901,55.1401195],[-2.7931333,55.1399082],[-2.7932396,55.1397314],[-2.7933193,55.1396374],[-2.7933923,55.1396019],[-2.7934548,55.1395916],[-2.7935146,55.1395984],[-2.7935351,55.1396037],[-2.7938156,55.1397438],[-2.7938692,55.1397623],[-2.7939196,55.1397727],[-2.794093,55.1398156],[-2.7943738,55.1398907],[-2.7945628,55.1398841],[-2.7948897,55.1397501],[-2.7949997,55.1396498],[-2.7950605,55.1396306],[-2.7954983,55.1393276],[-2.7956085,55.1392675],[-2.7958746,55.1391607],[-2.7963597,55.1390218],[-2.7968382,55.1388623],[-2.7970475,55.1388169],[-2.7971351,55.1388046],[-2.7974958,55.138796],[-2.7975975,55.138789],[-2.7979889,55.1387478],[-2.7982217,55.138705],[-2.7982576,55.1386959],[-2.7988554,55.1385436],[-2.7992792,55.1384769],[-2.7995885,55.1384479]]}},{"type":"Feature","properties":{"admin_level":"4","boundary":"administrative","source":"OS OpenData Boundary-Line","name":"England - Scotland","osmId":"way/606154081","ukNationBorder":true},"geometry":{"type":"LineString","coordinates":[[-2.5193989,55.3233231],[-2.5209922,55.3224974],[-2.5238793,55.3221045],[-2.5256512,55.3218061],[-2.5281056,55.3224087],[-2.5295658,55.3225707],[-2.5307251,55.3226992],[-2.5334344,55.321965],[-2.5358463,55.321221],[-2.5365105,55.3210118],[-2.537362,55.3208346],[-2.539113,55.3204843],[-2.5416835,55.3198401],[-2.543335,55.3194605],[-2.544294,55.3182587],[-2.5454308,55.3180034],[-2.5468138,55.3176928],[-2.5471654,55.3176491],[-2.5486082,55.3173207],[-2.5505287,55.3157273],[-2.5520498,55.3160897],[-2.5548032,55.3167614],[-2.5555256,55.3169102],[-2.556844,55.3173554],[-2.5585806,55.3179419],[-2.5591654,55.3176688],[-2.5594631,55.3172261],[-2.5593862,55.3170062],[-2.559169,55.3165741],[-2.5592845,55.3162725],[-2.5593162,55.3158357],[-2.5591755,55.3151336],[-2.5589927,55.3149098],[-2.5588884,55.3146605],[-2.5587584,55.3146081],[-2.558509,55.3145733],[-2.5584073,55.3145126],[-2.5581849,55.3142737],[-2.5581818,55.3140518],[-2.5578331,55.3139024],[-2.557461,55.3135438],[-2.5572652,55.3132886],[-2.5571343,55.3127222],[-2.5568993,55.3124797],[-2.557083,55.3119838],[-2.5572503,55.3118914],[-2.5572966,55.311822],[-2.5572832,55.3117681],[-2.5570886,55.3117079],[-2.557084,55.3116046],[-2.5579174,55.3109295],[-2.5584069,55.3104465],[-2.5590688,55.3102395],[-2.5592672,55.3101191],[-2.5593516,55.3099615],[-2.559551,55.3098995],[-2.5596245,55.3098767],[-2.5599121,55.3095394],[-2.5599577,55.309486],[-2.5599919,55.3088955],[-2.560044,55.3087874],[-2.5601437,55.3087088],[-2.5616883,55.3080916],[-2.5630101,55.3077629],[-2.5636026,55.3074466],[-2.5643288,55.3068897],[-2.5652083,55.3059286],[-2.5655661,55.3050553],[-2.5657498,55.3043491],[-2.5663415,55.3033157],[-2.5682143,55.3026501],[-2.569138,55.3021806],[-2.5702503,55.3016153],[-2.5707465,55.3014036],[-2.5723791,55.3009134],[-2.5736987,55.3007814],[-2.5735901,55.2996129],[-2.573384,55.298071],[-2.5733573,55.2968796],[-2.5736348,55.2967902],[-2.5739546,55.2965767],[-2.5745664,55.2964102],[-2.5749011,55.2962532],[-2.5750455,55.2962211],[-2.575439,55.296203],[-2.5757743,55.2960855],[-2.5765902,55.2954437],[-2.5770577,55.2952079],[-2.5774151,55.2948782],[-2.577714,55.294751],[-2.5782161,55.2946219],[-2.5786413,55.2944069],[-2.5795147,55.2941494],[-2.5799096,55.2941241],[-2.5802105,55.2940194],[-2.5806168,55.2940201],[-2.5810441,55.2938402],[-2.5820212,55.2936765],[-2.5825688,55.2935391],[-2.5829806,55.2934868],[-2.5830887,55.2934503],[-2.583305,55.293275],[-2.5835085,55.2931913],[-2.5855806,55.2926395],[-2.5866183,55.2924198],[-2.5892605,55.2917682],[-2.5902849,55.2914011],[-2.5941091,55.2899044],[-2.595039,55.2892034],[-2.5959338,55.2886006],[-2.5983722,55.2872129],[-2.598582,55.2871363],[-2.5986909,55.2870527],[-2.5990989,55.2869061],[-2.6003107,55.2864386],[-2.6005396,55.2863383],[-2.6008,55.2862675],[-2.6010361,55.2861777],[-2.6011663,55.2860889],[-2.6013461,55.2860097],[-2.6014558,55.2859836],[-2.6016596,55.2859257],[-2.6018968,55.2858165],[-2.6025674,55.2856106],[-2.6029585,55.2855857],[-2.6031567,55.2855698],[-2.6033531,55.2855407],[-2.6039425,55.2856425],[-2.604124,55.2856169],[-2.6042551,55.2855822],[-2.6043983,55.2855126],[-2.6046062,55.285496],[-2.6049271,55.2854816],[-2.6052205,55.2854119],[-2.6056632,55.2851697],[-2.6063338,55.2848294],[-2.6068578,55.2845481],[-2.6071156,55.2842833],[-2.6075089,55.2840906],[-2.6077106,55.284002],[-2.6080268,55.283777],[-2.608266,55.2836441],[-2.6084984,55.2835498],[-2.6088765,55.283439],[-2.6091582,55.2833117],[-2.6096172,55.2829985],[-2.609888,55.2825668],[-2.6104519,55.2818676],[-2.6104159,55.2817779],[-2.6106381,55.2814839],[-2.6108466,55.2813211],[-2.6110073,55.2809213],[-2.6112205,55.2807772],[-2.6117942,55.2803894],[-2.6119558,55.2801519],[-2.6120484,55.2799285],[-2.6122053,55.2797966],[-2.6132405,55.2793475],[-2.6133713,55.2792498],[-2.6139638,55.2783898],[-2.6157164,55.2777133],[-2.6164899,55.2772284],[-2.6167112,55.2771823],[-2.6168654,55.2771816],[-2.6170172,55.2771215],[-2.6171094,55.2769799],[-2.6171211,55.2767211],[-2.6172395,55.2763323],[-2.6173226,55.2762236],[-2.6175712,55.2758984],[-2.6182884,55.2753583],[-2.6184148,55.2749839],[-2.6187328,55.2747828],[-2.6194889,55.2744177],[-2.6195997,55.2743324],[-2.6196919,55.2742614],[-2.6200209,55.2740079],[-2.6201238,55.2738483],[-2.6202861,55.2737577],[-2.621,55.2734907],[-2.621236,55.2734024],[-2.6217314,55.2731788],[-2.6221313,55.2730824],[-2.6222183,55.2730083],[-2.6222636,55.2725857],[-2.6224837,55.2723716],[-2.6227525,55.2721513],[-2.6234847,55.2719572],[-2.623276,55.2714256],[-2.6232762,55.2712129],[-2.6232084,55.2702126],[-2.6232406,55.2699242],[-2.6233104,55.2698516],[-2.6235759,55.2696376],[-2.623782,55.2695655],[-2.6247886,55.2692097],[-2.6251605,55.2689847],[-2.6257775,55.268806],[-2.625967,55.2686556],[-2.6265773,55.2684598],[-2.6281852,55.2679276],[-2.6279372,55.267619],[-2.6274303,55.2667739],[-2.6270616,55.265941],[-2.6270136,55.2658326],[-2.6267962,55.2653415],[-2.6266739,55.2650653],[-2.6264244,55.2645702],[-2.6262216,55.2642996],[-2.6266584,55.2641113],[-2.6266843,55.2632935],[-2.6267073,55.2625677],[-2.6266278,55.2622249],[-2.6278522,55.2620427],[-2.6295864,55.2617573],[-2.6300186,55.2616861],[-2.6300615,55.2616442],[-2.6324917,55.2615023],[-2.632948,55.2614787],[-2.633124,55.2614696],[-2.6331915,55.2614661],[-2.6332654,55.2613843],[-2.6332782,55.2613325],[-2.6334617,55.2613352],[-2.6345336,55.2613504],[-2.634728,55.2612377],[-2.6349961,55.2611825],[-2.6358042,55.2611036],[-2.6364795,55.2610948],[-2.6377503,55.2611072],[-2.6380502,55.2611102],[-2.6390718,55.2611321],[-2.6398596,55.2608741],[-2.6402663,55.2607838],[-2.640698,55.2606898],[-2.6409773,55.2609655],[-2.6419648,55.2607342],[-2.6432275,55.2605347],[-2.6443455,55.2602944],[-2.6454279,55.2600492],[-2.6458597,55.260008],[-2.6468899,55.2600626],[-2.6469468,55.2599655],[-2.6461108,55.2595845],[-2.6443476,55.2586661],[-2.6431177,55.2580118],[-2.6421562,55.2575327],[-2.6409797,55.2569367],[-2.6399563,55.2563798],[-2.6388445,55.2563239],[-2.6382584,55.2560576],[-2.6358979,55.2551456],[-2.6347955,55.2546956],[-2.6336037,55.2541199],[-2.6332354,55.2538647],[-2.6321859,55.2531079],[-2.6311345,55.2524503],[-2.6303706,55.2519959],[-2.6294914,55.2513121],[-2.6290808,55.2511121],[-2.627647,55.2505677],[-2.6263632,55.250146],[-2.6255028,55.2498634],[-2.6240828,55.2494897],[-2.623667,55.2494568],[-2.6229779,55.2494504],[-2.6217573,55.2491511],[-2.6208983,55.2491447],[-2.6206178,55.2491111],[-2.6199575,55.2489311],[-2.6189964,55.2487285],[-2.6176166,55.2483041],[-2.6167728,55.2482626],[-2.6153382,55.248259],[-2.6148083,55.2481691],[-2.6134223,55.247849],[-2.6120072,55.2476818],[-2.6117242,55.247588],[-2.6116145,55.2475148],[-2.6114758,55.2472873],[-2.611445,55.2471293],[-2.6115678,55.2470917],[-2.611755,55.2470343],[-2.6121497,55.2468247],[-2.6137272,55.2462031],[-2.6146849,55.2456606],[-2.6149987,55.2456193],[-2.6152186,55.2457063],[-2.6153767,55.2458486],[-2.6155872,55.2461532],[-2.6156224,55.2462186],[-2.6157497,55.246289],[-2.6160432,55.2464511],[-2.6161694,55.2464711],[-2.6164088,55.2464357],[-2.6166849,55.2465851],[-2.6169721,55.2468964],[-2.617105,55.246932],[-2.6172529,55.246918],[-2.6175424,55.2467794],[-2.6176827,55.2467814],[-2.6177822,55.2469053],[-2.6174534,55.247036],[-2.6174749,55.247086],[-2.6178311,55.2471807],[-2.618052,55.2472102],[-2.6201702,55.247214],[-2.6205478,55.2471447],[-2.6209196,55.2469772],[-2.6211018,55.2467732],[-2.6217273,55.2465242],[-2.6218741,55.246417],[-2.621958,55.2462481],[-2.6221924,55.246132],[-2.6224448,55.2461391],[-2.6230401,55.2463158],[-2.6236225,55.2463128],[-2.6239689,55.2463867],[-2.6241641,55.2464102],[-2.6243474,55.2463472],[-2.624575,55.2460936],[-2.6247458,55.2460292],[-2.6248962,55.2460397],[-2.6254483,55.2461293],[-2.6256384,55.2460894],[-2.6258171,55.2460002],[-2.6258853,55.2459455],[-2.6259374,55.2458311],[-2.6259459,55.2457579],[-2.6259989,55.2457046],[-2.6262282,55.2456556],[-2.6267033,55.2455922],[-2.626989,55.2456668],[-2.627138,55.2456605],[-2.6276166,55.2454205],[-2.6280303,55.2453325],[-2.6284601,55.2452653],[-2.6289051,55.2452289],[-2.6291457,55.2451484],[-2.6293807,55.244922],[-2.6299078,55.2449763],[-2.6300927,55.2449531],[-2.6302227,55.24485],[-2.6303252,55.2446544],[-2.6302038,55.244556],[-2.6300593,55.2442552],[-2.6299915,55.244095],[-2.6304084,55.2437837],[-2.6304758,55.2434247],[-2.6307126,55.2433717],[-2.6308017,55.2433295],[-2.6308946,55.2431735],[-2.6308257,55.2429932],[-2.6309246,55.2428804],[-2.6308836,55.2427755],[-2.6309976,55.2425233],[-2.6308601,55.2422891],[-2.6310649,55.2420979],[-2.6312265,55.2420597],[-2.6311765,55.2419388],[-2.6312395,55.2418555],[-2.6312804,55.2417104],[-2.6310809,55.2414944],[-2.6310217,55.2409781],[-2.6311235,55.2406689],[-2.6313541,55.2399712],[-2.6315011,55.2398773],[-2.6316806,55.2397906],[-2.6318681,55.2398267],[-2.6319593,55.2399953],[-2.6321399,55.2400323],[-2.6322933,55.2399586],[-2.6324287,55.2399777],[-2.6326369,55.2399674],[-2.6328788,55.2398786],[-2.6329395,55.2397665],[-2.6328804,55.2395986],[-2.6323956,55.2394825],[-2.6321055,55.2392712],[-2.6320153,55.2391784],[-2.6318103,55.2391541],[-2.6315688,55.238958],[-2.6314644,55.2386768],[-2.6315382,55.2382322],[-2.6316484,55.2379304],[-2.6318287,55.237641],[-2.6319174,55.2375637],[-2.6323279,55.2374136],[-2.6324536,55.2373168],[-2.6325268,55.2372079],[-2.6325082,55.237131],[-2.6323027,55.2370548],[-2.6321781,55.2369377],[-2.6320613,55.2368046],[-2.6320633,55.2367306],[-2.6324913,55.2364515],[-2.6327988,55.2363181],[-2.6331486,55.2361858],[-2.6333429,55.2359801],[-2.6334886,55.235556],[-2.633577,55.2353723],[-2.6335463,55.2352201],[-2.6333036,55.2350156],[-2.6333073,55.2348633],[-2.6332829,55.2346696],[-2.633185,55.2343803],[-2.6335986,55.233766],[-2.6336736,55.2334758],[-2.633763,55.2329685],[-2.6339967,55.232432],[-2.633966,55.2322377],[-2.6342133,55.2318827],[-2.6343074,55.2318611],[-2.6344879,55.2319985],[-2.6346112,55.231986],[-2.634685,55.2319012],[-2.6346733,55.2316788],[-2.6344741,55.231412],[-2.634172,55.2313592],[-2.6340423,55.2313863],[-2.6340039,55.2311896],[-2.6342096,55.2310953],[-2.6344837,55.2310293],[-2.6347506,55.2310907],[-2.6349462,55.2311282],[-2.6349743,55.231032],[-2.6348786,55.23055],[-2.6349031,55.2304078],[-2.6351471,55.230234],[-2.6354515,55.2298011],[-2.6357999,55.2297607],[-2.6355834,55.229095],[-2.6352721,55.2285036],[-2.6353005,55.2282177],[-2.6351474,55.2277836],[-2.6348489,55.2273062],[-2.6348227,55.2271392],[-2.6349508,55.2264942],[-2.635031,55.2263015],[-2.6350092,55.2262162],[-2.6348153,55.2259845],[-2.6346513,55.2254597],[-2.6340972,55.2251166],[-2.6315746,55.2237808],[-2.6314084,55.2236928],[-2.6324706,55.2234662],[-2.6334883,55.2233073],[-2.6389614,55.2226767],[-2.6393507,55.2225443],[-2.6397434,55.2223356],[-2.6403548,55.2216414],[-2.6408875,55.2212411],[-2.6414209,55.221027],[-2.6418591,55.2209586],[-2.6420866,55.2209313],[-2.643043,55.2210728],[-2.6432047,55.2210557],[-2.6445367,55.2207072],[-2.6455351,55.2203308],[-2.6470924,55.2201087],[-2.6477431,55.2199157],[-2.6480645,55.2198618],[-2.6514411,55.2199343],[-2.659731,55.220002],[-2.6602785,55.220064],[-2.6668507,55.2216005],[-2.6678879,55.2205556],[-2.6683859,55.2201628],[-2.6686729,55.2198535],[-2.6688367,55.2196769],[-2.6699948,55.2180638],[-2.6707272,55.2169375],[-2.6717863,55.2158066],[-2.6728916,55.2145815],[-2.6732843,55.2140812],[-2.6745449,55.2124749],[-2.6753654,55.2114294],[-2.6754617,55.2113067],[-2.6757478,55.2109699],[-2.676037,55.2106294],[-2.678466,55.2077693],[-2.6796714,55.2062938],[-2.6812905,55.2043413],[-2.6820282,55.2034518],[-2.6822143,55.2032273],[-2.6828805,55.202469],[-2.683296,55.2019477]]}},{"type":"Feature","properties":{"admin_level":"4","boundary":"administrative","source":"OS OpenData Boundary-Line","name":"England - Scotland","osmId":"way/606164991","ukNationBorder":true},"geometry":{"type":"LineString","coordinates":[[-2.337493,55.36727],[-2.3376043,55.3672977],[-2.3377372,55.3673558],[-2.3379771,55.3675339],[-2.3380595,55.3675876],[-2.3381531,55.3676592],[-2.3383066,55.3676948],[-2.3384139,55.367723],[-2.3384511,55.3678057],[-2.3384616,55.3679298],[-2.3384896,55.3680261],[-2.3386726,55.3682022],[-2.3387375,55.3683543],[-2.3386513,55.3685195],[-2.3388609,55.368678],[-2.3389662,55.368826],[-2.3391418,55.3688723],[-2.339302,55.3689706],[-2.3393494,55.3690304],[-2.3394799,55.3690045],[-2.3396578,55.3689928],[-2.3399096,55.3691435],[-2.3403109,55.3692374],[-2.3405215,55.3693303],[-2.3407058,55.369469],[-2.3409708,55.369479],[-2.341149,55.3695518],[-2.341406,55.369697],[-2.3418308,55.3698901],[-2.3422723,55.3701799],[-2.3425306,55.3703014],[-2.342784,55.3704247],[-2.3435957,55.3707985],[-2.3436549,55.370964],[-2.3438926,55.3712728],[-2.3441633,55.3716271],[-2.3442994,55.3717151],[-2.3447862,55.3720262],[-2.3453476,55.3723799],[-2.3461212,55.3732848],[-2.3448201,55.3738476],[-2.3432583,55.3743496],[-2.3429083,55.3744662],[-2.3414259,55.3749516],[-2.3397124,55.3754713],[-2.3390959,55.3758232],[-2.3384293,55.37618],[-2.337882,55.3764315],[-2.3372334,55.3767319],[-2.3369983,55.3769167],[-2.3369266,55.3770247],[-2.3368612,55.3771373],[-2.3367705,55.3774107],[-2.3366482,55.3776914],[-2.3364685,55.3778994],[-2.336291,55.3780024],[-2.3361056,55.3781062],[-2.3355931,55.3783368],[-2.3351134,55.3785195],[-2.3346323,55.3787374],[-2.3340741,55.3789762],[-2.3334758,55.3793283],[-2.3329826,55.3796064],[-2.3324598,55.3799376],[-2.3322933,55.380036],[-2.3321202,55.3800912],[-2.3317219,55.3802074],[-2.3314951,55.3802691],[-2.3309909,55.3803576],[-2.3305704,55.380462],[-2.3305453,55.3804828],[-2.3303952,55.3806396],[-2.3302506,55.380905],[-2.3300134,55.3812399],[-2.3306023,55.3812427],[-2.3309835,55.3813595],[-2.3313522,55.3814772],[-2.3318402,55.3817067],[-2.3325336,55.3819537],[-2.3329692,55.3821494],[-2.3338063,55.3825936],[-2.3342499,55.3827946],[-2.3346257,55.3829984],[-2.3347343,55.3831536],[-2.3347571,55.3832335],[-2.3347736,55.3833171],[-2.3347894,55.3835111],[-2.3347894,55.383512],[-2.3348245,55.3837383],[-2.3348522,55.3842082],[-2.3348423,55.3845317],[-2.33485,55.3848894],[-2.3348906,55.3854014],[-2.3348557,55.3855677],[-2.3350226,55.3856904],[-2.3354259,55.385806],[-2.3356666,55.3858926],[-2.3357905,55.3859812],[-2.3358236,55.3861573],[-2.3358391,55.3864933],[-2.3358342,55.3866658],[-2.3358231,55.386841],[-2.3357686,55.3873111],[-2.3356698,55.3875684],[-2.335558,55.3877898],[-2.3353619,55.3881057],[-2.3351729,55.3883542],[-2.3350737,55.3885647],[-2.3350074,55.3887635],[-2.335034,55.3891031],[-2.3350344,55.3893322],[-2.3350242,55.3894392],[-2.3349553,55.389673],[-2.3349327,55.3900091],[-2.3349427,55.3902481],[-2.3349611,55.3903631],[-2.3350184,55.3906172],[-2.3350559,55.3907572],[-2.3351045,55.3908946],[-2.3351592,55.3910274],[-2.3352987,55.3912814],[-2.335468,55.3915146],[-2.3355583,55.3917389],[-2.3355981,55.3919679],[-2.3355567,55.3922897],[-2.3355053,55.3925639],[-2.3356088,55.3926526],[-2.3358309,55.3927904],[-2.3382471,55.3943697],[-2.3385234,55.3945378],[-2.3388236,55.3947599],[-2.3390422,55.3948356],[-2.3397704,55.3950645],[-2.3401296,55.3951633],[-2.3406188,55.3955213],[-2.3413458,55.3959641],[-2.3417476,55.3962299],[-2.3421544,55.3965396],[-2.3433634,55.3974132],[-2.343486,55.3975279],[-2.3437791,55.3978155],[-2.3440805,55.3981723],[-2.3441732,55.3982897],[-2.3444082,55.398626],[-2.3449422,55.3993326],[-2.3446893,55.3994713],[-2.3444373,55.3996198],[-2.3440284,55.3997979],[-2.3431852,55.400344],[-2.3429679,55.4004137],[-2.342208,55.4003691],[-2.3418909,55.400406],[-2.3412436,55.4007887],[-2.3410457,55.4008981],[-2.3406005,55.4010871],[-2.340297,55.4012416],[-2.3401678,55.4012662],[-2.339683,55.4012631],[-2.3391994,55.4012186],[-2.3383052,55.4011599],[-2.3379815,55.4011581],[-2.3376597,55.4011905],[-2.3374993,55.4012691],[-2.3372006,55.401429],[-2.3366977,55.401717],[-2.3364307,55.4018858],[-2.3362589,55.401924],[-2.3357557,55.4019766],[-2.3351402,55.4020232],[-2.3345894,55.4020544],[-2.334045,55.4021017],[-2.3337666,55.4022301],[-2.3335235,55.4024239],[-2.333356,55.4026077],[-2.3332566,55.4027976],[-2.3331374,55.4030889],[-2.3331326,55.4034395],[-2.3330611,55.4037676],[-2.3330386,55.4039114],[-2.3329916,55.4043204],[-2.3334198,55.4049195],[-2.3341058,55.405933],[-2.3349771,55.4071913],[-2.3356954,55.4081767],[-2.3339017,55.4087458],[-2.3323594,55.4099094],[-2.3314572,55.4097571],[-2.3308706,55.4096617],[-2.3304334,55.409413],[-2.3296927,55.4088716],[-2.3295165,55.4087625],[-2.3290944,55.4085192],[-2.32866,55.4083154],[-2.3281847,55.4081487],[-2.3277558,55.4080402],[-2.3273431,55.4079641],[-2.3262417,55.4078951],[-2.3252685,55.4078519],[-2.3247974,55.407792],[-2.3238216,55.4076383],[-2.3228408,55.4076085],[-2.3224098,55.4076321],[-2.3220201,55.4076817],[-2.3216578,55.4077976],[-2.3214311,55.4078836],[-2.3211965,55.4079741],[-2.3206882,55.4081947],[-2.3205037,55.4080442],[-2.3204052,55.4079762],[-2.3199038,55.4075532],[-2.3194878,55.4073722],[-2.3190126,55.4073302],[-2.3183623,55.4073559],[-2.3169639,55.4073619],[-2.3163044,55.4072732],[-2.3159033,55.4072092],[-2.3142572,55.4069046],[-2.3133057,55.4067251],[-2.313116,55.4074694],[-2.3126832,55.4091707],[-2.312507,55.4098609],[-2.3119652,55.4099052],[-2.3111317,55.4099868],[-2.3108904,55.4100287],[-2.3104156,55.4101172],[-2.3101823,55.4101654],[-2.3098926,55.4102721],[-2.309238,55.4105945],[-2.3090552,55.4106516],[-2.3079679,55.4109617],[-2.3074806,55.4110618],[-2.3066798,55.4112471],[-2.3063822,55.4113835],[-2.3060016,55.4115884],[-2.3056154,55.4118778],[-2.304611,55.4125084],[-2.3042446,55.4127241],[-2.3038917,55.4128481],[-2.3034584,55.4129768],[-2.3026651,55.4131541],[-2.3022717,55.4133249],[-2.3020018,55.4135509],[-2.3017781,55.4136593],[-2.301345,55.4136065],[-2.3009423,55.413612],[-2.3005386,55.4137001],[-2.2993816,55.4140264],[-2.2988508,55.4142102],[-2.2984566,55.4143046],[-2.2972879,55.414533],[-2.2962717,55.4146774],[-2.2961697,55.4147558],[-2.2959276,55.4149208],[-2.2957139,55.4150795],[-2.2956073,55.415166],[-2.2955416,55.4152668],[-2.2954808,55.4153703],[-2.2954392,55.4155106],[-2.2953976,55.4156562],[-2.295211,55.4164573],[-2.2950782,55.4168745],[-2.2946501,55.4175216],[-2.294337,55.4178845],[-2.2940787,55.418214],[-2.2937966,55.4185175],[-2.2941471,55.4195563],[-2.2945062,55.4204639],[-2.2941576,55.4205395],[-2.2899644,55.421536],[-2.2857129,55.4225291],[-2.2840755,55.4229186],[-2.2834965,55.4230894],[-2.2831889,55.423375],[-2.2827535,55.4239106],[-2.282266,55.4244527],[-2.2819884,55.4247409],[-2.2817652,55.4249076],[-2.2814444,55.4251105],[-2.2807624,55.4254203],[-2.2805877,55.4255123],[-2.2804193,55.4256044],[-2.2801142,55.4258054],[-2.2787028,55.4261987],[-2.2779585,55.4263953],[-2.277625,55.4263664],[-2.2753243,55.4261263],[-2.2744865,55.4260608],[-2.2738855,55.4259795],[-2.2734191,55.4266132],[-2.2724561,55.4278841],[-2.2721617,55.4282917],[-2.2718953,55.428596],[-2.2717306,55.4287851],[-2.2714258,55.4290276],[-2.2706396,55.4295917],[-2.2699199,55.429729],[-2.2689667,55.4298892],[-2.2684963,55.4299829],[-2.2682879,55.4300013],[-2.2680807,55.4299685],[-2.2677958,55.4298945],[-2.2668344,55.429557],[-2.2661547,55.4293023],[-2.2652869,55.4290123],[-2.2649923,55.4289194],[-2.2647247,55.4288427],[-2.2644651,55.4287696],[-2.2642942,55.4287386],[-2.2641218,55.4287075],[-2.2633943,55.4286147],[-2.2632378,55.4285943],[-2.2622665,55.4285567],[-2.2622835,55.4289217],[-2.2622985,55.4292056],[-2.2622624,55.4292946],[-2.262198,55.4293625],[-2.2619105,55.4295763],[-2.261727,55.429715],[-2.2615965,55.4297993],[-2.2615137,55.4299088],[-2.261516,55.4299872],[-2.2614987,55.430259],[-2.2614443,55.4304737],[-2.2613891,55.4307366],[-2.2613022,55.4308987],[-2.26128,55.4310843],[-2.2612397,55.4313588],[-2.2612696,55.4316401],[-2.2612321,55.4318208],[-2.2611744,55.431958],[-2.2611198,55.4320722],[-2.2610485,55.4322341],[-2.2608952,55.4324873],[-2.2608159,55.4327013],[-2.2607256,55.4328629],[-2.2602399,55.4328429],[-2.2600846,55.4327811],[-2.2599245,55.4327141],[-2.259528,55.4324895],[-2.2593015,55.4324009],[-2.2590702,55.4323179],[-2.2585841,55.4321842],[-2.2581304,55.4321618],[-2.257415,55.4322351],[-2.2571813,55.4322536],[-2.2567089,55.4322564],[-2.2561903,55.4322215],[-2.2559689,55.432196],[-2.2553521,55.4321154],[-2.2549708,55.4320497],[-2.2547321,55.4320475],[-2.2545014,55.432022],[-2.2542625,55.4319928],[-2.2537383,55.4318046],[-2.2531493,55.4318757],[-2.2525472,55.4319475],[-2.251897,55.4320049],[-2.2514357,55.4320355],[-2.2501858,55.4320408],[-2.2495475,55.43206],[-2.2492567,55.4320615],[-2.2489691,55.4320594],[-2.248378,55.4320373],[-2.2472495,55.4320198],[-2.2468008,55.4320467],[-2.2460551,55.4320518],[-2.2451434,55.4320743],[-2.2439507,55.4321324],[-2.2433739,55.4321452],[-2.2428684,55.4321732],[-2.2425364,55.4321451],[-2.2421439,55.4320444],[-2.2415777,55.4319727],[-2.2411221,55.4318973],[-2.2408436,55.4318438],[-2.2405652,55.4317878],[-2.2400587,55.4316433],[-2.2395157,55.4315032],[-2.2385857,55.4313577],[-2.238127,55.4312787],[-2.2375684,55.4311539],[-2.2369625,55.4310383],[-2.236722,55.4309858],[-2.236627,55.4309608],[-2.2364193,55.4308443],[-2.2361509,55.4306193],[-2.235835,55.4303764],[-2.2355936,55.4301675],[-2.2353397,55.4299901],[-2.2352288,55.4299301],[-2.2351146,55.4298746],[-2.2348487,55.4297916],[-2.2343668,55.4295418],[-2.2340925,55.4293742],[-2.2338056,55.4292383],[-2.233652,55.4291757],[-2.2333242,55.429054],[-2.2328968,55.4289084],[-2.2323598,55.4287018],[-2.2322633,55.4286778],[-2.2312743,55.428428],[-2.2300881,55.4306187],[-2.2295549,55.4305127],[-2.2286244,55.4303517],[-2.2284949,55.4303509],[-2.2282146,55.4303519],[-2.22775,55.4304314],[-2.2268491,55.4306207],[-2.2255193,55.430873],[-2.2246211,55.4310463],[-2.2241965,55.4311324],[-2.2233443,55.4313317],[-2.2231952,55.4318055],[-2.2230744,55.4322335],[-2.2222912,55.4326006],[-2.2216923,55.4328946],[-2.221094,55.4332423],[-2.2207321,55.4334279],[-2.2197699,55.4337193],[-2.2194318,55.4338176],[-2.2172777,55.4344279],[-2.2165143,55.4346588],[-2.2158997,55.4348066],[-2.2143754,55.4351978],[-2.2135241,55.435421],[-2.211815,55.435883],[-2.2109444,55.4361258],[-2.2080714,55.4369115],[-2.2055521,55.4375467],[-2.2051959,55.4379735],[-2.2050711,55.438017],[-2.2050336,55.4380307],[-2.2046613,55.4381065],[-2.2041837,55.4382553],[-2.2038992,55.4383263],[-2.2035382,55.4386394],[-2.2030622,55.4390712],[-2.2024208,55.4395891],[-2.2019186,55.4403059],[-2.2018346,55.4404751],[-2.2016601,55.4405988],[-2.2014282,55.4406699],[-2.2010296,55.4408114],[-2.2006248,55.4409551],[-2.1999309,55.441138],[-2.1993925,55.4415212],[-2.1988122,55.4418736],[-2.1983377,55.4421305],[-2.1976664,55.4425472],[-2.1971231,55.4429357],[-2.1969246,55.4430763],[-2.1964002,55.4434653],[-2.1960742,55.4437093],[-2.1955987,55.4440776],[-2.1949968,55.4444766],[-2.1948503,55.4445892],[-2.1947086,55.4447035],[-2.1942119,55.4452569],[-2.1941334,55.445399],[-2.1938893,55.4459035],[-2.1937317,55.4463233],[-2.193481,55.4467551],[-2.1932919,55.4472127],[-2.1933534,55.4481534],[-2.1933458,55.4485469],[-2.1933869,55.4488641],[-2.1934614,55.4492297],[-2.1935212,55.4497983],[-2.1934586,55.449927],[-2.1933768,55.4500268],[-2.1932904,55.4501267],[-2.1930857,55.4503103],[-2.1929019,55.4505497],[-2.1928214,55.4508867],[-2.1926376,55.4514729],[-2.1925136,55.4519726],[-2.1922571,55.4525499],[-2.1920448,55.4527659],[-2.1915956,55.4530721],[-2.1910869,55.4534791],[-2.1903668,55.4539879],[-2.1900268,55.4543074],[-2.1898131,55.4545782],[-2.1896686,55.4547913],[-2.1895633,55.4549281],[-2.1894533,55.4550639],[-2.1891105,55.4554553],[-2.1889942,55.4555966],[-2.1888496,55.4557846],[-2.1884976,55.456256],[-2.1884179,55.4564376],[-2.1885204,55.4567043],[-2.1887088,55.4570977],[-2.1888721,55.4575269],[-2.1889528,55.4578628],[-2.1890257,55.4582338],[-2.1893088,55.4592217],[-2.1896197,55.4604074],[-2.1897703,55.460807],[-2.1897382,55.4610433],[-2.1896296,55.4611649],[-2.1885965,55.4617145],[-2.1883555,55.4619252],[-2.1880702,55.4621144],[-2.1875527,55.462381],[-2.1866254,55.4629351],[-2.1860999,55.4631588],[-2.1856265,55.4633895],[-2.1851469,55.4636472],[-2.1847953,55.4638751],[-2.1844057,55.4640841],[-2.1839996,55.4641611],[-2.1836012,55.4642048],[-2.1833296,55.4642942],[-2.1827986,55.4643696],[-2.1825458,55.4644418],[-2.181911,55.4646378],[-2.1814529,55.4647499],[-2.1809218,55.4648405],[-2.1798252,55.465065],[-2.1787206,55.4652688],[-2.1772555,55.4654937],[-2.176233,55.4656687],[-2.1753801,55.4659071],[-2.1748885,55.4659869],[-2.1744382,55.4661016],[-2.1741696,55.4661613],[-2.1738172,55.4662076],[-2.1730445,55.4663687],[-2.1725656,55.4664466],[-2.1718481,55.4665779],[-2.1711068,55.4666931],[-2.1709061,55.4667284],[-2.1707132,55.4667655],[-2.1703562,55.4668541],[-2.1692672,55.4670263],[-2.1687378,55.4671276],[-2.1681418,55.4672049],[-2.1674386,55.4673424],[-2.166528,55.4674676],[-2.1655133,55.468381]]}},{"type":"Feature","properties":{"admin_level":"4","boundary":"administrative","source":"OS_OpenData_Boundary-Line","name":"England - Scotland","osmId":"way/606167215","ukNationBorder":true},"geometry":{"type":"LineString","coordinates":[[-2.1655133,55.468381],[-2.1659238,55.4685584],[-2.1661124,55.4686633],[-2.1663484,55.4687565],[-2.1670735,55.4689037],[-2.1675767,55.4689596],[-2.1679804,55.4690192],[-2.1684867,55.4690608],[-2.1690515,55.4694491],[-2.1694604,55.4696551],[-2.169944,55.4699321],[-2.1705912,55.4703653],[-2.1711653,55.4706808],[-2.1715062,55.4709058],[-2.1726514,55.4715952],[-2.17324,55.4719987],[-2.1734842,55.4721259],[-2.1737157,55.4722703],[-2.1738883,55.472297],[-2.1741556,55.4722975],[-2.174499,55.4723303],[-2.1750955,55.4723519],[-2.1760575,55.4724062],[-2.176719,55.47246],[-2.1773045,55.4725006],[-2.1777903,55.4725583],[-2.1781165,55.4726135],[-2.179321,55.4727951],[-2.1817365,55.4731311],[-2.183685,55.4733546],[-2.1841533,55.4733719],[-2.1845599,55.4733748],[-2.184908,55.4734139],[-2.1857626,55.4734917],[-2.1864322,55.4735634],[-2.1867708,55.4736042],[-2.1872552,55.4736825],[-2.1876401,55.473753],[-2.1878617,55.473785],[-2.1880849,55.4738152],[-2.1887811,55.4738797],[-2.1894634,55.4739604],[-2.1906507,55.4741338],[-2.1929788,55.4746837],[-2.1941398,55.4749802],[-2.1946181,55.4750854],[-2.1951313,55.4752364],[-2.1954846,55.4753203],[-2.1959877,55.4753339],[-2.1964241,55.4752991],[-2.1970426,55.4752621],[-2.1979217,55.4751672],[-2.2001325,55.4750172],[-2.2008033,55.4750233],[-2.2009361,55.475015],[-2.2009568,55.4750159],[-2.2011076,55.4751234],[-2.2013282,55.4752668],[-2.2015841,55.4755153],[-2.2017975,55.4757782],[-2.2021228,55.4762755],[-2.2022441,55.4764756],[-2.2024473,55.4769345],[-2.2027331,55.4774434],[-2.2029137,55.4778197],[-2.2031198,55.4781994],[-2.2033656,55.4786033],[-2.2035309,55.4787711],[-2.2037378,55.4789998],[-2.2040207,55.479242],[-2.2041382,55.4793253],[-2.2043636,55.4794849],[-2.2047429,55.4796901],[-2.2050778,55.479906],[-2.2053672,55.4801742],[-2.2057047,55.4805663],[-2.2059911,55.4808776],[-2.2061998,55.4811549],[-2.2063133,55.4813731],[-2.2063475,55.4815591],[-2.2063487,55.4817783],[-2.206314,55.4821018],[-2.2062845,55.482234],[-2.2061806,55.4826178],[-2.2060553,55.4828876],[-2.2058984,55.4831215],[-2.2056151,55.4834356],[-2.2052723,55.4838297],[-2.204923,55.4841996],[-2.2043558,55.485003],[-2.2039961,55.4854959],[-2.2037041,55.4859592],[-2.2034278,55.4863568],[-2.2033162,55.4865295],[-2.2027057,55.4875207],[-2.2023962,55.4879516],[-2.2022252,55.4882421],[-2.202237,55.4883697],[-2.2022778,55.4886185],[-2.2023053,55.4887415],[-2.2024626,55.489161],[-2.202525,55.4893082],[-2.2026417,55.4895407],[-2.202893,55.4897632],[-2.2031567,55.4899613],[-2.2035933,55.4902526],[-2.2040064,55.4905412],[-2.2044431,55.4908298],[-2.2046639,55.4909921],[-2.2048816,55.491158],[-2.2052868,55.4914924],[-2.2054987,55.4917581],[-2.2056795,55.492127],[-2.2059649,55.4925255],[-2.2062145,55.4930472],[-2.2070239,55.4940701],[-2.2087931,55.4946736],[-2.208641,55.4955401],[-2.2087496,55.4957241],[-2.210206,55.4973028],[-2.2119639,55.4994138],[-2.2145953,55.5010316],[-2.2155621,55.5018224],[-2.21691,55.5028129],[-2.2190135,55.5053161],[-2.2194417,55.5057295],[-2.2201709,55.5061703],[-2.2204216,55.5062813],[-2.2205706,55.5063125],[-2.2213076,55.5063704],[-2.2217211,55.5064928],[-2.2222106,55.5065512],[-2.2233021,55.5065963],[-2.2238661,55.5066616],[-2.2265379,55.5070843],[-2.2279871,55.5080027],[-2.2288382,55.5095161],[-2.2289649,55.5098016],[-2.2289175,55.5100892],[-2.2283083,55.5120635],[-2.2282336,55.5128382],[-2.2278508,55.5134544],[-2.22751,55.5142206],[-2.2277275,55.5145976],[-2.2276893,55.5148385],[-2.2271445,55.5164694],[-2.2267907,55.5177406],[-2.2267389,55.5189187],[-2.2266204,55.5195111],[-2.2263116,55.5200696],[-2.2260318,55.5204359],[-2.2251572,55.5212039],[-2.2249812,55.5219977],[-2.2249747,55.5220043],[-2.2245024,55.5224847],[-2.2242761,55.5227852],[-2.2247533,55.5234277],[-2.2252458,55.5242041],[-2.2252936,55.5242794],[-2.2258378,55.5252677],[-2.2263059,55.5262381],[-2.2275951,55.5284082]]}},{"type":"Feature","properties":{"admin_level":"4","boundary":"administrative","source":"OS_OpenData_Boundary-Line","name":"England - Scotland","osmId":"way/606167220","ukNationBorder":true},"geometry":{"type":"LineString","coordinates":[[-2.2275951,55.5284082],[-2.2332211,55.5296168],[-2.2333411,55.5306132],[-2.233375,55.5309652],[-2.2334051,55.5311687],[-2.2335637,55.5321871],[-2.2336993,55.533065],[-2.2333748,55.5331012],[-2.2334154,55.5336589],[-2.2334567,55.5347302],[-2.233516,55.5354836],[-2.233545,55.5362122],[-2.2335916,55.5371895],[-2.2336207,55.5376882],[-2.2336405,55.5381669],[-2.233665,55.5386196],[-2.233713,55.5393941],[-2.2337391,55.5400996],[-2.2338168,55.5408253],[-2.2337468,55.5410375],[-2.2335848,55.5412471],[-2.2334194,55.5414083],[-2.2330435,55.5416265],[-2.2329557,55.5417767],[-2.2329268,55.541987],[-2.2330695,55.542268],[-2.2332157,55.5431429],[-2.2325303,55.5435395],[-2.2324077,55.5437141],[-2.2321995,55.5444198],[-2.2322416,55.5448277],[-2.2325592,55.5452054],[-2.2336437,55.5461054],[-2.2340854,55.5465565],[-2.2346228,55.5474421],[-2.2347482,55.5476222],[-2.2351351,55.5482889],[-2.2354375,55.5484926],[-2.2361595,55.5489985],[-2.2370047,55.5496304],[-2.2372677,55.5498492],[-2.2375563,55.5500751],[-2.2384063,55.5508627],[-2.2390585,55.551371],[-2.239813,55.5519397],[-2.2408355,55.5527161],[-2.2405484,55.5541796],[-2.2403963,55.5549682],[-2.2402693,55.5555805],[-2.2405731,55.5558408],[-2.2406588,55.5559173],[-2.2407005,55.5559423],[-2.2407579,55.5559624],[-2.2408829,55.5559848],[-2.2411019,55.5559967],[-2.2411832,55.5560106],[-2.2414301,55.5560712],[-2.2423852,55.5563531],[-2.242577,55.5564086],[-2.2435196,55.5566721],[-2.2441024,55.5568399],[-2.2446765,55.5567943],[-2.245514,55.5567279],[-2.2466105,55.5566337],[-2.2469574,55.5566362],[-2.2478497,55.5567059],[-2.2483136,55.5571506],[-2.2486865,55.5575372],[-2.2488726,55.5576631],[-2.2489053,55.5577202],[-2.2489211,55.5577381],[-2.2489261,55.5577437],[-2.2489772,55.5577909],[-2.2490297,55.5578226],[-2.2491295,55.5579281],[-2.2492346,55.5580253],[-2.2494996,55.5582545],[-2.2497156,55.558366],[-2.2497487,55.5584072],[-2.2511767,55.5598301],[-2.2510575,55.5598833],[-2.2512804,55.5600881],[-2.2515632,55.5602604],[-2.2518154,55.5604083],[-2.2518855,55.5604752],[-2.2519611,55.5605298],[-2.2521056,55.5606343],[-2.252126,55.560654],[-2.2524453,55.5609624],[-2.2526816,55.5611889],[-2.2529928,55.5614143],[-2.2530672,55.5614517],[-2.2531178,55.5614772],[-2.253273,55.561525],[-2.2536084,55.5616055],[-2.2539656,55.5616729],[-2.2540367,55.5616852],[-2.2546897,55.5617978],[-2.2551545,55.5618779],[-2.2552851,55.561906]]}},{"type":"Feature","properties":{"admin_level":"4","boundary":"administrative","source":"OS OpenData Boundary-Line","name":"England - Scotland","osmId":"way/606260385","ukNationBorder":true},"geometry":{"type":"LineString","coordinates":[[-2.273682,55.5731169],[-2.2731661,55.5725861],[-2.2729555,55.5724015],[-2.2724203,55.5720658],[-2.271072,55.5708737],[-2.2708984,55.5707808],[-2.2707131,55.5706817],[-2.2705162,55.5705763],[-2.2704277,55.5705127],[-2.2702305,55.5703305],[-2.2701296,55.5702203],[-2.2699808,55.5701155],[-2.2697439,55.5700009],[-2.2694606,55.5698916],[-2.269044,55.5697438],[-2.2690324,55.5697397],[-2.2690135,55.569733],[-2.2688808,55.5696631],[-2.2684197,55.5693513],[-2.2681984,55.5691555],[-2.2679975,55.5690417],[-2.267515,55.5687706],[-2.2669766,55.5684225],[-2.2667486,55.5682976],[-2.2662493,55.5680242],[-2.2656518,55.5676605],[-2.2654855,55.5675512],[-2.2652683,55.5674028],[-2.2650267,55.5672331],[-2.2647856,55.5670819],[-2.2646509,55.5670009],[-2.264524,55.5669246],[-2.2643386,55.5668341],[-2.2642736,55.5668071],[-2.2641151,55.5667413],[-2.2636376,55.566548],[-2.2634722,55.5664798],[-2.2631837,55.5663609],[-2.2631589,55.5663525],[-2.2630482,55.5663152],[-2.2630149,55.5663039],[-2.2624665,55.5661549],[-2.261815,55.565978],[-2.2616695,55.565942],[-2.2612031,55.5658221],[-2.2609646,55.5656971],[-2.2606886,55.5655354],[-2.2604648,55.5654064],[-2.2604014,55.5653731],[-2.259742,55.5650169],[-2.2596045,55.564968],[-2.2595684,55.5649549],[-2.2594775,55.564923],[-2.259495,55.5647842],[-2.2595206,55.5646091],[-2.2596746,55.5643171],[-2.2597307,55.5641666],[-2.2597933,55.5637691],[-2.2597124,55.5637036],[-2.2594679,55.5635717],[-2.2582471,55.5629486],[-2.2574517,55.5625483],[-2.2566393,55.5622941],[-2.2564293,55.562232],[-2.2562785,55.5621858],[-2.2553493,55.5619189],[-2.2552851,55.561906]]}},{"type":"Feature","properties":{"admin_level":"4","boundary":"administrative","source":"OS_OpenData_Boundary-Line","name":"England - Scotland","osmId":"way/606265926","ukNationBorder":true},"geometry":{"type":"LineString","coordinates":[[-2.2336239,55.645763],[-2.2330004,55.6456375],[-2.2323365,55.6454213],[-2.2319107,55.6451463],[-2.2317763,55.6449857],[-2.231616,55.6447578],[-2.2315719,55.6445413],[-2.2315519,55.6443805],[-2.2315805,55.6438351],[-2.2317023,55.6437485],[-2.2320874,55.6430641],[-2.2321976,55.6428932],[-2.2325498,55.6425222],[-2.2329154,55.6422916],[-2.2330937,55.64209],[-2.2332672,55.6418766],[-2.2335989,55.6415606],[-2.233996,55.6412706],[-2.2343616,55.6410435],[-2.2347923,55.6408135],[-2.2354995,55.6405785],[-2.2362514,55.64041],[-2.2371863,55.6402751],[-2.2377182,55.640222],[-2.2383661,55.6401732],[-2.2396954,55.6401149],[-2.2407298,55.6401389],[-2.2408487,55.640109],[-2.241333,55.6400667],[-2.2424131,55.6400502],[-2.242432,55.6397609],[-2.2427842,55.6396937],[-2.2435177,55.6396257],[-2.2442322,55.6395569],[-2.2449326,55.6395259],[-2.245719,55.6395207],[-2.2470496,55.6396852],[-2.2477254,55.6397871],[-2.2486179,55.6399821],[-2.248783,55.6402189],[-2.248953,55.6404702],[-2.2491452,55.6407259],[-2.2495555,55.641284],[-2.2497605,55.6415657],[-2.2505284,55.6418975],[-2.2518236,55.6424357],[-2.2523284,55.6426422],[-2.2517995,55.6428949],[-2.2516178,55.6430552],[-2.2514424,55.6432191],[-2.2520764,55.6434676],[-2.2527086,55.6436828],[-2.2543895,55.6441834],[-2.2550325,55.6443599],[-2.2554525,55.64444],[-2.2560107,55.6445278],[-2.2565942,55.6445894],[-2.258193,55.644657],[-2.2588808,55.6446403],[-2.2598035,55.6445755],[-2.2607797,55.6444405],[-2.2611399,55.6443723],[-2.2621738,55.6443107],[-2.2628803,55.6442356],[-2.2636343,55.6441297],[-2.2649292,55.643905],[-2.2664813,55.6436536],[-2.2673318,55.6435036],[-2.268444,55.6432711],[-2.2694118,55.643073],[-2.2706819,55.6429517],[-2.2719455,55.6427926],[-2.273084,55.642701],[-2.2738384,55.6426697],[-2.2750329,55.6426464],[-2.2757843,55.6426465],[-2.2762419,55.6426499],[-2.2768711,55.6426521],[-2.2780996,55.6427176],[-2.278872,55.642751],[-2.2801815,55.6428037],[-2.2818584,55.642922],[-2.2829658,55.6429239],[-2.2839354,55.6429882],[-2.2846442,55.6430305],[-2.2860465,55.643154],[-2.2870366,55.6432029],[-2.2878359,55.6432307],[-2.2886164,55.6432953],[-2.2891731,55.643383],[-2.2895285,55.6435196],[-2.2901264,55.6438039],[-2.2906211,55.6441029],[-2.2911604,55.6443936],[-2.2919028,55.6446812],[-2.2921454,55.6448252],[-2.292588,55.6451539],[-2.292864,55.6453052],[-2.2935201,55.6455075],[-2.2943184,55.6458183],[-2.2951561,55.6460796],[-2.2964574,55.646497],[-2.2973031,55.6467608],[-2.298944,55.647128],[-2.2997979,55.6472184],[-2.3019527,55.6472581],[-2.302725,55.6472606],[-2.3037972,55.6472068],[-2.3042592,55.647167],[-2.3057835,55.6470455],[-2.3065296,55.6469475],[-2.3076232,55.6468064],[-2.3081991,55.6466944],[-2.3087035,55.6465817],[-2.3096516,55.6463089],[-2.3103312,55.6460636],[-2.3112326,55.6457226],[-2.3116441,55.6455329],[-2.3122171,55.6452574],[-2.3131442,55.6447662],[-2.3135091,55.6444948],[-2.314194,55.6439199],[-2.3145466,55.6437132],[-2.3147665,55.6435868],[-2.3154002,55.6433741],[-2.3160283,55.6432394],[-2.3169506,55.6431373],[-2.3174223,55.6431244],[-2.3181817,55.643126],[-2.3193624,55.643149],[-2.3199069,55.6432923],[-2.320491,55.643413],[-2.3214944,55.6435217],[-2.3221047,55.6435569],[-2.322583,55.6435593],[-2.3233354,55.64348],[-2.3239762,55.6433517],[-2.3246959,55.6431683],[-2.3249887,55.643022],[-2.3250852,55.6429714],[-2.3251657,55.6429163],[-2.3252336,55.6428586],[-2.3253296,55.6427461],[-2.3254689,55.6425031],[-2.325577,55.6421326],[-2.3257224,55.6414647],[-2.3258909,55.640713],[-2.3259888,55.6400586],[-2.3260133,55.6399543],[-2.3260205,55.6398672],[-2.3260034,55.639718],[-2.3258394,55.6392944],[-2.3258016,55.6391471],[-2.325815,55.639033],[-2.3258061,55.6389126],[-2.3257686,55.6387941],[-2.3256832,55.6386479],[-2.3256054,55.638463],[-2.3255891,55.6384055],[-2.3255884,55.6383292],[-2.3257074,55.637938],[-2.3259033,55.6376185],[-2.325951,55.6374332],[-2.3260402,55.637264],[-2.3261077,55.6371731],[-2.3263769,55.6368813],[-2.3265046,55.6367552],[-2.3266418,55.6366326],[-2.3267017,55.6365839],[-2.3270414,55.636371],[-2.3272576,55.6361898],[-2.3276058,55.6360478],[-2.3277801,55.6359943],[-2.328048,55.6359226],[-2.3293209,55.6356155],[-2.3301742,55.6354704],[-2.3309051,55.6352931],[-2.3315946,55.635126],[-2.3323356,55.6348401],[-2.332646,55.634734],[-2.3331323,55.6345755],[-2.3334992,55.6345727],[-2.3338632,55.6346112],[-2.3340014,55.6346118],[-2.3343519,55.6345372],[-2.3344992,55.6344891],[-2.3345895,55.6344673],[-2.3346656,55.6344546],[-2.3347466,55.6344462],[-2.3348339,55.6344442],[-2.3349245,55.6344565],[-2.3349421,55.634461],[-2.3349707,55.6344681],[-2.3350409,55.6344927],[-2.3351938,55.6341616],[-2.3352011,55.634134],[-2.3352175,55.6340629],[-2.3352321,55.6339995],[-2.3352522,55.633912],[-2.3352807,55.6338267],[-2.3353539,55.6336934],[-2.335346,55.6336653],[-2.3353091,55.6336143],[-2.3352576,55.6335678],[-2.3351589,55.6335067],[-2.3351144,55.6333444],[-2.3351032,55.6332378],[-2.3352286,55.6331293],[-2.3354564,55.6329322],[-2.3356621,55.6327678],[-2.3357879,55.6327117],[-2.3358673,55.6326848],[-2.3359989,55.6324806],[-2.3359601,55.6323989],[-2.3359942,55.632371],[-2.3360417,55.6322578],[-2.3360923,55.6321717],[-2.3360736,55.632146],[-2.3360064,55.6320538],[-2.3358373,55.6319711],[-2.3356875,55.6319814],[-2.3355473,55.6320088],[-2.3353441,55.6320473],[-2.3352818,55.6320371],[-2.335237,55.6320219],[-2.3351985,55.6319978],[-2.3351727,55.6319687],[-2.3351604,55.6319416],[-2.3351653,55.6318861],[-2.3348662,55.6315169],[-2.3347805,55.631466],[-2.334574,55.6313434],[-2.3345573,55.6312401],[-2.3343761,55.631126],[-2.3342051,55.6310182],[-2.3324399,55.6299061],[-2.3323565,55.6298667],[-2.332303,55.6298415],[-2.3320955,55.6297435],[-2.3318905,55.6297261],[-2.3316996,55.6297781],[-2.3316639,55.6297878],[-2.331614,55.6297672],[-2.331521,55.6297288],[-2.3313053,55.6296396],[-2.3308246,55.6295196],[-2.330762,55.6295107],[-2.3304414,55.629465],[-2.3303424,55.6294156],[-2.3297987,55.6291441],[-2.3294367,55.6286223],[-2.3293944,55.6285613],[-2.3293084,55.6284374],[-2.3290563,55.6282662],[-2.3286152,55.6279666],[-2.3284966,55.6278056],[-2.3284773,55.6277794],[-2.3284607,55.6277569],[-2.3282553,55.6274779],[-2.3281436,55.6274081],[-2.3277675,55.6272501],[-2.3265397,55.6268508],[-2.3257182,55.6265969],[-2.3251948,55.6264905],[-2.3243044,55.6261649],[-2.324108,55.6261726],[-2.3234292,55.6261501],[-2.3231228,55.6261617],[-2.3225091,55.6260753],[-2.3222485,55.6261012],[-2.3218221,55.6261436],[-2.3216081,55.6261989],[-2.321135,55.6264024],[-2.3210166,55.6264871],[-2.3209512,55.6266463],[-2.3209271,55.6266625],[-2.3208264,55.6267303],[-2.3207285,55.6267961],[-2.3204709,55.6271544],[-2.3203573,55.6272443],[-2.3201806,55.6273842],[-2.3200581,55.6275481],[-2.3198102,55.6277213],[-2.3195829,55.6278111],[-2.319522,55.6278352],[-2.3183332,55.628107],[-2.317916,55.6281674],[-2.3178814,55.6281405],[-2.3178217,55.6280939],[-2.3176184,55.6281242],[-2.3175028,55.6281415],[-2.3173732,55.6282164],[-2.3158886,55.628249],[-2.3154486,55.628039],[-2.3149931,55.6278829],[-2.3135557,55.6280645],[-2.3124654,55.6283611],[-2.3109011,55.628862],[-2.3099549,55.6288483],[-2.3090558,55.6288415],[-2.308625,55.6288487],[-2.3086459,55.6285511],[-2.3086681,55.6282362],[-2.3088028,55.6263733],[-2.3088506,55.6253912],[-2.3088789,55.6250848],[-2.3089111,55.6247351],[-2.3089178,55.6246795],[-2.3089241,55.6246271],[-2.3089529,55.6243877],[-2.3089284,55.6224784],[-2.3116916,55.6217131],[-2.3138286,55.6210813],[-2.3153371,55.6206929],[-2.3154988,55.6206422],[-2.3161248,55.6204531],[-2.3136059,55.6178508],[-2.3109726,55.6149928],[-2.3091099,55.6130677],[-2.3076158,55.6114154],[-2.30728,55.6111027],[-2.3059645,55.612086],[-2.3050905,55.6118638],[-2.302991,55.6111394],[-2.298141,55.6096328],[-2.2960822,55.6089177],[-2.2951707,55.6086354],[-2.2950962,55.6085876],[-2.2954167,55.6084399],[-2.295472,55.6083889],[-2.2954824,55.6083164],[-2.2953432,55.6080009],[-2.294672,55.6064772],[-2.2938261,55.6046163],[-2.2933455,55.6045764],[-2.2922621,55.6046206],[-2.2920912,55.6045592],[-2.2920051,55.6045283],[-2.2918158,55.6044603],[-2.2916208,55.6043903],[-2.2912575,55.6043283],[-2.2907005,55.6041966],[-2.2901995,55.6040607],[-2.2891917,55.6037978],[-2.2893119,55.6036831],[-2.2893636,55.6036386],[-2.2894931,55.6035226],[-2.2897974,55.6032498],[-2.2898676,55.6031868],[-2.2900096,55.6031057],[-2.2901995,55.6029973],[-2.290287,55.6028749],[-2.2903141,55.6028371],[-2.2902579,55.6027456],[-2.2889412,55.601958],[-2.2884013,55.6014894],[-2.2878546,55.6011771],[-2.2877458,55.601047],[-2.2877505,55.6008269],[-2.2883123,55.6005039],[-2.2883562,55.6002892],[-2.2882713,55.6001276],[-2.2882515,55.6000141],[-2.2882712,55.5996748],[-2.28863,55.5988166],[-2.2888183,55.5983209],[-2.2886731,55.5982278],[-2.2883646,55.5980438],[-2.2881933,55.5981149],[-2.2881292,55.598143],[-2.2880305,55.5980659],[-2.287759,55.5978538],[-2.287213,55.5974272],[-2.2867507,55.5971354],[-2.2863372,55.5967949],[-2.2859007,55.5965226],[-2.2864059,55.5962659],[-2.2865179,55.5961853],[-2.2865445,55.5961494],[-2.2867202,55.5960015],[-2.287,55.5958099],[-2.287043,55.5957755],[-2.2875902,55.5954016],[-2.2883453,55.5950809],[-2.2885602,55.5950466],[-2.2886008,55.5949404],[-2.2885906,55.5946941],[-2.2885853,55.5945648],[-2.2884467,55.5940611],[-2.2881561,55.5934864],[-2.2880934,55.5933624],[-2.2878413,55.5928639],[-2.2880507,55.5924177],[-2.2880442,55.5922548],[-2.2880427,55.5922179],[-2.2880398,55.5921447],[-2.2880273,55.591831],[-2.2881077,55.5915361],[-2.2882045,55.5913194],[-2.2885713,55.5911442],[-2.289468,55.5905346],[-2.289659,55.5903378],[-2.2903671,55.5896079],[-2.2908461,55.5887226],[-2.2909732,55.5883216],[-2.2909973,55.5879307],[-2.2910971,55.587704],[-2.2914992,55.5871531],[-2.2916993,55.5869721],[-2.2919382,55.5866651],[-2.2923127,55.5860334],[-2.2923804,55.5858961],[-2.2923506,55.5858022],[-2.2921556,55.5853985],[-2.2920684,55.5852454],[-2.2920167,55.5851504],[-2.2917445,55.5847538],[-2.2907509,55.5831538],[-2.2903292,55.5824533],[-2.2900354,55.5818584],[-2.2897691,55.5814508],[-2.2894872,55.581074],[-2.2888713,55.5803574],[-2.2884959,55.5800603],[-2.2878381,55.5795356],[-2.2873762,55.5791632],[-2.2867326,55.5786893],[-2.2861132,55.578203],[-2.2855812,55.577828],[-2.2854258,55.5777185],[-2.2837192,55.5775997],[-2.2834164,55.577583],[-2.2825178,55.5775235],[-2.2800925,55.5773601],[-2.2787997,55.5767269],[-2.2768189,55.5758118],[-2.2764807,55.5756595],[-2.2763597,55.5756211],[-2.2762795,55.5755737],[-2.2755868,55.575164],[-2.2753872,55.5749731],[-2.274844,55.5742681],[-2.2747486,55.5741443],[-2.2745027,55.5738995],[-2.274257,55.5737189],[-2.2740005,55.5735304],[-2.2739141,55.5734182],[-2.273682,55.5731169]]}},{"type":"Feature","properties":{"admin_level":"4","boundary":"administrative","source":"OS_OpenData_Boundary-Line","name":"England - Scotland","osmId":"way/606451347","ukNationBorder":true},"geometry":{"type":"LineString","coordinates":[[-2.2336239,55.645763],[-2.2337561,55.645805],[-2.2339645,55.645845],[-2.2341619,55.6459084],[-2.2346671,55.6461609],[-2.2351432,55.6463424],[-2.2352578,55.6463772],[-2.2353708,55.6464066],[-2.235487,55.6464297],[-2.235611,55.6464502],[-2.2359815,55.646498],[-2.2361612,55.64653],[-2.2363362,55.6465664],[-2.2366673,55.6466611],[-2.2370728,55.6467079],[-2.2377899,55.6468027],[-2.238254,55.6468395],[-2.2387611,55.6468637],[-2.2390282,55.646882],[-2.2393031,55.6469021],[-2.239896,55.6469442],[-2.2402172,55.6469705],[-2.2406054,55.6470631],[-2.240914,55.6471227],[-2.2412184,55.6472641],[-2.241637,55.6473882],[-2.2424873,55.6476866],[-2.2437478,55.6482592],[-2.2447105,55.6487541],[-2.245892,55.6493816],[-2.2467769,55.6498722],[-2.2472969,55.6501758],[-2.2478223,55.6505934],[-2.2482525,55.6510194],[-2.2484082,55.6512733],[-2.2484671,55.6515445],[-2.2484438,55.6518699],[-2.2483391,55.6521513],[-2.2481671,55.6523548],[-2.2478728,55.6525468],[-2.247483,55.6527353],[-2.2469913,55.6528711],[-2.2464169,55.6530151],[-2.2459945,55.6530609],[-2.2454033,55.6530647],[-2.2450333,55.6531104],[-2.2444384,55.6532644],[-2.2434316,55.6536545],[-2.2427042,55.6539812],[-2.2413878,55.6545975],[-2.2411933,55.6546789],[-2.2408784,55.6547774],[-2.2405419,55.654849],[-2.2401391,55.6549639],[-2.2399454,55.6550145],[-2.2395647,55.6551321],[-2.2384408,55.6555961],[-2.2377135,55.6559471],[-2.2369973,55.6563096],[-2.2365459,55.6565621],[-2.2361882,55.6568189],[-2.2358763,55.6570046],[-2.2351241,55.6574517],[-2.23475,55.6576079],[-2.2342492,55.6578622],[-2.2339139,55.6581315],[-2.2336928,55.6583646],[-2.2335307,55.6586399],[-2.233358,55.6590167],[-2.2332505,55.6593601],[-2.2330754,55.6595932],[-2.2329998,55.6597056],[-2.2329226,55.6598173],[-2.2326905,55.6600737],[-2.2324475,55.6603842],[-2.2322665,55.6606873],[-2.2321382,55.6610227],[-2.2317776,55.6613226],[-2.2316032,55.6614065],[-2.23114,55.6618198],[-2.2308726,55.6620405],[-2.2305033,55.6622208],[-2.2299706,55.6624402],[-2.2294963,55.6625992],[-2.228706,55.6628154],[-2.2277707,55.6629996],[-2.2269163,55.663126],[-2.2261775,55.6631948],[-2.2256579,55.6632245],[-2.2235269,55.6633111],[-2.223182,55.663327],[-2.2223478,55.663395],[-2.2217456,55.6634168],[-2.2208892,55.663474],[-2.2199667,55.6636716],[-2.2194683,55.6637928],[-2.2192572,55.6638758],[-2.2188703,55.6640392],[-2.2186959,55.6641159],[-2.2184456,55.6642619],[-2.2181703,55.6645094],[-2.2179046,55.6647373],[-2.2176678,55.6650207],[-2.2175182,55.6652941],[-2.2174147,55.6655504],[-2.2173526,55.6658021],[-2.2171723,55.666275],[-2.2170711,55.6666454],[-2.2170495,55.6667578],[-2.2170341,55.6668728],[-2.2170387,55.6671181],[-2.2170846,55.6673714],[-2.2172086,55.6676631],[-2.2173774,55.6679936],[-2.2175113,55.6683527],[-2.2176817,55.6686876],[-2.2178234,55.6692947],[-2.2179589,55.6696449],[-2.2181679,55.670056],[-2.218431,55.6704878],[-2.2186553,55.6707973],[-2.2189273,55.6711005],[-2.2191501,55.6714416],[-2.2193366,55.6717998],[-2.2195649,55.6722306],[-2.2196975,55.6732053],[-2.2197179,55.6737435],[-2.2195869,55.6741974],[-2.2194541,55.6746021],[-2.2193542,55.6749383],[-2.219164,55.6753169],[-2.2189351,55.6756273],[-2.218652,55.675909],[-2.2178204,55.6764721],[-2.2173463,55.6767137],[-2.2170863,55.676849],[-2.2166914,55.67705],[-2.2161626,55.6771732],[-2.215766,55.6773383],[-2.2150035,55.6777521],[-2.214296,55.6780786],[-2.2131892,55.6786483],[-2.2126107,55.6790016],[-2.2123318,55.6791871],[-2.2116421,55.6795702],[-2.2109694,55.6798319],[-2.2103758,55.6800477],[-2.2097614,55.6802492],[-2.2092408,55.6804333],[-2.2088871,55.6806082],[-2.208856,55.680726]]}},{"type":"Feature","properties":{"admin_level":"4","boundary":"administrative","source":"OS_OpenData_Boundary-Line","name":"England - Scotland","osmId":"way/606453820","ukNationBorder":true},"geometry":{"type":"LineString","coordinates":[[-2.208856,55.680726],[-2.2087412,55.6809975],[-2.2086025,55.6812251],[-2.2085475,55.6813456],[-2.2084972,55.6814696],[-2.2084223,55.6817285],[-2.2083887,55.6819811],[-2.2083941,55.6820988],[-2.2084075,55.6822156],[-2.2084692,55.6824644],[-2.2084707,55.6827303],[-2.2084378,55.6828427],[-2.2083611,55.6830548],[-2.2083186,55.6831592],[-2.2081818,55.6834443],[-2.2080974,55.6837221],[-2.2075983,55.6843977],[-2.2072698,55.684798],[-2.2065658,55.6855144],[-2.2059579,55.6860708],[-2.2057661,55.6861843],[-2.205349,55.6864051],[-2.2042929,55.686725],[-2.2036766,55.6868527],[-2.2031348,55.686974],[-2.2027008,55.6870187],[-2.2015671,55.6870987],[-2.2008026,55.6872025],[-2.2005627,55.6872406],[-2.2003514,55.6872939],[-2.1996939,55.6874757],[-2.1989172,55.6876808],[-2.1982682,55.6880107],[-2.1977975,55.6883296],[-2.1974589,55.6886679],[-2.1970002,55.6892114],[-2.1968296,55.6894471],[-2.1965878,55.6897467],[-2.1963284,55.6900221],[-2.1961984,55.6901301],[-2.196181,55.6901445],[-2.1954791,55.6906955],[-2.1953906,55.6908035],[-2.1953053,55.6909123],[-2.1951475,55.6914957],[-2.1949756,55.6917943],[-2.194659,55.6921119],[-2.1944109,55.6924439],[-2.1939215,55.6931968],[-2.1934528,55.6939567],[-2.1928952,55.6947519],[-2.192764,55.6949228],[-2.19262,55.6950902],[-2.1923163,55.6954168],[-2.1921627,55.6955752],[-2.1920185,55.6957093],[-2.1918712,55.6958389],[-2.191708,55.6959596],[-2.1911879,55.6963207],[-2.1910524,55.6962624],[-2.1904153,55.6960919],[-2.189807,55.695976],[-2.1896963,55.6961065],[-2.1894762,55.6963297],[-2.1891764,55.6965107],[-2.1889953,55.6965729],[-2.1888318,55.6966272],[-2.1884388,55.6966305],[-2.1882276,55.6967071],[-2.1881056,55.6968124],[-2.1879808,55.6970058],[-2.1876773,55.6974196],[-2.1872171,55.6979774]]}},{"type":"Feature","properties":{"admin_level":"4","boundary":"administrative","source":"OS_OpenData_Boundary-Line","name":"England - Scotland","osmId":"way/606457551","ukNationBorder":true},"geometry":{"type":"LineString","coordinates":[[-2.1872171,55.6979774],[-2.1868942,55.6983157],[-2.1867435,55.6984417],[-2.1866886,55.698591],[-2.1867547,55.6987804],[-2.1869037,55.6989896],[-2.1868997,55.6991415],[-2.1866593,55.69945],[-2.1864001,55.6998098],[-2.1861231,55.7001058],[-2.1853891,55.7006784],[-2.1849734,55.700944],[-2.1844963,55.7012925],[-2.1840473,55.701596],[-2.1836189,55.7018284],[-2.1829444,55.7022068],[-2.1823191,55.7025429],[-2.1819112,55.7027547],[-2.1813141,55.7030386],[-2.1805897,55.7032769],[-2.1798519,55.7033813],[-2.1790727,55.7035019],[-2.178015,55.7035736],[-2.1774169,55.7036409],[-2.1760862,55.7038684],[-2.1757285,55.7039363],[-2.1753755,55.7040068],[-2.1746602,55.7041597],[-2.1738716,55.7043109],[-2.1732055,55.7044573],[-2.1718508,55.7046848],[-2.1705693,55.7049148],[-2.1700478,55.7050251],[-2.169811,55.7050901],[-2.169064,55.7053149],[-2.1688257,55.7053988],[-2.1683651,55.7055765],[-2.1677741,55.7058181],[-2.167496,55.7058868],[-2.1673578,55.7059597],[-2.1672228,55.706038],[-2.1670521,55.7062737],[-2.1669225,55.7064976],[-2.1666865,55.7067397],[-2.1666231,55.7068143],[-2.1665568,55.7069473],[-2.1665796,55.7070597],[-2.1667223,55.7073057],[-2.1667559,55.7073748],[-2.1667996,55.7075122],[-2.166891,55.7076882],[-2.1669903,55.7078291],[-2.1673242,55.7081476],[-2.1674678,55.7082409],[-2.1677358,55.7083834],[-2.1680435,55.7085096],[-2.1684945,55.7086708],[-2.1688421,55.7088275],[-2.169072,55.7089773],[-2.1692254,55.7091289],[-2.1693323,55.7091863],[-2.1704035,55.7095891],[-2.1712231,55.7099752],[-2.1718964,55.7103705],[-2.172492,55.7108055],[-2.1731937,55.7114712],[-2.1735086,55.7117888],[-2.1737055,55.7120509],[-2.1739054,55.7122707],[-2.1742316,55.7126027],[-2.1747068,55.7131861],[-2.1754717,55.7140988],[-2.1757388,55.714376],[-2.1759247,55.7146606],[-2.1761265,55.7149362],[-2.176327,55.7152881],[-2.1764717,55.7155997],[-2.1766879,55.7158905],[-2.1768959,55.7161364],[-2.1769553,55.7162728],[-2.1770457,55.7165234],[-2.177112,55.7167641],[-2.1771739,55.7170561],[-2.1772482,55.717312],[-2.1772859,55.7175455],[-2.1772506,55.7178304],[-2.1771532,55.7181226],[-2.1769888,55.718378],[-2.176748,55.7186336],[-2.1765118,55.7188405],[-2.1760296,55.7192285],[-2.1754343,55.7196094],[-2.1751011,55.719848],[-2.1744073,55.7202659],[-2.1739975,55.7204605],[-2.173529,55.7207011],[-2.1729014,55.7209599],[-2.1726757,55.7210455],[-2.1721734,55.7212152],[-2.1716727,55.7213964],[-2.1705488,55.7217566],[-2.1697016,55.7220353],[-2.1694567,55.7221121],[-2.1688476,55.7222441],[-2.1676863,55.7224488],[-2.1669179,55.7225531],[-2.1660553,55.7226261],[-2.1653057,55.7226748],[-2.1645387,55.7227486],[-2.1636666,55.7227992],[-2.1628739,55.722829],[-2.1622149,55.7228847],[-2.1615735,55.7229008],[-2.160763,55.7228758],[-2.1601819,55.7228649],[-2.1593493,55.7228579],[-2.1591807,55.7228617],[-2.1589975,55.7228566],[-2.1588048,55.7228415],[-2.1586646,55.722822],[-2.1585388,55.7227943],[-2.1584192,55.7227612],[-2.1582694,55.7227066],[-2.1573003,55.7224176],[-2.1569099,55.7223219],[-2.1567808,55.722296],[-2.156569,55.7222613],[-2.1561326,55.7222214],[-2.155327,55.7221838],[-2.1546726,55.7221729],[-2.15423,55.7221762],[-2.1535679,55.7221995],[-2.1530237,55.7222514],[-2.1522552,55.7223646],[-2.1520325,55.7224162],[-2.1517431,55.7225091],[-2.1507074,55.7230728],[-2.1505675,55.7231574],[-2.1504977,55.7232024],[-2.1503104,55.7233411],[-2.1501073,55.7235138],[-2.1497663,55.7238413],[-2.14966,55.723951],[-2.1493969,55.7242514],[-2.1491419,55.7245914],[-2.1490626,55.7247083],[-2.1487701,55.725201],[-2.1484744,55.7257405],[-2.1479407,55.7265013],[-2.1478397,55.7267323],[-2.1477753,55.7269624],[-2.1477534,55.727081],[-2.1477412,55.7271997],[-2.147742,55.7274315],[-2.147752,55.7275375],[-2.1477699,55.7276435],[-2.1478136,55.7278187],[-2.1479391,55.7285903],[-2.1480588,55.7295084],[-2.1482182,55.7299584],[-2.1488356,55.7311257],[-2.1492095,55.7318728],[-2.1497552,55.7329926],[-2.1498066,55.7331157],[-2.14985,55.7332387],[-2.1499018,55.7334282],[-2.1499526,55.7342493],[-2.149941,55.7345306],[-2.1498753,55.7348227],[-2.1498154,55.7350016],[-2.1497382,55.7351948],[-2.1496576,55.735372],[-2.1495801,55.7355167],[-2.1494187,55.7357694],[-2.1492919,55.7359241],[-2.1490841,55.7361534],[-2.1487367,55.7364899],[-2.1478904,55.737173],[-2.1471869,55.73772],[-2.1465991,55.7380847],[-2.1465292,55.7381279],[-2.1461193,55.7383907],[-2.1460431,55.7384448]]}},{"type":"Feature","properties":{"admin_level":"4","boundary":"administrative","source":"OS_OpenData_Boundary-Line","name":"England - Scotland","osmId":"way/606457552","ukNationBorder":true},"geometry":{"type":"LineString","coordinates":[[-2.1460431,55.7384448],[-2.1458731,55.7385644],[-2.1457634,55.7386337],[-2.1455839,55.7387337],[-2.1453183,55.7388589],[-2.1446917,55.7391112],[-2.1444262,55.7392113],[-2.1440109,55.739352],[-2.1424612,55.7397689],[-2.141844,55.7399259],[-2.1415034,55.7400018],[-2.1406391,55.7401789],[-2.1395234,55.7403787],[-2.1387243,55.7404757],[-2.1376426,55.740433],[-2.1366296,55.7404089],[-2.1365372,55.7404036],[-2.1356547,55.7403516],[-2.1354699,55.7403348],[-2.135097,55.7402857],[-2.1346539,55.7402089],[-2.1340914,55.7400883],[-2.1337073,55.7400213],[-2.1333136,55.7399543],[-2.1324597,55.7398349],[-2.1313615,55.7396195],[-2.1313306,55.7393913],[-2.1312215,55.7391596],[-2.1309866,55.7389442],[-2.1304666,55.7387075],[-2.1274804,55.7377412],[-2.1262531,55.7373849],[-2.1259185,55.7373322],[-2.1254516,55.737277],[-2.1251522,55.7372549],[-2.1248416,55.7372381],[-2.1245788,55.7372321],[-2.1243016,55.7372315],[-2.1240197,55.737238],[-2.1236965,55.7372536],[-2.1233733,55.7372764],[-2.1230963,55.7373027],[-2.1226792,55.7373544],[-2.1222989,55.7374329],[-2.1219345,55.7375519],[-2.1214523,55.737662],[-2.1209812,55.7377442],[-2.1207742,55.7377731],[-2.120451,55.7378095],[-2.119921,55.7378872],[-2.1191285,55.7380704],[-2.1188531,55.7381489],[-2.1186988,55.7382038],[-2.118473,55.7382965],[-2.1182725,55.7383991],[-2.1180659,55.7385162],[-2.1177782,55.7386818],[-2.1176335,55.7387754]]}},{"type":"Feature","properties":{"admin_level":"4","boundary":"administrative","source":"OS_OpenData_Boundary-Line","name":"England - Scotland","osmId":"way/632468568","ukNationBorder":true},"geometry":{"type":"LineString","coordinates":[[-3.046439,55.0020855],[-3.0464578,55.0022239],[-3.0464652,55.0022781],[-3.0465041,55.0025863],[-3.0465183,55.0026991],[-3.0465642,55.0030213],[-3.0466586,55.0037035],[-3.0466631,55.0037375],[-3.0467211,55.0041802],[-3.0467488,55.0043894],[-3.0468216,55.0046336],[-3.0468414,55.0047183],[-3.0467968,55.0048041],[-3.0467722,55.0048205],[-3.0462825,55.005052],[-3.0456587,55.0054142],[-3.0454935,55.005554],[-3.04541,55.0056499],[-3.0453004,55.0057633],[-3.0451315,55.0059435],[-3.0450591,55.0060457],[-3.0450291,55.0060927],[-3.0450117,55.0061468],[-3.0450184,55.0062053],[-3.0450378,55.0063759],[-3.0450583,55.0065552],[-3.0451295,55.0067074],[-3.0453173,55.0070186],[-3.0452906,55.0071481],[-3.0452628,55.007199],[-3.0452037,55.0073072],[-3.0451143,55.007436],[-3.0450938,55.0074718],[-3.0450506,55.0075477],[-3.0450532,55.0076182],[-3.0450637,55.0076388],[-3.0450985,55.0077068],[-3.0451743,55.0077591],[-3.0453122,55.0078543],[-3.0453841,55.0078801],[-3.0454756,55.0079129],[-3.0456763,55.0079519],[-3.0458796,55.0079501],[-3.0459023,55.0079474],[-3.0460685,55.0079278],[-3.0461895,55.0078443],[-3.046288,55.0077625],[-3.0463575,55.0076521],[-3.0464506,55.0075551],[-3.0465432,55.0074585],[-3.046688,55.0073503],[-3.0469216,55.0072356],[-3.0470675,55.007164],[-3.047172,55.0071127],[-3.0473801,55.0070296],[-3.0474218,55.0070112],[-3.0475864,55.0069667],[-3.0482222,55.0067626],[-3.0484964,55.0067297],[-3.0486634,55.0067759],[-3.0489765,55.00697],[-3.0491757,55.0071156],[-3.0494136,55.0073041],[-3.0495956,55.0074472],[-3.0497411,55.0076922],[-3.0497394,55.0077275],[-3.049733,55.0078603],[-3.049729,55.0080014],[-3.0496869,55.008071],[-3.049607,55.0081822],[-3.0495639,55.0083586],[-3.0495454,55.0085041],[-3.0495264,55.0089881],[-3.0495221,55.009185],[-3.0494895,55.0093137],[-3.049454,55.0093895],[-3.0493723,55.009436],[-3.0492494,55.0094588],[-3.0491241,55.0094508],[-3.0484131,55.0092862],[-3.0482366,55.0092967],[-3.0480166,55.0093741],[-3.0478926,55.0095351],[-3.0477756,55.0096637],[-3.0477615,55.0098198],[-3.0478065,55.0099733],[-3.0478265,55.0100899],[-3.0478706,55.0102329],[-3.0478891,55.0103085],[-3.047892,55.0103695],[-3.0478513,55.0104275],[-3.0476954,55.0105849],[-3.0475981,55.0106556],[-3.0474394,55.010746],[-3.0472961,55.0107688],[-3.0471113,55.0107569],[-3.0468738,55.0107049],[-3.0465317,55.0105956],[-3.0463085,55.0105544],[-3.0460024,55.0105076],[-3.0457429,55.0105098],[-3.0456234,55.0105477],[-3.0454574,55.0106569],[-3.045435,55.0108189],[-3.0454144,55.0113474],[-3.0452415,55.011614],[-3.045141,55.0117758],[-3.0450428,55.0119123],[-3.0450207,55.012086],[-3.045006,55.0122266],[-3.0449849,55.0124428],[-3.0449824,55.0125314],[-3.0449578,55.0126125],[-3.0448212,55.0127271],[-3.04476,55.0127948],[-3.0446573,55.0128881],[-3.0445543,55.0130017],[-3.0443259,55.0131752],[-3.0442552,55.0132333],[-3.0441518,55.0132387],[-3.0438569,55.0132577],[-3.0435385,55.0132966],[-3.0433893,55.0133087],[-3.0431793,55.0133389],[-3.0429492,55.0134877],[-3.0427991,55.0136121],[-3.0427159,55.013783],[-3.0428942,55.013978],[-3.0429112,55.0141626],[-3.0427459,55.0142911],[-3.0426155,55.0144262],[-3.042471,55.0145759],[-3.0423962,55.0146426],[-3.0423403,55.0147031],[-3.0422667,55.0147789],[-3.0421976,55.0148767],[-3.0420927,55.0149979],[-3.0419098,55.015221],[-3.0417629,55.0154112],[-3.0416884,55.0155162],[-3.0415507,55.015686],[-3.0413828,55.0158869],[-3.041321,55.0159622],[-3.0409554,55.0159612],[-3.0407974,55.0159817],[-3.0406523,55.0159935],[-3.0403024,55.0160349],[-3.0400551,55.0160573],[-3.0399089,55.0160758],[-3.03961,55.0161001],[-3.0395235,55.0161785],[-3.039416,55.0162637],[-3.0393619,55.0163104],[-3.0392369,55.0164098],[-3.0391645,55.0164756],[-3.039275,55.0169102],[-3.039549,55.0170162],[-3.0398324,55.0171681],[-3.0400124,55.0173047],[-3.0401388,55.0174186],[-3.0402657,55.0175124],[-3.0403618,55.017581],[-3.040434,55.0176283],[-3.0405292,55.0177182],[-3.0406263,55.017825],[-3.0406232,55.0178706],[-3.0406806,55.0179869],[-3.0406086,55.0180954],[-3.0405687,55.0182414],[-3.0404955,55.0183497],[-3.040451,55.0184193],[-3.0404326,55.018463],[-3.0405767,55.0186069],[-3.0406058,55.0186362],[-3.0406877,55.018674],[-3.040918,55.0187743],[-3.0412292,55.0189253],[-3.041467,55.0190574],[-3.0415542,55.0191086],[-3.0416761,55.0191718],[-3.0418261,55.0192493],[-3.0419964,55.0193432],[-3.042061,55.0193874],[-3.0421354,55.0194469],[-3.0422133,55.0195115],[-3.042273,55.0195499],[-3.0422902,55.0196174],[-3.0420669,55.0198083],[-3.0419602,55.0199245],[-3.0419424,55.0200156],[-3.0418679,55.0201078],[-3.0417294,55.0201815],[-3.0416642,55.0201929],[-3.0411591,55.0202056],[-3.0409431,55.0202149],[-3.0407201,55.0202243],[-3.0404638,55.020231],[-3.0401589,55.0202381],[-3.039923,55.0202823],[-3.0397843,55.0203189],[-3.0397027,55.0203707],[-3.0396799,55.0204085],[-3.0396687,55.0204516],[-3.0396703,55.0205037],[-3.0397217,55.0206247],[-3.039749,55.0207276],[-3.0398186,55.0208153],[-3.0399206,55.0208755],[-3.0400777,55.0209617],[-3.0402608,55.0210578],[-3.0403684,55.0210993],[-3.0404635,55.0211417],[-3.0405882,55.0212065],[-3.0406934,55.0212514],[-3.040755,55.0212908],[-3.040785,55.0213705],[-3.040792,55.0214149],[-3.0408027,55.0214828],[-3.0408666,55.021667],[-3.0409079,55.0218915],[-3.0407826,55.0221621],[-3.0407056,55.0223502],[-3.0406388,55.0224939],[-3.0403863,55.0226056],[-3.0402621,55.0226646],[-3.0401594,55.0227048],[-3.0398649,55.0228497],[-3.0394525,55.0228574],[-3.0393605,55.0228681],[-3.039273,55.0228706],[-3.0391947,55.0228659],[-3.0391066,55.0228523],[-3.0388308,55.0227081],[-3.0385025,55.0225312],[-3.0382434,55.0223716],[-3.038055,55.0222277],[-3.0380043,55.022193],[-3.0379707,55.02217],[-3.0378893,55.0221105],[-3.0377645,55.0220594],[-3.0376352,55.0220219],[-3.0374148,55.021992],[-3.0372617,55.0219712],[-3.0371109,55.0219406],[-3.0370274,55.0219237],[-3.0369253,55.0219093],[-3.0368345,55.0219056],[-3.0367904,55.021907],[-3.0367547,55.0219081],[-3.0366737,55.0219178],[-3.036571,55.0219402],[-3.0364687,55.0219752],[-3.0364193,55.0219963],[-3.0362066,55.0221213],[-3.0361023,55.0221714],[-3.0354387,55.02249],[-3.0350278,55.0226902],[-3.0348306,55.0227503],[-3.0347114,55.0227927],[-3.0346166,55.0228196],[-3.0345239,55.0228653],[-3.034393,55.0229455],[-3.034329,55.0230089],[-3.0343051,55.0230522],[-3.034288,55.0231189],[-3.0342923,55.0231656],[-3.0343322,55.0232569],[-3.0343869,55.0235],[-3.0344088,55.0237398],[-3.0343835,55.0238523],[-3.0343559,55.0239936],[-3.0342625,55.0240744],[-3.0340985,55.0241432],[-3.0339251,55.0241871],[-3.0338451,55.0242073],[-3.0332937,55.0242965],[-3.0329684,55.0242992],[-3.0326521,55.0243134],[-3.0323462,55.0243405],[-3.0320017,55.0243672],[-3.0313312,55.0243712],[-3.0310842,55.0243861],[-3.030795,55.0244412],[-3.0304776,55.0245217],[-3.0303138,55.0245985],[-3.0302351,55.0246405],[-3.0301445,55.024769],[-3.0300761,55.0249079],[-3.0300606,55.0251543],[-3.0300422,55.0253513],[-3.03005,55.0254743],[-3.0301618,55.0255641],[-3.0304648,55.0256658],[-3.0307818,55.0257063],[-3.0311537,55.0258127],[-3.0313064,55.0258528],[-3.0316014,55.0259456],[-3.0317426,55.0260243],[-3.0318776,55.0261615],[-3.0319342,55.0262977],[-3.0318886,55.0264104],[-3.0317573,55.0265976],[-3.0316818,55.0267644],[-3.0316125,55.026861],[-3.0315716,55.026947],[-3.0316596,55.0270567],[-3.0317341,55.0271558],[-3.0318936,55.0272296],[-3.0319781,55.0272742],[-3.0320451,55.027291],[-3.0321373,55.0274133],[-3.0322174,55.0275068],[-3.0322491,55.0277031],[-3.032217,55.0278395],[-3.0322496,55.02798],[-3.0322292,55.0280332],[-3.0322165,55.0280881],[-3.0322234,55.0281753],[-3.0322346,55.0283063],[-3.0323425,55.0284285],[-3.0325414,55.0285581],[-3.0327891,55.0286404],[-3.0329252,55.0287022],[-3.0330549,55.028755],[-3.0333159,55.0288049],[-3.0335288,55.0288705],[-3.0338738,55.0290221],[-3.0339325,55.0290567],[-3.0340263,55.0291134],[-3.0341311,55.0291763],[-3.0342577,55.0292876],[-3.0343552,55.0294342]]}},{"type":"Feature","properties":{"admin_level":"4","boundary":"administrative","name":"England - Scotland","source":"OS OpenData Boundary-Line","waterway":"stream","osmId":"way/632475941","ukNationBorder":true},"geometry":{"type":"LineString","coordinates":[[-2.683296,55.2019477],[-2.6832513,55.2018287],[-2.6833021,55.2017702],[-2.6831286,55.201655],[-2.682949,55.2013837],[-2.6829353,55.2013046],[-2.6828683,55.201261],[-2.6828614,55.2012008],[-2.6827624,55.2010679],[-2.6828166,55.2009281],[-2.6828426,55.2007924],[-2.682845,55.2006542],[-2.6828031,55.2005674],[-2.6828073,55.2004888],[-2.6826054,55.2003662],[-2.6826123,55.2003203],[-2.6826225,55.2002508],[-2.6826062,55.2001469],[-2.6826217,55.200041],[-2.682734,55.2000162],[-2.6827755,55.1999763],[-2.6827594,55.1999166],[-2.6827545,55.1999076],[-2.6827137,55.1998325],[-2.6826141,55.1997799],[-2.682603,55.19969],[-2.6822554,55.1995601],[-2.6822581,55.199512],[-2.6820349,55.1993098],[-2.6820611,55.1992641],[-2.6820455,55.1992117],[-2.6818373,55.199177],[-2.6818345,55.1991382],[-2.6815951,55.1990587],[-2.6814715,55.1990088],[-2.6814131,55.1989561],[-2.6814715,55.1989175],[-2.6813352,55.1988626],[-2.6813599,55.1988093],[-2.681296,55.1987188],[-2.6811881,55.1986405],[-2.6812267,55.1985705],[-2.6812887,55.1985257],[-2.6812779,55.1984597],[-2.681479,55.1982426],[-2.6814854,55.1981514],[-2.6814458,55.1980481],[-2.6815739,55.1979492],[-2.6815793,55.1978556],[-2.6817199,55.1977182],[-2.6817011,55.1976303],[-2.6819359,55.1973072],[-2.6819972,55.1971236],[-2.6822617,55.1968917],[-2.682374,55.1968315],[-2.6825855,55.1967593],[-2.6827727,55.1965686],[-2.6829269,55.1965202],[-2.6831183,55.1964152],[-2.6832447,55.1963837],[-2.6834277,55.1963895],[-2.6835106,55.1963729],[-2.6835458,55.1963351],[-2.6833937,55.1962806],[-2.6834699,55.1962464],[-2.6835713,55.1961918],[-2.6836266,55.1962019],[-2.6837254,55.1962749],[-2.6837836,55.1962195],[-2.683797,55.1961537],[-2.6836993,55.1960654],[-2.6836357,55.1960136],[-2.6836677,55.1959658],[-2.6838156,55.1958858],[-2.6838255,55.1958381],[-2.6838063,55.1957913],[-2.683844,55.195738],[-2.6839224,55.1957323],[-2.6839355,55.1957926],[-2.6840211,55.1958237],[-2.6841003,55.1958212],[-2.6841667,55.1958727],[-2.6842544,55.1959141],[-2.6842633,55.1958565],[-2.6844328,55.1957651],[-2.6848062,55.1956777],[-2.684675,55.1955499],[-2.6846765,55.1955149],[-2.6847498,55.1955238],[-2.6848372,55.1955065],[-2.6849519,55.1954617],[-2.6850339,55.1954743],[-2.6849404,55.1955079],[-2.6849248,55.1955374],[-2.6849898,55.1955657],[-2.6851921,55.1955771],[-2.6851948,55.1954869],[-2.6851313,55.1953897],[-2.6851844,55.1953501],[-2.6852178,55.1952818],[-2.6852728,55.1952593],[-2.6853555,55.1952684],[-2.6854351,55.1952388],[-2.685523,55.1951788],[-2.6854296,55.1951022],[-2.6854227,55.1950648],[-2.6854558,55.1950433],[-2.685519,55.1950283],[-2.68563,55.1950002],[-2.6855541,55.1948535],[-2.6856071,55.1947364],[-2.6858485,55.1945557],[-2.6859113,55.1945333],[-2.6858941,55.1944946],[-2.6859651,55.1944369],[-2.6859225,55.1943973],[-2.685789,55.1943084],[-2.6858733,55.1942125],[-2.6859698,55.1941729],[-2.685975,55.1941236],[-2.6859239,55.1940374],[-2.6860973,55.1940085],[-2.6862515,55.1940434],[-2.6862825,55.1940108],[-2.6862812,55.1939668],[-2.6862292,55.193928],[-2.6860887,55.1938755],[-2.6859778,55.1937495],[-2.6860311,55.193723],[-2.6860616,55.1936909],[-2.6860552,55.1936632],[-2.6859308,55.193643],[-2.685788,55.1935982],[-2.6856482,55.1934094],[-2.6855096,55.1933398],[-2.6853937,55.193317],[-2.6852658,55.1932345],[-2.6851078,55.1931599],[-2.6849591,55.1930923],[-2.6848256,55.1930404],[-2.6847554,55.1929458],[-2.684705,55.1928572],[-2.6846829,55.1927857],[-2.6847142,55.192739],[-2.684798,55.1927208],[-2.6849075,55.1927312],[-2.6850674,55.1926978],[-2.6851613,55.1926551],[-2.6852856,55.192627],[-2.6854254,55.1926037],[-2.6854942,55.1925684],[-2.6855834,55.1925142],[-2.6855606,55.1924439],[-2.6854803,55.1923589],[-2.6854346,55.1922694],[-2.6854589,55.1921622],[-2.6856256,55.1920762],[-2.6856948,55.1919799],[-2.6856916,55.1918927],[-2.6854713,55.1917836],[-2.6854633,55.1916909],[-2.6855721,55.1916023],[-2.6858188,55.1915792],[-2.685821,55.1915188],[-2.685704,55.1914024],[-2.6857774,55.1912896],[-2.6859313,55.1911449],[-2.6861121,55.1911573],[-2.6861693,55.1912282],[-2.6862289,55.191237],[-2.6862645,55.1912048],[-2.6862838,55.1911525],[-2.686291,55.1910446],[-2.686214,55.1909732],[-2.6861206,55.1909272],[-2.686144,55.1907849],[-2.6862399,55.1906991],[-2.6864211,55.1906087],[-2.6866609,55.1905508],[-2.6868676,55.1905062],[-2.6868956,55.1904153],[-2.6868251,55.1903781],[-2.6868109,55.1903229],[-2.686855,55.1902103],[-2.6868784,55.1901218],[-2.6869018,55.1900522],[-2.6870069,55.1900012],[-2.687087,55.190089],[-2.6872044,55.1901315],[-2.6873207,55.1901333],[-2.6874089,55.1900831],[-2.6874477,55.1900302],[-2.6874305,55.1899734],[-2.6873981,55.1899122],[-2.6873913,55.1898189],[-2.6873157,55.189757],[-2.6872004,55.1897164],[-2.6872649,55.1896891],[-2.6874053,55.1896925],[-2.6876859,55.1895947],[-2.6877526,55.1895378],[-2.687988,55.1894847],[-2.6882724,55.1893369],[-2.6884262,55.1893392],[-2.6885567,55.1893335],[-2.6887359,55.1892627],[-2.6889688,55.1891892],[-2.6891735,55.1891114],[-2.6891365,55.1889577],[-2.689249,55.1888726],[-2.6893283,55.1888483],[-2.6894216,55.1888587],[-2.6894948,55.1889467],[-2.6896469,55.1889801],[-2.6898096,55.1889848]]}},{"type":"Feature","properties":{"admin_level":"4","boundary":"administrative","source":"OS_OpenData_Boundary-Line","name":"England - Scotland","osmId":"way/1268767661","ukNationBorder":true},"geometry":{"type":"LineString","coordinates":[[-3.0561943,54.987563],[-3.0562588,54.9877534],[-3.0563504,54.987824],[-3.0566248,54.9880343],[-3.0567297,54.9881133],[-3.0568024,54.9881681],[-3.0569659,54.9882914],[-3.0570536,54.9883575],[-3.0571395,54.9884222],[-3.0572366,54.9884922],[-3.0573586,54.9885874],[-3.0574941,54.9888717],[-3.0575857,54.9891148],[-3.0576706,54.9893267],[-3.0576804,54.9893652],[-3.0577109,54.9895008],[-3.0577374,54.9896153],[-3.0577644,54.9897391],[-3.0577979,54.9898939],[-3.0578449,54.9901453],[-3.0578709,54.9903318],[-3.0578794,54.9905786],[-3.0578808,54.9906538],[-3.0578828,54.9907597],[-3.0578832,54.9907842],[-3.0578845,54.9908495],[-3.0578857,54.9909171],[-3.0578869,54.9909791],[-3.0578874,54.9910047],[-3.057888,54.991035],[-3.0578886,54.9910688],[-3.0578897,54.991127],[-3.0578907,54.9911807],[-3.0578879,54.9912646],[-3.0578847,54.9913184],[-3.0578786,54.9914243],[-3.0578767,54.9914568],[-3.057811,54.9915593],[-3.0577481,54.9916576],[-3.0576729,54.991775],[-3.0571266,54.9919073],[-3.0566298,54.9920097],[-3.0557423,54.992252],[-3.0545331,54.992438],[-3.0540738,54.9925808],[-3.0534606,54.9927755],[-3.0532997,54.9928273],[-3.0523563,54.9930896],[-3.0520698,54.9931937],[-3.0519987,54.9932266],[-3.0519546,54.9932719],[-3.0519469,54.9933996],[-3.0520803,54.9937147],[-3.0522428,54.9938543],[-3.0523885,54.9939742],[-3.052579,54.994132],[-3.0526888,54.9942667],[-3.0527827,54.9943716],[-3.0527173,54.9946605],[-3.0526647,54.994707],[-3.052197,54.9950101],[-3.0521005,54.9950878],[-3.0517003,54.9953222],[-3.0510141,54.9956975],[-3.0509635,54.9957252],[-3.0506401,54.995902],[-3.0501135,54.9962076],[-3.0499946,54.9963264],[-3.0499384,54.9963898],[-3.0497849,54.9965564],[-3.0497116,54.9966395],[-3.0496603,54.9966977],[-3.0495217,54.996831],[-3.0493435,54.9969539],[-3.0488106,54.9972018],[-3.0487437,54.9972183],[-3.0486171,54.9972496],[-3.0483101,54.9973253],[-3.0481471,54.9973488],[-3.0477639,54.9974087],[-3.0475212,54.9974467],[-3.0466021,54.9976251],[-3.0462707,54.9976894],[-3.0459176,54.9977899],[-3.0456231,54.9978738],[-3.0455025,54.9979081],[-3.0451662,54.9980254],[-3.0450998,54.9980482],[-3.0445217,54.99824],[-3.0444964,54.9982551],[-3.0443152,54.9983396],[-3.0441743,54.9984318],[-3.0440811,54.9985512],[-3.0439792,54.9986643],[-3.0440124,54.9987961],[-3.0440488,54.9989127],[-3.0440584,54.9989432],[-3.0442081,54.9990479],[-3.0444647,54.9991167],[-3.0449266,54.9992053],[-3.0450603,54.9992273],[-3.0452281,54.9992548],[-3.0452455,54.9992605],[-3.045399,54.999311],[-3.0454599,54.999331],[-3.0455921,54.9993953],[-3.0456742,54.9994568],[-3.0457753,54.9995225],[-3.0458078,54.9995437],[-3.0458459,54.9995974],[-3.0458888,54.999658],[-3.0459419,54.9998076],[-3.0459868,54.999934],[-3.0460062,54.9999652],[-3.0460895,55.0000994],[-3.0461199,55.0001362],[-3.0463219,55.0003805],[-3.0463496,55.0004286],[-3.0464015,55.0005869],[-3.0464078,55.0006208],[-3.0464534,55.0008053],[-3.0464495,55.0008441],[-3.0464447,55.0008925],[-3.0463895,55.001115],[-3.0463447,55.0013751],[-3.046339,55.0015901],[-3.0463368,55.0016717],[-3.0463949,55.0018936],[-3.0464323,55.0020366],[-3.046439,55.0020855]]}},{"type":"Feature","properties":{"admin_level":"4","boundary":"administrative","source":"OS_OpenData_Boundary-Line","name":"England - Scotland","osmId":"way/1327181462","ukNationBorder":true},"geometry":{"type":"LineString","coordinates":[[-2.1176335,55.7387754],[-2.1176287,55.7387781],[-2.1175239,55.7388537],[-2.1174619,55.7389067],[-2.1172697,55.7390992],[-2.1172142,55.7391675],[-2.1171794,55.739225],[-2.1171415,55.7393275],[-2.1171433,55.7394282],[-2.1171627,55.7395036],[-2.1172108,55.7396087],[-2.1173059,55.7399931],[-2.1174242,55.7406499],[-2.1174531,55.7407226],[-2.1175027,55.7408061],[-2.1175713,55.740886],[-2.117648,55.7409525],[-2.1177422,55.7410126],[-2.117865,55.7410744],[-2.1180484,55.7411524],[-2.1183401,55.7412446],[-2.1183895,55.7412608],[-2.1186702,55.7413486],[-2.1188328,55.7413961],[-2.1188934,55.7414211],[-2.1190082,55.7414884],[-2.1190737,55.741544],[-2.1191808,55.7416491],[-2.1192886,55.7419931],[-2.1192753,55.7423696],[-2.1191598,55.742598],[-2.1191566,55.7426006],[-2.1190294,55.7427086],[-2.1187994,55.7429739],[-2.1185105,55.7433263],[-2.1184114,55.7437559],[-2.1182842,55.7443329],[-2.1182479,55.7444426],[-2.1182211,55.7445163],[-2.1179647,55.745088],[-2.1177554,55.7453829],[-2.1175078,55.7456796],[-2.1172222,55.7460528],[-2.1169522,55.7463307],[-2.1168061,55.7464916],[-2.1164457,55.7468657],[-2.1159914,55.7473119],[-2.1157134,55.7475601],[-2.115591,55.7476483],[-2.115025,55.748028],[-2.114885,55.7480919],[-2.1147768,55.7481288],[-2.1143454,55.7482425],[-2.1138185,55.7483624],[-2.1134172,55.7484203],[-2.1132276,55.7484151],[-2.1130921,55.748399],[-2.1126825,55.7483239],[-2.1124435,55.7482891],[-2.1109467,55.74795],[-2.11011,55.7478177],[-2.1091827,55.7477637],[-2.1089389,55.7477451],[-2.1087335,55.7477372],[-2.1086363,55.7477364],[-2.1082524,55.7477475],[-2.1080915,55.7477584],[-2.1075214,55.7478164],[-2.1074052,55.7478381],[-2.1073112,55.7478643],[-2.1072063,55.747903],[-2.107157,55.7479255],[-2.1068817,55.7480748],[-2.1065956,55.7483285],[-2.1065147,55.7484238],[-2.1064354,55.7485668],[-2.1063358,55.7488544],[-2.1061253,55.7493496],[-2.1060196,55.7496785],[-2.105969,55.749887],[-2.1059472,55.7500236],[-2.1059407,55.7505906],[-2.1059616,55.751198],[-2.1060208,55.7513543],[-2.1061713,55.7516381],[-2.1062978,55.7518293],[-2.1065168,55.7521077],[-2.1068531,55.7527363],[-2.1069157,55.7528387]]}}]}
