{"type":"FeatureCollection","features":[{"type":"Feature","properties":{},"geometry":{"type":"Point","coordinates":[-1.5175172,54.6758441]}},{"type":"Feature","properties":{},"geometry":{"type":"Point","coordinates":[-1.5801921,54.9670725]}},{"type":"Feature","properties":{},"geometry":{"type":"Point","coordinates":[-1.5608414,54.9616638]}},{"type":"Feature","properties":{},"geometry":{"type":"Point","coordinates":[-1.4301853,54.9119558]}},{"type":"Feature","properties":{},"geometry":{"type":"Point","coordinates":[-1.4576583,54.9023599]}},{"type":"Feature","properties":{},"geometry":{"type":"Point","coordinates":[-1.486862,54.8948027]}},{"type":"Feature","properties":{},"geometry":{"type":"Point","coordinates":[-1.3720448,54.9138367]}},{"type":"Feature","properties":{"name":"Derwent Reservoir"},"geometry":{"type":"Point","coordinates":[-1.9902567,54.865549]}},{"type":"Feature","properties":{"name":"Hallington Reservoir East"},"geometry":{"type":"Point","coordinates":[-2.0431671,55.0834199]}},{"type":"Feature","properties":{"name":"Far Pasture Ponds"},"geometry":{"type":"Point","coordinates":[-1.7325211,54.9265618]}},{"type":"Feature","properties":{"name":"Hisehope Reservoir"},"geometry":{"type":"Point","coordinates":[-1.9678064,54.8131149]}},{"type":"Feature","properties":{},"geometry":{"type":"Point","coordinates":[-1.7341409,54.9748405]}},{"type":"Feature","properties":{},"geometry":{"type":"Point","coordinates":[-1.7695494,54.9823862]}},{"type":"Feature","properties":{},"geometry":{"type":"Point","coordinates":[-1.500605,54.9869805]}},{"type":"Feature","properties":{},"geometry":{"type":"Point","coordinates":[-1.6534359,54.9595753]}},{"type":"Feature","properties":{},"geometry":{"type":"Point","coordinates":[-1.3942108,54.9137261]}},{"type":"Feature","properties":{},"geometry":{"type":"Point","coordinates":[-1.4680749,54.9011117]}},{"type":"Feature","properties":{},"geometry":{"type":"Point","coordinates":[-1.8305541,54.9748943]}},{"type":"Feature","properties":{},"geometry":{"type":"Point","coordinates":[-1.7030802,54.9695906]}},{"type":"Feature","properties":{"name":"Headland Paddling Pool"},"geometry":{"type":"Point","coordinates":[-1.1776902,54.6945539]}},{"type":"Feature","properties":{},"geometry":{"type":"Point","coordinates":[-1.605513,55.0231883]}},{"type":"Feature","properties":{"name":"Duck pond"},"geometry":{"type":"Point","coordinates":[-1.5642753,54.7248213]}},{"type":"Feature","properties":{},"geometry":{"type":"Point","coordinates":[-1.5633225,54.776557]}},{"type":"Feature","properties":{"name":"Bolam Lake"},"geometry":{"type":"Point","coordinates":[-1.8740797,55.1307195]}},{"type":"Feature","properties":{},"geometry":{"type":"Point","coordinates":[-1.8797151,55.117726]}},{"type":"Feature","properties":{"name":"Rayburn Lake"},"geometry":{"type":"Point","coordinates":[-1.8281755,55.2297291]}},{"type":"Feature","properties":{},"geometry":{"type":"Point","coordinates":[-1.8922425,55.1750493]}},{"type":"Feature","properties":{"name":"Sled Lane Pond"},"geometry":{"type":"Point","coordinates":[-1.8020884,54.9639988]}},{"type":"Feature","properties":{},"geometry":{"type":"Point","coordinates":[-1.8952891,54.7719085]}},{"type":"Feature","properties":{"name":"Tunstall Reservoir"},"geometry":{"type":"Point","coordinates":[-1.8983527,54.7666892]}},{"type":"Feature","properties":{"name":"Smiddy Shaw Reservoir"},"geometry":{"type":"Point","coordinates":[-1.9336201,54.8107959]}},{"type":"Feature","properties":{},"geometry":{"type":"Point","coordinates":[-1.7981666,54.9785464]}},{"type":"Feature","properties":{},"geometry":{"type":"Point","coordinates":[-2.0283695,54.9024683]}},{"type":"Feature","properties":{},"geometry":{"type":"Point","coordinates":[-2.0311985,54.9020625]}},{"type":"Feature","properties":{},"geometry":{"type":"Point","coordinates":[-2.0314352,54.9027456]}},{"type":"Feature","properties":{},"geometry":{"type":"Point","coordinates":[-2.0262984,54.9005486]}},{"type":"Feature","properties":{},"geometry":{"type":"Point","coordinates":[-2.0207973,54.9002514]}},{"type":"Feature","properties":{},"geometry":{"type":"Point","coordinates":[-2.0212525,54.8995225]}},{"type":"Feature","properties":{},"geometry":{"type":"Point","coordinates":[-2.0322412,54.894806]}},{"type":"Feature","properties":{},"geometry":{"type":"Point","coordinates":[-2.0239404,54.894549]}},{"type":"Feature","properties":{},"geometry":{"type":"Point","coordinates":[-1.7969907,54.978403]}},{"type":"Feature","properties":{},"geometry":{"type":"Point","coordinates":[-1.796818,54.9778494]}},{"type":"Feature","properties":{"name":"Albert Edward Dock"},"geometry":{"type":"Point","coordinates":[-1.4520154,54.9959431]}},{"type":"Feature","properties":{},"geometry":{"type":"Point","coordinates":[-1.5775835,54.7622612]}},{"type":"Feature","properties":{},"geometry":{"type":"Point","coordinates":[-1.5719866,54.7639835]}},{"type":"Feature","properties":{},"geometry":{"type":"Point","coordinates":[-1.5730668,54.7637077]}},{"type":"Feature","properties":{"name":"Mildert Lake"},"geometry":{"type":"Point","coordinates":[-1.5806698,54.7627009]}},{"type":"Feature","properties":{},"geometry":{"type":"Point","coordinates":[-1.541135,54.7893343]}},{"type":"Feature","properties":{},"geometry":{"type":"Point","coordinates":[-1.5839582,54.7647916]}},{"type":"Feature","properties":{},"geometry":{"type":"Point","coordinates":[-1.5674438,54.7582726]}},{"type":"Feature","properties":{},"geometry":{"type":"Point","coordinates":[-1.5671734,54.7579111]}},{"type":"Feature","properties":{},"geometry":{"type":"Point","coordinates":[-1.6527152,54.9355202]}},{"type":"Feature","properties":{},"geometry":{"type":"Point","coordinates":[-1.5038826,54.8966186]}},{"type":"Feature","properties":{"name":"Swallow Pond"},"geometry":{"type":"Point","coordinates":[-1.529138,55.0168843]}},{"type":"Feature","properties":{},"geometry":{"type":"Point","coordinates":[-1.5726938,55.0447139]}},{"type":"Feature","properties":{},"geometry":{"type":"Point","coordinates":[-1.4129111,54.8837237]}},{"type":"Feature","properties":{},"geometry":{"type":"Point","coordinates":[-1.5816174,54.7840587]}},{"type":"Feature","properties":{},"geometry":{"type":"Point","coordinates":[-1.5096296,54.7373628]}},{"type":"Feature","properties":{},"geometry":{"type":"Point","coordinates":[-1.4655517,54.8771591]}},{"type":"Feature","properties":{},"geometry":{"type":"Point","coordinates":[-1.4667581,54.8772956]}},{"type":"Feature","properties":{"name":"Sunderland Marina"},"geometry":{"type":"Point","coordinates":[-1.3673013,54.9185285]}},{"type":"Feature","properties":{},"geometry":{"type":"Point","coordinates":[-1.4087615,54.8944732]}},{"type":"Feature","properties":{},"geometry":{"type":"Point","coordinates":[-1.655011,54.8931501]}},{"type":"Feature","properties":{},"geometry":{"type":"Point","coordinates":[-1.5044051,54.8005919]}},{"type":"Feature","properties":{},"geometry":{"type":"Point","coordinates":[-1.5100276,54.7439855]}},{"type":"Feature","properties":{},"geometry":{"type":"Point","coordinates":[-1.5136239,54.7350195]}},{"type":"Feature","properties":{},"geometry":{"type":"Point","coordinates":[-1.5750521,54.7619882]}},{"type":"Feature","properties":{},"geometry":{"type":"Point","coordinates":[-1.5762284,54.7611452]}},{"type":"Feature","properties":{},"geometry":{"type":"Point","coordinates":[-1.5729944,54.744613]}},{"type":"Feature","properties":{},"geometry":{"type":"Point","coordinates":[-1.5687747,54.7331987]}},{"type":"Feature","properties":{},"geometry":{"type":"Point","coordinates":[-1.5720464,54.7854587]}},{"type":"Feature","properties":{},"geometry":{"type":"Point","coordinates":[-1.5564676,54.7574124]}},{"type":"Feature","properties":{},"geometry":{"type":"Point","coordinates":[-1.5199419,54.6777596]}},{"type":"Feature","properties":{},"geometry":{"type":"Point","coordinates":[-1.5279533,54.7216037]}},{"type":"Feature","properties":{"name":"Queen Elizabeth II Country Park Lake"},"geometry":{"type":"Point","coordinates":[-1.5544193,55.1931782]}},{"type":"Feature","properties":{},"geometry":{"type":"Point","coordinates":[-1.5296989,54.7201243]}},{"type":"Feature","properties":{"name":"Throckley Pond"},"geometry":{"type":"Point","coordinates":[-1.7691704,54.9872339]}},{"type":"Feature","properties":{"name":"Gosforth Lake"},"geometry":{"type":"Point","coordinates":[-1.6040509,55.0260704]}},{"type":"Feature","properties":{"name":"Hart Reservoir"},"geometry":{"type":"Point","coordinates":[-1.2543753,54.7016067]}},{"type":"Feature","properties":{"name":"Hart Reservoir"},"geometry":{"type":"Point","coordinates":[-1.2507933,54.7009929]}},{"type":"Feature","properties":{"name":"Bates Mine Water Pond 2"},"geometry":{"type":"Point","coordinates":[-1.5270326,55.13471]}},{"type":"Feature","properties":{"name":"Bates Mine Water Pond 4"},"geometry":{"type":"Point","coordinates":[-1.5263388,55.1353421]}},{"type":"Feature","properties":{"name":"Bates Mine Water Pond 1"},"geometry":{"type":"Point","coordinates":[-1.5256492,55.1348232]}},{"type":"Feature","properties":{"name":"Bates Mine Water Pond 3"},"geometry":{"type":"Point","coordinates":[-1.5247603,55.1354527]}},{"type":"Feature","properties":{},"geometry":{"type":"Point","coordinates":[-1.6645276,55.0388625]}},{"type":"Feature","properties":{},"geometry":{"type":"Point","coordinates":[-1.6557745,55.0406147]}},{"type":"Feature","properties":{},"geometry":{"type":"Point","coordinates":[-1.6538642,55.0408115]}},{"type":"Feature","properties":{"name":"fish pond"},"geometry":{"type":"Point","coordinates":[-1.583618,54.7856554]}},{"type":"Feature","properties":{},"geometry":{"type":"Point","coordinates":[-1.890362,55.000789]}},{"type":"Feature","properties":{},"geometry":{"type":"Point","coordinates":[-1.8945977,55.0112218]}},{"type":"Feature","properties":{},"geometry":{"type":"Point","coordinates":[-1.9027851,55.0053691]}},{"type":"Feature","properties":{},"geometry":{"type":"Point","coordinates":[-1.8964758,55.0046134]}},{"type":"Feature","properties":{},"geometry":{"type":"Point","coordinates":[-1.8989394,55.0074836]}},{"type":"Feature","properties":{},"geometry":{"type":"Point","coordinates":[-1.823682,54.7757566]}},{"type":"Feature","properties":{"name":"Little Swinburn Reservoir"},"geometry":{"type":"Point","coordinates":[-2.08613,55.0906691]}},{"type":"Feature","properties":{},"geometry":{"type":"Point","coordinates":[-1.5199958,54.8515785]}},{"type":"Feature","properties":{"name":"Airy Holm Reservoir"},"geometry":{"type":"Point","coordinates":[-1.9287627,54.8800171]}},{"type":"Feature","properties":{"name":"Close Encounters"},"geometry":{"type":"Point","coordinates":[-1.4851069,54.8984965]}},{"type":"Feature","properties":{"name":"Wader Lake"},"geometry":{"type":"Point","coordinates":[-1.4782787,54.89953]}},{"type":"Feature","properties":{"name":"Reservoir and filter reedbed"},"geometry":{"type":"Point","coordinates":[-1.4843244,54.8964945]}},{"type":"Feature","properties":{"name":"North Basin"},"geometry":{"type":"Point","coordinates":[-1.1972451,54.6972844]}},{"type":"Feature","properties":{"name":"Paddy Freeman's Pond"},"geometry":{"type":"Point","coordinates":[-1.5946462,54.9975764]}},{"type":"Feature","properties":{"name":"Glebe Pond"},"geometry":{"type":"Point","coordinates":[-1.763681,54.9793918]}},{"type":"Feature","properties":{"name":"Gut Pond"},"geometry":{"type":"Point","coordinates":[-1.755423,54.9786208]}},{"type":"Feature","properties":{"name":"Curling Pond"},"geometry":{"type":"Point","coordinates":[-1.759133,54.9786603]}},{"type":"Feature","properties":{},"geometry":{"type":"Point","coordinates":[-1.7590011,54.9863604]}},{"type":"Feature","properties":{},"geometry":{"type":"Point","coordinates":[-1.4882922,54.7317116]}},{"type":"Feature","properties":{},"geometry":{"type":"Point","coordinates":[-1.4880938,54.7315134]}},{"type":"Feature","properties":{},"geometry":{"type":"Point","coordinates":[-1.487725,54.7320616]}},{"type":"Feature","properties":{},"geometry":{"type":"Point","coordinates":[-1.4873844,54.7322738]}},{"type":"Feature","properties":{},"geometry":{"type":"Point","coordinates":[-1.582746,54.8453387]}},{"type":"Feature","properties":{"name":"Shafto's Pond"},"geometry":{"type":"Point","coordinates":[-1.633949,54.7052826]}},{"type":"Feature","properties":{"name":"River Tyne"},"geometry":{"type":"Point","coordinates":[-1.8431439,54.9743298]}},{"type":"Feature","properties":{},"geometry":{"type":"Point","coordinates":[-1.8040166,54.9856486]}},{"type":"Feature","properties":{"name":"River Tyne"},"geometry":{"type":"Point","coordinates":[-1.8639462,54.9682585]}},{"type":"Feature","properties":{},"geometry":{"type":"Point","coordinates":[-1.898963,55.00941]}},{"type":"Feature","properties":{},"geometry":{"type":"Point","coordinates":[-1.8930617,55.0031637]}},{"type":"Feature","properties":{},"geometry":{"type":"Point","coordinates":[-1.9060724,55.004881]}},{"type":"Feature","properties":{},"geometry":{"type":"Point","coordinates":[-1.905886,54.9552199]}},{"type":"Feature","properties":{},"geometry":{"type":"Point","coordinates":[-1.9071559,54.9539124]}},{"type":"Feature","properties":{"name":"Wellington Pond"},"geometry":{"type":"Point","coordinates":[-1.9643604,54.8992147]}},{"type":"Feature","properties":{"name":"The Lake"},"geometry":{"type":"Point","coordinates":[-1.9610701,54.8991741]}},{"type":"Feature","properties":{"name":"Axwell Park Lake"},"geometry":{"type":"Point","coordinates":[-1.6972634,54.9536844]}},{"type":"Feature","properties":{},"geometry":{"type":"Point","coordinates":[-1.699405,54.9605402]}},{"type":"Feature","properties":{},"geometry":{"type":"Point","coordinates":[-1.6980542,54.9607138]}},{"type":"Feature","properties":{},"geometry":{"type":"Point","coordinates":[-1.4989847,54.7248108]}},{"type":"Feature","properties":{},"geometry":{"type":"Point","coordinates":[-1.4984175,54.7248007]}},{"type":"Feature","properties":{},"geometry":{"type":"Point","coordinates":[-1.4988075,54.7221715]}},{"type":"Feature","properties":{},"geometry":{"type":"Point","coordinates":[-1.4969396,54.7257192]}},{"type":"Feature","properties":{},"geometry":{"type":"Point","coordinates":[-1.4973777,54.7249504]}},{"type":"Feature","properties":{"name":"River Tyne"},"geometry":{"type":"Point","coordinates":[-2.1092582,54.9800637]}},{"type":"Feature","properties":{},"geometry":{"type":"Point","coordinates":[-1.8579339,54.9645183]}},{"type":"Feature","properties":{},"geometry":{"type":"Point","coordinates":[-1.8086908,54.9780004]}},{"type":"Feature","properties":{},"geometry":{"type":"Point","coordinates":[-1.8071957,54.9784331]}},{"type":"Feature","properties":{"name":"River Tyne"},"geometry":{"type":"Point","coordinates":[-1.9058198,54.9579598]}},{"type":"Feature","properties":{"name":"River Tyne"},"geometry":{"type":"Point","coordinates":[-1.9363824,54.9492194]}},{"type":"Feature","properties":{},"geometry":{"type":"Point","coordinates":[-1.4983748,54.7233448]}},{"type":"Feature","properties":{"name":"River Tyne"},"geometry":{"type":"Point","coordinates":[-1.9966777,54.9632928]}},{"type":"Feature","properties":{},"geometry":{"type":"Point","coordinates":[-1.4968125,54.7234235]}},{"type":"Feature","properties":{},"geometry":{"type":"Point","coordinates":[-1.4967065,54.7234584]}},{"type":"Feature","properties":{},"geometry":{"type":"Point","coordinates":[-1.4965791,54.723494]}},{"type":"Feature","properties":{"name":"Exhibition Park Boating Lake"},"geometry":{"type":"Point","coordinates":[-1.6167752,54.9858755]}},{"type":"Feature","properties":{},"geometry":{"type":"Point","coordinates":[-1.4848163,54.6690809]}},{"type":"Feature","properties":{},"geometry":{"type":"Point","coordinates":[-1.420927,54.7052738]}},{"type":"Feature","properties":{},"geometry":{"type":"Point","coordinates":[-1.3695947,54.6929442]}},{"type":"Feature","properties":{"name":"Big Waters"},"geometry":{"type":"Point","coordinates":[-1.6445021,55.0548693]}},{"type":"Feature","properties":{},"geometry":{"type":"Point","coordinates":[-1.4350391,54.7415582]}},{"type":"Feature","properties":{},"geometry":{"type":"Point","coordinates":[-1.7472562,54.962231]}},{"type":"Feature","properties":{"name":"Stargate Ponds"},"geometry":{"type":"Point","coordinates":[-1.7455736,54.9634136]}},{"type":"Feature","properties":{},"geometry":{"type":"Point","coordinates":[-1.7443386,54.9624282]}},{"type":"Feature","properties":{"name":"Boating Lake"},"geometry":{"type":"Point","coordinates":[-1.4286944,55.0247867]}},{"type":"Feature","properties":{},"geometry":{"type":"Point","coordinates":[-1.6377029,54.6580807]}},{"type":"Feature","properties":{},"geometry":{"type":"Point","coordinates":[-1.6381129,54.6578969]}},{"type":"Feature","properties":{"name":"Circular Pond"},"geometry":{"type":"Point","coordinates":[-1.4682549,54.6573761]}},{"type":"Feature","properties":{"name":"Bottle Pond"},"geometry":{"type":"Point","coordinates":[-1.4712003,54.6571457]}},{"type":"Feature","properties":{},"geometry":{"type":"Point","coordinates":[-1.4468941,54.6514556]}},{"type":"Feature","properties":{},"geometry":{"type":"Point","coordinates":[-1.4482978,54.6515296]}},{"type":"Feature","properties":{},"geometry":{"type":"Point","coordinates":[-1.4944262,54.6671851]}},{"type":"Feature","properties":{"name":"Bowes Lake"},"geometry":{"type":"Point","coordinates":[-1.5631996,54.9073031]}},{"type":"Feature","properties":{},"geometry":{"type":"Point","coordinates":[-1.5279185,54.6842195]}},{"type":"Feature","properties":{},"geometry":{"type":"Point","coordinates":[-1.5278186,54.6858112]}},{"type":"Feature","properties":{},"geometry":{"type":"Point","coordinates":[-1.5303089,54.6837951]}},{"type":"Feature","properties":{},"geometry":{"type":"Point","coordinates":[-1.5264141,54.6849411]}},{"type":"Feature","properties":{},"geometry":{"type":"Point","coordinates":[-1.5296524,54.6840731]}},{"type":"Feature","properties":{},"geometry":{"type":"Point","coordinates":[-1.5289279,54.6853431]}},{"type":"Feature","properties":{},"geometry":{"type":"Point","coordinates":[-1.6089282,54.6574119]}},{"type":"Feature","properties":{},"geometry":{"type":"Point","coordinates":[-1.5873686,54.6545391]}},{"type":"Feature","properties":{},"geometry":{"type":"Point","coordinates":[-1.6077337,54.656346]}},{"type":"Feature","properties":{},"geometry":{"type":"Point","coordinates":[-1.6704319,54.9683633]}},{"type":"Feature","properties":{},"geometry":{"type":"Point","coordinates":[-1.5697728,55.031785]}},{"type":"Feature","properties":{},"geometry":{"type":"Point","coordinates":[-1.5571628,54.7438971]}},{"type":"Feature","properties":{},"geometry":{"type":"Point","coordinates":[-1.5598589,54.7646089]}},{"type":"Feature","properties":{},"geometry":{"type":"Point","coordinates":[-1.4293574,54.8373087]}},{"type":"Feature","properties":{"name":"Malton Pond"},"geometry":{"type":"Point","coordinates":[-1.7190738,54.8072137]}},{"type":"Feature","properties":{},"geometry":{"type":"Point","coordinates":[-1.5640179,54.7924267]}},{"type":"Feature","properties":{},"geometry":{"type":"Point","coordinates":[-1.5465929,54.7900268]}},{"type":"Feature","properties":{},"geometry":{"type":"Point","coordinates":[-1.534825,54.8003663]}},{"type":"Feature","properties":{},"geometry":{"type":"Point","coordinates":[-1.5302799,54.7986696]}},{"type":"Feature","properties":{},"geometry":{"type":"Point","coordinates":[-1.5496639,55.0810816]}},{"type":"Feature","properties":{},"geometry":{"type":"Point","coordinates":[-1.5739319,55.1539529]}},{"type":"Feature","properties":{},"geometry":{"type":"Point","coordinates":[-1.5740874,55.153598]}},{"type":"Feature","properties":{},"geometry":{"type":"Point","coordinates":[-1.5751294,55.1530503]}},{"type":"Feature","properties":{},"geometry":{"type":"Point","coordinates":[-1.573917,55.1530977]}},{"type":"Feature","properties":{},"geometry":{"type":"Point","coordinates":[-1.6513854,55.0721006]}},{"type":"Feature","properties":{},"geometry":{"type":"Point","coordinates":[-1.6589449,55.0877557]}},{"type":"Feature","properties":{},"geometry":{"type":"Point","coordinates":[-1.6805682,55.0762801]}},{"type":"Feature","properties":{},"geometry":{"type":"Point","coordinates":[-1.6641608,55.0861955]}},{"type":"Feature","properties":{"name":"Alcan Aluminium Lagoon"},"geometry":{"type":"Point","coordinates":[-1.5239286,55.1992697]}},{"type":"Feature","properties":{"name":"Arcot Pond SSSI"},"geometry":{"type":"Point","coordinates":[-1.6087022,55.0715082]}},{"type":"Feature","properties":{},"geometry":{"type":"Point","coordinates":[-1.5382936,55.1134697]}},{"type":"Feature","properties":{},"geometry":{"type":"Point","coordinates":[-1.5457173,55.1131267]}},{"type":"Feature","properties":{},"geometry":{"type":"Point","coordinates":[-1.8823607,54.9761299]}},{"type":"Feature","properties":{},"geometry":{"type":"Point","coordinates":[-1.7686637,54.9680332]}},{"type":"Feature","properties":{"name":"Maggie's Burn Reservoir"},"geometry":{"type":"Point","coordinates":[-1.5136436,55.1001134]}},{"type":"Feature","properties":{},"geometry":{"type":"Point","coordinates":[-1.4992512,55.0163524]}},{"type":"Feature","properties":{},"geometry":{"type":"Point","coordinates":[-1.5012166,55.0189926]}},{"type":"Feature","properties":{},"geometry":{"type":"Point","coordinates":[-1.5006275,55.0181534]}},{"type":"Feature","properties":{},"geometry":{"type":"Point","coordinates":[-1.5032365,55.0151394]}},{"type":"Feature","properties":{"name":"West Allotment Pond"},"geometry":{"type":"Point","coordinates":[-1.5119601,55.0268506]}},{"type":"Feature","properties":{},"geometry":{"type":"Point","coordinates":[-1.5064136,55.0255605]}},{"type":"Feature","properties":{},"geometry":{"type":"Point","coordinates":[-1.5344467,55.1857848]}},{"type":"Feature","properties":{"name":"Seaton Sluice Harbour"},"geometry":{"type":"Point","coordinates":[-1.4736362,55.0844216]}},{"type":"Feature","properties":{},"geometry":{"type":"Point","coordinates":[-1.6176741,55.1796923]}},{"type":"Feature","properties":{},"geometry":{"type":"Point","coordinates":[-1.620773,55.1781953]}},{"type":"Feature","properties":{},"geometry":{"type":"Point","coordinates":[-1.6748337,55.1696522]}},{"type":"Feature","properties":{},"geometry":{"type":"Point","coordinates":[-1.6748633,55.1693635]}},{"type":"Feature","properties":{},"geometry":{"type":"Point","coordinates":[-1.6751278,55.1696036]}},{"type":"Feature","properties":{},"geometry":{"type":"Point","coordinates":[-1.67521,55.1690149]}},{"type":"Feature","properties":{},"geometry":{"type":"Point","coordinates":[-1.6747482,55.169083]}},{"type":"Feature","properties":{"name":"Woodpecker"},"geometry":{"type":"Point","coordinates":[-1.6208449,54.7802177]}},{"type":"Feature","properties":{"name":"Swallow"},"geometry":{"type":"Point","coordinates":[-1.6194253,54.7803113]}},{"type":"Feature","properties":{"name":"Blackbird"},"geometry":{"type":"Point","coordinates":[-1.619929,54.7797353]}},{"type":"Feature","properties":{"name":"Skylark"},"geometry":{"type":"Point","coordinates":[-1.6210914,54.7794334]}},{"type":"Feature","properties":{"name":"Kingfisher"},"geometry":{"type":"Point","coordinates":[-1.6186038,54.7785719]}},{"type":"Feature","properties":{"name":"Greencroft Tarn / Greencroft Fishing Pond"},"geometry":{"type":"Point","coordinates":[-1.7447093,54.8500084]}},{"type":"Feature","properties":{"name":"Quarzi Tarn"},"geometry":{"type":"Point","coordinates":[-1.7426333,54.8497208]}},{"type":"Feature","properties":{},"geometry":{"type":"Point","coordinates":[-1.4761803,54.8753129]}},{"type":"Feature","properties":{},"geometry":{"type":"Point","coordinates":[-1.4798332,54.8716465]}},{"type":"Feature","properties":{},"geometry":{"type":"Point","coordinates":[-1.2797944,54.7286642]}},{"type":"Feature","properties":{},"geometry":{"type":"Point","coordinates":[-1.5651621,55.2223779]}},{"type":"Feature","properties":{},"geometry":{"type":"Point","coordinates":[-1.6033867,55.2114879]}},{"type":"Feature","properties":{},"geometry":{"type":"Point","coordinates":[-1.5953173,55.2121027]}},{"type":"Feature","properties":{},"geometry":{"type":"Point","coordinates":[-1.6349443,55.2109936]}},{"type":"Feature","properties":{"name":"Octagon Pond"},"geometry":{"type":"Point","coordinates":[-1.7200149,54.9232594]}},{"type":"Feature","properties":{"name":"Crookfoot Reservoir"},"geometry":{"type":"Point","coordinates":[-1.3327573,54.6762498]}},{"type":"Feature","properties":{},"geometry":{"type":"Point","coordinates":[-1.520127,54.7137862]}},{"type":"Feature","properties":{"name":"Tursdale Pond"},"geometry":{"type":"Point","coordinates":[-1.5192066,54.7123702]}},{"type":"Feature","properties":{},"geometry":{"type":"Point","coordinates":[-1.4799124,54.7627342]}},{"type":"Feature","properties":{},"geometry":{"type":"Point","coordinates":[-1.4811954,54.7572991]}},{"type":"Feature","properties":{},"geometry":{"type":"Point","coordinates":[-1.4386155,54.9998817]}},{"type":"Feature","properties":{"name":"Joe's Pond"},"geometry":{"type":"Point","coordinates":[-1.4902156,54.8314766]}},{"type":"Feature","properties":{"name":"Pond 1"},"geometry":{"type":"Point","coordinates":[-1.4978508,54.8320396]}},{"type":"Feature","properties":{"name":"Pond 4"},"geometry":{"type":"Point","coordinates":[-1.4975205,54.8258473]}},{"type":"Feature","properties":{"name":"Pond 3"},"geometry":{"type":"Point","coordinates":[-1.4980689,54.8277323]}},{"type":"Feature","properties":{"name":"Balancing pond"},"geometry":{"type":"Point","coordinates":[-1.4906728,54.8325788]}},{"type":"Feature","properties":{},"geometry":{"type":"Point","coordinates":[-1.563656,54.7500151]}},{"type":"Feature","properties":{},"geometry":{"type":"Point","coordinates":[-1.6657198,54.8836055]}},{"type":"Feature","properties":{"name":"Burnhope Burn catchwater"},"geometry":{"type":"Point","coordinates":[-1.9913442,54.8372892]}},{"type":"Feature","properties":{},"geometry":{"type":"Point","coordinates":[-1.6608373,55.1920335]}},{"type":"Feature","properties":{},"geometry":{"type":"Point","coordinates":[-1.6650841,55.1907884]}},{"type":"Feature","properties":{},"geometry":{"type":"Point","coordinates":[-1.6640198,55.1911365]}},{"type":"Feature","properties":{},"geometry":{"type":"Point","coordinates":[-1.6588386,55.1925708]}},{"type":"Feature","properties":{},"geometry":{"type":"Point","coordinates":[-1.6655581,55.1900298]}},{"type":"Feature","properties":{},"geometry":{"type":"Point","coordinates":[-1.667032,55.1888442]}},{"type":"Feature","properties":{},"geometry":{"type":"Point","coordinates":[-1.6809573,55.1521518]}},{"type":"Feature","properties":{},"geometry":{"type":"Point","coordinates":[-1.442004,54.8219628]}},{"type":"Feature","properties":{"name":"Silksworth Lake"},"geometry":{"type":"Point","coordinates":[-1.4191284,54.8800487]}},{"type":"Feature","properties":{},"geometry":{"type":"Point","coordinates":[-1.5574731,54.9084551]}},{"type":"Feature","properties":{},"geometry":{"type":"Point","coordinates":[-1.6973651,55.0945335]}},{"type":"Feature","properties":{},"geometry":{"type":"Point","coordinates":[-1.9399616,55.1186726]}},{"type":"Feature","properties":{},"geometry":{"type":"Point","coordinates":[-1.9406539,55.1185193]}},{"type":"Feature","properties":{},"geometry":{"type":"Point","coordinates":[-2.0675982,54.9339662]}},{"type":"Feature","properties":{"name":"Stony Beck Lake"},"geometry":{"type":"Point","coordinates":[-1.474465,54.680015]}},{"type":"Feature","properties":{},"geometry":{"type":"Point","coordinates":[-1.4392372,54.9985332]}},{"type":"Feature","properties":{},"geometry":{"type":"Point","coordinates":[-1.5463943,54.8085498]}},{"type":"Feature","properties":{},"geometry":{"type":"Point","coordinates":[-1.5498489,54.7981935]}},{"type":"Feature","properties":{},"geometry":{"type":"Point","coordinates":[-1.5479917,54.8087415]}},{"type":"Feature","properties":{},"geometry":{"type":"Point","coordinates":[-1.5456648,54.808974]}},{"type":"Feature","properties":{},"geometry":{"type":"Point","coordinates":[-1.7846319,54.9809755]}},{"type":"Feature","properties":{},"geometry":{"type":"Point","coordinates":[-1.5921557,54.6612418]}},{"type":"Feature","properties":{},"geometry":{"type":"Point","coordinates":[-1.3461767,54.7498856]}},{"type":"Feature","properties":{},"geometry":{"type":"Point","coordinates":[-1.715352,55.1545085]}},{"type":"Feature","properties":{},"geometry":{"type":"Point","coordinates":[-1.7925601,55.0691207]}},{"type":"Feature","properties":{},"geometry":{"type":"Point","coordinates":[-1.7973238,55.0685598]}},{"type":"Feature","properties":{},"geometry":{"type":"Point","coordinates":[-1.7921523,55.0683675]}},{"type":"Feature","properties":{},"geometry":{"type":"Point","coordinates":[-1.6538031,55.1461367]}},{"type":"Feature","properties":{},"geometry":{"type":"Point","coordinates":[-1.5905442,55.2051824]}},{"type":"Feature","properties":{},"geometry":{"type":"Point","coordinates":[-1.5900199,55.2050034]}},{"type":"Feature","properties":{},"geometry":{"type":"Point","coordinates":[-1.8576776,55.1017765]}},{"type":"Feature","properties":{},"geometry":{"type":"Point","coordinates":[-1.8644985,55.0971225]}},{"type":"Feature","properties":{},"geometry":{"type":"Point","coordinates":[-1.730057,55.157443]}},{"type":"Feature","properties":{},"geometry":{"type":"Point","coordinates":[-1.7290588,55.1566339]}},{"type":"Feature","properties":{"name":"Boathouse Pond"},"geometry":{"type":"Point","coordinates":[-1.9608606,55.1506982]}},{"type":"Feature","properties":{"name":"China Pond"},"geometry":{"type":"Point","coordinates":[-1.9542303,55.1541109]}},{"type":"Feature","properties":{},"geometry":{"type":"Point","coordinates":[-1.9092832,55.1336601]}},{"type":"Feature","properties":{"name":"Garden Pond"},"geometry":{"type":"Point","coordinates":[-1.9498602,55.1538064]}},{"type":"Feature","properties":{},"geometry":{"type":"Point","coordinates":[-1.7045016,54.9037024]}},{"type":"Feature","properties":{},"geometry":{"type":"Point","coordinates":[-1.6820259,54.8811589]}},{"type":"Feature","properties":{},"geometry":{"type":"Point","coordinates":[-1.6828951,54.8817886]}},{"type":"Feature","properties":{},"geometry":{"type":"Point","coordinates":[-1.858949,55.0870377]}},{"type":"Feature","properties":{},"geometry":{"type":"Point","coordinates":[-1.8593237,55.0875197]}},{"type":"Feature","properties":{},"geometry":{"type":"Point","coordinates":[-1.9521464,55.0363475]}},{"type":"Feature","properties":{},"geometry":{"type":"Point","coordinates":[-1.7783496,55.0618287]}},{"type":"Feature","properties":{},"geometry":{"type":"Point","coordinates":[-1.734202,55.0547938]}},{"type":"Feature","properties":{"name":"Fish Pond"},"geometry":{"type":"Point","coordinates":[-1.6454918,54.9276973]}},{"type":"Feature","properties":{},"geometry":{"type":"Point","coordinates":[-1.6429915,54.9269295]}},{"type":"Feature","properties":{},"geometry":{"type":"Point","coordinates":[-1.6420669,54.9267511]}},{"type":"Feature","properties":{},"geometry":{"type":"Point","coordinates":[-1.7458175,55.0856041]}},{"type":"Feature","properties":{},"geometry":{"type":"Point","coordinates":[-1.9698411,54.9299744]}},{"type":"Feature","properties":{},"geometry":{"type":"Point","coordinates":[-1.5205392,54.8707701]}},{"type":"Feature","properties":{},"geometry":{"type":"Point","coordinates":[-1.7699307,55.0432607]}},{"type":"Feature","properties":{},"geometry":{"type":"Point","coordinates":[-1.8192254,54.8270494]}},{"type":"Feature","properties":{},"geometry":{"type":"Point","coordinates":[-1.8572717,54.8374526]}},{"type":"Feature","properties":{},"geometry":{"type":"Point","coordinates":[-1.5003803,54.9533647]}},{"type":"Feature","properties":{},"geometry":{"type":"Point","coordinates":[-1.4999589,54.9539559]}},{"type":"Feature","properties":{},"geometry":{"type":"Point","coordinates":[-1.7245514,54.7215757]}},{"type":"Feature","properties":{},"geometry":{"type":"Point","coordinates":[-1.3575324,54.7243198]}},{"type":"Feature","properties":{},"geometry":{"type":"Point","coordinates":[-1.5787813,54.8339586]}},{"type":"Feature","properties":{},"geometry":{"type":"Point","coordinates":[-1.4002411,54.8325582]}},{"type":"Feature","properties":{},"geometry":{"type":"Point","coordinates":[-2.0406255,55.0880611]}},{"type":"Feature","properties":{},"geometry":{"type":"Point","coordinates":[-1.8336707,54.9730331]}},{"type":"Feature","properties":{},"geometry":{"type":"Point","coordinates":[-1.6262473,55.0883261]}},{"type":"Feature","properties":{},"geometry":{"type":"Point","coordinates":[-1.6276278,55.0879065]}},{"type":"Feature","properties":{},"geometry":{"type":"Point","coordinates":[-1.6296512,55.0878365]}},{"type":"Feature","properties":{},"geometry":{"type":"Point","coordinates":[-1.9263103,55.006478]}},{"type":"Feature","properties":{},"geometry":{"type":"Point","coordinates":[-1.9322192,54.9786579]}},{"type":"Feature","properties":{},"geometry":{"type":"Point","coordinates":[-1.9871874,54.9726146]}},{"type":"Feature","properties":{},"geometry":{"type":"Point","coordinates":[-1.9733804,54.9833549]}},{"type":"Feature","properties":{},"geometry":{"type":"Point","coordinates":[-2.1270596,54.9863941]}},{"type":"Feature","properties":{},"geometry":{"type":"Point","coordinates":[-2.1307465,54.9924037]}},{"type":"Feature","properties":{},"geometry":{"type":"Point","coordinates":[-1.9695755,54.972755]}},{"type":"Feature","properties":{},"geometry":{"type":"Point","coordinates":[-1.6909238,55.0441337]}},{"type":"Feature","properties":{},"geometry":{"type":"Point","coordinates":[-1.5648385,54.9062804]}},{"type":"Feature","properties":{},"geometry":{"type":"Point","coordinates":[-1.5611022,54.9074088]}},{"type":"Feature","properties":{},"geometry":{"type":"Point","coordinates":[-1.9885979,54.9591327]}},{"type":"Feature","properties":{},"geometry":{"type":"Point","coordinates":[-1.9579591,55.0304581]}},{"type":"Feature","properties":{},"geometry":{"type":"Point","coordinates":[-1.9577902,55.0352928]}},{"type":"Feature","properties":{},"geometry":{"type":"Point","coordinates":[-1.6834549,55.208214]}},{"type":"Feature","properties":{},"geometry":{"type":"Point","coordinates":[-1.5017991,54.9564123]}},{"type":"Feature","properties":{},"geometry":{"type":"Point","coordinates":[-1.6824441,54.7282129]}},{"type":"Feature","properties":{},"geometry":{"type":"Point","coordinates":[-1.6833265,54.7275872]}},{"type":"Feature","properties":{},"geometry":{"type":"Point","coordinates":[-1.6866988,54.7031765]}},{"type":"Feature","properties":{},"geometry":{"type":"Point","coordinates":[-1.6833246,54.7033656]}},{"type":"Feature","properties":{},"geometry":{"type":"Point","coordinates":[-1.6855373,54.7041646]}},{"type":"Feature","properties":{},"geometry":{"type":"Point","coordinates":[-1.6852477,54.7030897]}},{"type":"Feature","properties":{},"geometry":{"type":"Point","coordinates":[-1.6862213,54.7027544]}},{"type":"Feature","properties":{},"geometry":{"type":"Point","coordinates":[-1.6430261,54.736617]}},{"type":"Feature","properties":{},"geometry":{"type":"Point","coordinates":[-1.6154301,54.7287084]}},{"type":"Feature","properties":{},"geometry":{"type":"Point","coordinates":[-1.6384505,54.7307941]}},{"type":"Feature","properties":{},"geometry":{"type":"Point","coordinates":[-1.6381539,54.7282602]}},{"type":"Feature","properties":{},"geometry":{"type":"Point","coordinates":[-1.775024,54.7211299]}},{"type":"Feature","properties":{},"geometry":{"type":"Point","coordinates":[-1.7345052,54.731329]}},{"type":"Feature","properties":{},"geometry":{"type":"Point","coordinates":[-1.6884591,54.9575506]}},{"type":"Feature","properties":{},"geometry":{"type":"Point","coordinates":[-1.4910693,54.9097532]}},{"type":"Feature","properties":{},"geometry":{"type":"Point","coordinates":[-1.4687271,54.9110148]}},{"type":"Feature","properties":{},"geometry":{"type":"Point","coordinates":[-1.4805616,54.9133326]}},{"type":"Feature","properties":{},"geometry":{"type":"Point","coordinates":[-1.4774121,54.9104116]}},{"type":"Feature","properties":{"name":"Barmston Pond"},"geometry":{"type":"Point","coordinates":[-1.4910337,54.9080555]}},{"type":"Feature","properties":{},"geometry":{"type":"Point","coordinates":[-2.0167588,54.9985139]}},{"type":"Feature","properties":{"name":"Dukes Pond"},"geometry":{"type":"Point","coordinates":[-1.5246549,55.0185749]}},{"type":"Feature","properties":{},"geometry":{"type":"Point","coordinates":[-1.6797626,55.074773]}},{"type":"Feature","properties":{},"geometry":{"type":"Point","coordinates":[-1.6791159,55.0743523]}},{"type":"Feature","properties":{},"geometry":{"type":"Point","coordinates":[-1.6796004,55.0742459]}},{"type":"Feature","properties":{},"geometry":{"type":"Point","coordinates":[-1.7354235,55.1990587]}},{"type":"Feature","properties":{},"geometry":{"type":"Point","coordinates":[-1.6720804,55.1834798]}},{"type":"Feature","properties":{"name":"Bates Mine Water Pond"},"geometry":{"type":"Point","coordinates":[-1.5272306,55.1341003]}},{"type":"Feature","properties":{},"geometry":{"type":"Point","coordinates":[-1.6688705,55.1775901]}},{"type":"Feature","properties":{},"geometry":{"type":"Point","coordinates":[-1.6270331,55.2562979]}},{"type":"Feature","properties":{"name":"Widdrington Moor Lake"},"geometry":{"type":"Point","coordinates":[-1.620073,55.2578387]}},{"type":"Feature","properties":{},"geometry":{"type":"Point","coordinates":[-1.6390957,55.2391285]}},{"type":"Feature","properties":{},"geometry":{"type":"Point","coordinates":[-1.6364772,55.2327058]}},{"type":"Feature","properties":{},"geometry":{"type":"Point","coordinates":[-1.6588825,55.2460371]}},{"type":"Feature","properties":{},"geometry":{"type":"Point","coordinates":[-1.506456,55.129622]}},{"type":"Feature","properties":{},"geometry":{"type":"Point","coordinates":[-1.5176767,55.1891046]}},{"type":"Feature","properties":{},"geometry":{"type":"Point","coordinates":[-1.3696165,54.8139764]}},{"type":"Feature","properties":{},"geometry":{"type":"Point","coordinates":[-1.6383899,54.83453]}},{"type":"Feature","properties":{"name":"Dalton Lake"},"geometry":{"type":"Point","coordinates":[-1.3692671,54.8158836]}},{"type":"Feature","properties":{},"geometry":{"type":"Point","coordinates":[-1.6841017,55.1685976]}},{"type":"Feature","properties":{},"geometry":{"type":"Point","coordinates":[-1.6766608,55.1717849]}},{"type":"Feature","properties":{},"geometry":{"type":"Point","coordinates":[-1.7002455,55.1691664]}},{"type":"Feature","properties":{},"geometry":{"type":"Point","coordinates":[-1.6914025,55.1664545]}},{"type":"Feature","properties":{},"geometry":{"type":"Point","coordinates":[-1.5806712,55.1865074]}},{"type":"Feature","properties":{},"geometry":{"type":"Point","coordinates":[-1.5789098,55.1961521]}},{"type":"Feature","properties":{"name":"Druridge Pools"},"geometry":{"type":"Point","coordinates":[-1.573167,55.264949]}},{"type":"Feature","properties":{},"geometry":{"type":"Point","coordinates":[-1.5641944,55.2477224]}},{"type":"Feature","properties":{},"geometry":{"type":"Point","coordinates":[-1.5661208,55.2464181]}},{"type":"Feature","properties":{"name":"Cresswell Pond"},"geometry":{"type":"Point","coordinates":[-1.5566343,55.2425946]}},{"type":"Feature","properties":{},"geometry":{"type":"Point","coordinates":[-1.5680957,55.2300303]}},{"type":"Feature","properties":{},"geometry":{"type":"Point","coordinates":[-1.5725639,55.2315628]}},{"type":"Feature","properties":{},"geometry":{"type":"Point","coordinates":[-1.6120667,54.979111]}},{"type":"Feature","properties":{},"geometry":{"type":"Point","coordinates":[-1.5333791,55.1894901]}},{"type":"Feature","properties":{},"geometry":{"type":"Point","coordinates":[-1.5267707,55.1659076]}},{"type":"Feature","properties":{},"geometry":{"type":"Point","coordinates":[-1.4699875,54.9425482]}},{"type":"Feature","properties":{"name":"Wydon Water"},"geometry":{"type":"Point","coordinates":[-2.1095628,54.9634741]}},{"type":"Feature","properties":{},"geometry":{"type":"Point","coordinates":[-1.4934603,55.0837019]}},{"type":"Feature","properties":{},"geometry":{"type":"Point","coordinates":[-1.5916723,55.1437881]}},{"type":"Feature","properties":{},"geometry":{"type":"Point","coordinates":[-1.6593357,55.0816414]}},{"type":"Feature","properties":{},"geometry":{"type":"Point","coordinates":[-1.6497856,55.0736565]}},{"type":"Feature","properties":{},"geometry":{"type":"Point","coordinates":[-1.650743,55.0769723]}},{"type":"Feature","properties":{},"geometry":{"type":"Point","coordinates":[-1.6833001,55.0639415]}},{"type":"Feature","properties":{},"geometry":{"type":"Point","coordinates":[-1.6331371,55.0553362]}},{"type":"Feature","properties":{},"geometry":{"type":"Point","coordinates":[-1.6826489,55.063424]}},{"type":"Feature","properties":{},"geometry":{"type":"Point","coordinates":[-1.6085855,55.1909674]}},{"type":"Feature","properties":{},"geometry":{"type":"Point","coordinates":[-1.6082178,55.1910783]}},{"type":"Feature","properties":{},"geometry":{"type":"Point","coordinates":[-1.6079045,55.1905573]}},{"type":"Feature","properties":{},"geometry":{"type":"Point","coordinates":[-1.6084981,55.2098501]}},{"type":"Feature","properties":{},"geometry":{"type":"Point","coordinates":[-1.6085536,55.2096586]}},{"type":"Feature","properties":{},"geometry":{"type":"Point","coordinates":[-1.681066,55.084547]}},{"type":"Feature","properties":{},"geometry":{"type":"Point","coordinates":[-1.6881588,55.0909423]}},{"type":"Feature","properties":{},"geometry":{"type":"Point","coordinates":[-1.6795571,55.0811552]}},{"type":"Feature","properties":{},"geometry":{"type":"Point","coordinates":[-1.6868014,55.0899802]}},{"type":"Feature","properties":{},"geometry":{"type":"Point","coordinates":[-1.6627623,55.0848189]}},{"type":"Feature","properties":{},"geometry":{"type":"Point","coordinates":[-1.6708452,55.0848668]}},{"type":"Feature","properties":{},"geometry":{"type":"Point","coordinates":[-1.6714088,55.084812]}},{"type":"Feature","properties":{},"geometry":{"type":"Point","coordinates":[-2.0041713,55.1688994]}},{"type":"Feature","properties":{},"geometry":{"type":"Point","coordinates":[-2.0736382,55.1009905]}},{"type":"Feature","properties":{},"geometry":{"type":"Point","coordinates":[-2.0718034,55.1026624]}},{"type":"Feature","properties":{},"geometry":{"type":"Point","coordinates":[-1.8827513,55.0060518]}},{"type":"Feature","properties":{},"geometry":{"type":"Point","coordinates":[-1.8183245,54.9072855]}},{"type":"Feature","properties":{},"geometry":{"type":"Point","coordinates":[-1.5388379,54.9722737]}},{"type":"Feature","properties":{},"geometry":{"type":"Point","coordinates":[-1.7818615,54.9236291]}},{"type":"Feature","properties":{},"geometry":{"type":"Point","coordinates":[-1.5678178,54.9123004]}},{"type":"Feature","properties":{},"geometry":{"type":"Point","coordinates":[-1.937403,54.9361059]}},{"type":"Feature","properties":{},"geometry":{"type":"Point","coordinates":[-1.6726984,55.1776702]}},{"type":"Feature","properties":{"name":"Reed Bed"},"geometry":{"type":"Point","coordinates":[-1.3112948,54.7720113]}},{"type":"Feature","properties":{"name":"Settling Pond"},"geometry":{"type":"Point","coordinates":[-1.3091935,54.7717851]}},{"type":"Feature","properties":{"name":"Settlement Pond"},"geometry":{"type":"Point","coordinates":[-1.3101878,54.7711304]}},{"type":"Feature","properties":{"name":"Settlement Pond"},"geometry":{"type":"Point","coordinates":[-1.3106026,54.7707348]}},{"type":"Feature","properties":{"name":"Mill Leet"},"geometry":{"type":"Point","coordinates":[-1.6791466,55.1716083]}},{"type":"Feature","properties":{},"geometry":{"type":"Point","coordinates":[-1.7581194,55.2439099]}},{"type":"Feature","properties":{},"geometry":{"type":"Point","coordinates":[-1.7579818,55.2439161]}},{"type":"Feature","properties":{},"geometry":{"type":"Point","coordinates":[-1.597138,55.0611935]}},{"type":"Feature","properties":{},"geometry":{"type":"Point","coordinates":[-1.5979604,55.0613148]}},{"type":"Feature","properties":{},"geometry":{"type":"Point","coordinates":[-1.5648703,54.7609742]}},{"type":"Feature","properties":{},"geometry":{"type":"Point","coordinates":[-1.7217568,54.9641827]}},{"type":"Feature","properties":{},"geometry":{"type":"Point","coordinates":[-1.5070127,55.0222519]}},{"type":"Feature","properties":{},"geometry":{"type":"Point","coordinates":[-1.7259024,54.9633317]}},{"type":"Feature","properties":{},"geometry":{"type":"Point","coordinates":[-1.7598885,54.8291531]}},{"type":"Feature","properties":{},"geometry":{"type":"Point","coordinates":[-1.7614872,54.8288728]}},{"type":"Feature","properties":{},"geometry":{"type":"Point","coordinates":[-1.7598897,54.8288491]}},{"type":"Feature","properties":{},"geometry":{"type":"Point","coordinates":[-1.6287367,55.2585388]}},{"type":"Feature","properties":{},"geometry":{"type":"Point","coordinates":[-1.6682199,55.2453119]}},{"type":"Feature","properties":{},"geometry":{"type":"Point","coordinates":[-1.6723112,55.2119778]}},{"type":"Feature","properties":{},"geometry":{"type":"Point","coordinates":[-1.9025299,54.950862]}},{"type":"Feature","properties":{},"geometry":{"type":"Point","coordinates":[-1.6315618,55.0981482]}},{"type":"Feature","properties":{},"geometry":{"type":"Point","coordinates":[-1.6482067,55.1032932]}},{"type":"Feature","properties":{},"geometry":{"type":"Point","coordinates":[-1.6322299,55.098404]}},{"type":"Feature","properties":{},"geometry":{"type":"Point","coordinates":[-1.648017,55.1029888]}},{"type":"Feature","properties":{},"geometry":{"type":"Point","coordinates":[-1.6311156,55.0977268]}},{"type":"Feature","properties":{},"geometry":{"type":"Point","coordinates":[-1.5659866,54.8602492]}},{"type":"Feature","properties":{},"geometry":{"type":"Point","coordinates":[-1.5668446,54.8618319]}},{"type":"Feature","properties":{},"geometry":{"type":"Point","coordinates":[-1.5660798,54.8620988]}},{"type":"Feature","properties":{},"geometry":{"type":"Point","coordinates":[-1.5668819,54.8620604]}},{"type":"Feature","properties":{},"geometry":{"type":"Point","coordinates":[-1.5663793,54.8602283]}},{"type":"Feature","properties":{},"geometry":{"type":"Point","coordinates":[-1.5663343,54.8600007]}},{"type":"Feature","properties":{},"geometry":{"type":"Point","coordinates":[-1.5660585,54.8618748]}},{"type":"Feature","properties":{},"geometry":{"type":"Point","coordinates":[-1.5661056,54.8615842]}},{"type":"Feature","properties":{},"geometry":{"type":"Point","coordinates":[-1.566695,54.8615536]}},{"type":"Feature","properties":{},"geometry":{"type":"Point","coordinates":[-1.5665389,54.8606027]}},{"type":"Feature","properties":{},"geometry":{"type":"Point","coordinates":[-1.5660614,54.8612622]}},{"type":"Feature","properties":{},"geometry":{"type":"Point","coordinates":[-1.5659494,54.8606334]}},{"type":"Feature","properties":{},"geometry":{"type":"Point","coordinates":[-1.5665921,54.8609202]}},{"type":"Feature","properties":{},"geometry":{"type":"Point","coordinates":[-1.5660027,54.8609508]}},{"type":"Feature","properties":{},"geometry":{"type":"Point","coordinates":[-1.5666507,54.8612315]}},{"type":"Feature","properties":{"name":"Table Rocks Bathing Pool"},"geometry":{"type":"Point","coordinates":[-1.4313801,55.040565]}},{"type":"Feature","properties":{},"geometry":{"type":"Point","coordinates":[-1.455785,54.9989518]}},{"type":"Feature","properties":{},"geometry":{"type":"Point","coordinates":[-1.6894593,54.962851]}},{"type":"Feature","properties":{},"geometry":{"type":"Point","coordinates":[-1.7138914,54.8289984]}},{"type":"Feature","properties":{},"geometry":{"type":"Point","coordinates":[-1.6170718,54.8522899]}},{"type":"Feature","properties":{},"geometry":{"type":"Point","coordinates":[-1.447547,54.6716566]}},{"type":"Feature","properties":{},"geometry":{"type":"Point","coordinates":[-1.7917013,54.769208]}},{"type":"Feature","properties":{},"geometry":{"type":"Point","coordinates":[-1.7145009,55.1425821]}},{"type":"Feature","properties":{},"geometry":{"type":"Point","coordinates":[-1.7142026,55.1429493]}},{"type":"Feature","properties":{},"geometry":{"type":"Point","coordinates":[-1.4821079,54.8316642]}},{"type":"Feature","properties":{},"geometry":{"type":"Point","coordinates":[-1.4820251,54.8314905]}},{"type":"Feature","properties":{},"geometry":{"type":"Point","coordinates":[-1.71391,54.8393061]}},{"type":"Feature","properties":{},"geometry":{"type":"Point","coordinates":[-1.7159884,54.8391316]}},{"type":"Feature","properties":{},"geometry":{"type":"Point","coordinates":[-1.6534247,55.0252763]}},{"type":"Feature","properties":{},"geometry":{"type":"Point","coordinates":[-1.3724685,54.8657122]}},{"type":"Feature","properties":{},"geometry":{"type":"Point","coordinates":[-1.3719337,54.8650333]}},{"type":"Feature","properties":{},"geometry":{"type":"Point","coordinates":[-1.804714,54.7908707]}},{"type":"Feature","properties":{"name":"Bowden Close RAPS I"},"geometry":{"type":"Point","coordinates":[-1.7135446,54.7164372]}},{"type":"Feature","properties":{"name":"Bowden Close RAPS II"},"geometry":{"type":"Point","coordinates":[-1.71333,54.7161009]}},{"type":"Feature","properties":{"name":"Bowden Close Wetland"},"geometry":{"type":"Point","coordinates":[-1.7129808,54.7157774]}},{"type":"Feature","properties":{},"geometry":{"type":"Point","coordinates":[-1.6578574,54.9583286]}},{"type":"Feature","properties":{},"geometry":{"type":"Point","coordinates":[-1.5893426,54.9724778]}},{"type":"Feature","properties":{},"geometry":{"type":"Point","coordinates":[-1.5909213,54.9739263]}},{"type":"Feature","properties":{},"geometry":{"type":"Point","coordinates":[-1.5826948,54.8018803]}},{"type":"Feature","properties":{},"geometry":{"type":"Point","coordinates":[-1.585777,54.8014807]}},{"type":"Feature","properties":{},"geometry":{"type":"Point","coordinates":[-1.5487119,55.1177966]}},{"type":"Feature","properties":{},"geometry":{"type":"Point","coordinates":[-1.5095138,54.8820111]}},{"type":"Feature","properties":{"name":"Stephenson Lake"},"geometry":{"type":"Point","coordinates":[-1.4383927,54.8180165]}},{"type":"Feature","properties":{},"geometry":{"type":"Point","coordinates":[-1.5185871,54.7940012]}},{"type":"Feature","properties":{},"geometry":{"type":"Point","coordinates":[-1.5184363,54.7928467]}},{"type":"Feature","properties":{},"geometry":{"type":"Point","coordinates":[-1.5171803,54.7933605]}},{"type":"Feature","properties":{},"geometry":{"type":"Point","coordinates":[-1.2543727,54.6746091]}},{"type":"Feature","properties":{},"geometry":{"type":"Point","coordinates":[-1.5549652,55.1018901]}},{"type":"Feature","properties":{},"geometry":{"type":"Point","coordinates":[-1.7214293,55.1349137]}},{"type":"Feature","properties":{},"geometry":{"type":"Point","coordinates":[-1.6108702,55.0481824]}},{"type":"Feature","properties":{},"geometry":{"type":"Point","coordinates":[-1.6091804,55.0494689]}},{"type":"Feature","properties":{},"geometry":{"type":"Point","coordinates":[-1.8105342,54.962761]}},{"type":"Feature","properties":{},"geometry":{"type":"Point","coordinates":[-1.8167177,54.9628255]}},{"type":"Feature","properties":{},"geometry":{"type":"Point","coordinates":[-1.8204065,54.7060026]}},{"type":"Feature","properties":{},"geometry":{"type":"Point","coordinates":[-1.8564307,54.7219069]}},{"type":"Feature","properties":{},"geometry":{"type":"Point","coordinates":[-1.3607132,54.9011146]}},{"type":"Feature","properties":{},"geometry":{"type":"Point","coordinates":[-1.3608714,54.9007364]}},{"type":"Feature","properties":{},"geometry":{"type":"Point","coordinates":[-1.3614394,54.9005938]}},{"type":"Feature","properties":{},"geometry":{"type":"Point","coordinates":[-1.3619774,54.9011228]}},{"type":"Feature","properties":{},"geometry":{"type":"Point","coordinates":[-1.3613281,54.9011183]}},{"type":"Feature","properties":{},"geometry":{"type":"Point","coordinates":[-1.3619823,54.9007565]}},{"type":"Feature","properties":{},"geometry":{"type":"Point","coordinates":[-1.3616716,54.8999383]}},{"type":"Feature","properties":{"name":"Dragonfly Pond"},"geometry":{"type":"Point","coordinates":[-1.5666176,54.9895304]}},{"type":"Feature","properties":{},"geometry":{"type":"Point","coordinates":[-2.083182,54.8755249]}},{"type":"Feature","properties":{},"geometry":{"type":"Point","coordinates":[-2.084271,54.8800087]}},{"type":"Feature","properties":{},"geometry":{"type":"Point","coordinates":[-2.0642405,54.8799916]}},{"type":"Feature","properties":{},"geometry":{"type":"Point","coordinates":[-1.8937995,54.7624076]}},{"type":"Feature","properties":{},"geometry":{"type":"Point","coordinates":[-1.8938679,54.7624053]}},{"type":"Feature","properties":{},"geometry":{"type":"Point","coordinates":[-1.8939175,54.7623875]}},{"type":"Feature","properties":{},"geometry":{"type":"Point","coordinates":[-1.5824865,54.8836402]}},{"type":"Feature","properties":{},"geometry":{"type":"Point","coordinates":[-1.4187485,54.9601352]}},{"type":"Feature","properties":{},"geometry":{"type":"Point","coordinates":[-1.5405817,54.9426946]}},{"type":"Feature","properties":{},"geometry":{"type":"Point","coordinates":[-1.4289137,54.9522881]}},{"type":"Feature","properties":{},"geometry":{"type":"Point","coordinates":[-1.5708099,54.7679656]}},{"type":"Feature","properties":{},"geometry":{"type":"Point","coordinates":[-1.3715568,54.9496619]}},{"type":"Feature","properties":{},"geometry":{"type":"Point","coordinates":[-1.5672583,54.7838766]}},{"type":"Feature","properties":{},"geometry":{"type":"Point","coordinates":[-1.5678018,54.7836691]}},{"type":"Feature","properties":{},"geometry":{"type":"Point","coordinates":[-1.5681666,54.7835886]}},{"type":"Feature","properties":{},"geometry":{"type":"Point","coordinates":[-1.5689888,54.7831414]}},{"type":"Feature","properties":{},"geometry":{"type":"Point","coordinates":[-1.5693108,54.78306]}},{"type":"Feature","properties":{},"geometry":{"type":"Point","coordinates":[-1.5694541,54.7832504]}},{"type":"Feature","properties":{},"geometry":{"type":"Point","coordinates":[-1.5691209,54.783334]}},{"type":"Feature","properties":{},"geometry":{"type":"Point","coordinates":[-1.975076,55.1377113]}},{"type":"Feature","properties":{},"geometry":{"type":"Point","coordinates":[-1.976232,55.1368215]}},{"type":"Feature","properties":{},"geometry":{"type":"Point","coordinates":[-1.6180763,54.8246887]}},{"type":"Feature","properties":{},"geometry":{"type":"Point","coordinates":[-1.6184836,54.8245427]}},{"type":"Feature","properties":{},"geometry":{"type":"Point","coordinates":[-1.6188841,54.8243994]}},{"type":"Feature","properties":{},"geometry":{"type":"Point","coordinates":[-1.5799964,55.2786028]}},{"type":"Feature","properties":{},"geometry":{"type":"Point","coordinates":[-1.5867088,54.7584028]}},{"type":"Feature","properties":{},"geometry":{"type":"Point","coordinates":[-1.5875548,54.7581083]}},{"type":"Feature","properties":{},"geometry":{"type":"Point","coordinates":[-1.5818516,54.8149655]}},{"type":"Feature","properties":{},"geometry":{"type":"Point","coordinates":[-1.59642,54.8105841]}},{"type":"Feature","properties":{"name":"Wellfield Lake"},"geometry":{"type":"Point","coordinates":[-1.3709197,54.7296138]}},{"type":"Feature","properties":{},"geometry":{"type":"Point","coordinates":[-1.3759338,54.7270828]}},{"type":"Feature","properties":{},"geometry":{"type":"Point","coordinates":[-1.392754,54.7551923]}},{"type":"Feature","properties":{},"geometry":{"type":"Point","coordinates":[-1.3927841,54.7553032]}},{"type":"Feature","properties":{},"geometry":{"type":"Point","coordinates":[-1.6689839,54.8599858]}},{"type":"Feature","properties":{},"geometry":{"type":"Point","coordinates":[-1.6692147,54.8602584]}},{"type":"Feature","properties":{},"geometry":{"type":"Point","coordinates":[-1.6683844,54.8601557]}},{"type":"Feature","properties":{},"geometry":{"type":"Point","coordinates":[-1.6686341,54.8604329]}},{"type":"Feature","properties":{},"geometry":{"type":"Point","coordinates":[-1.6338047,54.7958486]}},{"type":"Feature","properties":{},"geometry":{"type":"Point","coordinates":[-1.6376111,54.79286]}},{"type":"Feature","properties":{},"geometry":{"type":"Point","coordinates":[-1.6178473,54.7932816]}},{"type":"Feature","properties":{},"geometry":{"type":"Point","coordinates":[-1.6411393,54.8009519]}},{"type":"Feature","properties":{},"geometry":{"type":"Point","coordinates":[-1.6411049,54.8014357]}},{"type":"Feature","properties":{},"geometry":{"type":"Point","coordinates":[-1.6408112,54.8010313]}},{"type":"Feature","properties":{},"geometry":{"type":"Point","coordinates":[-1.6409653,54.8012476]}},{"type":"Feature","properties":{},"geometry":{"type":"Point","coordinates":[-1.6414363,54.8013583]}},{"type":"Feature","properties":{},"geometry":{"type":"Point","coordinates":[-1.6412989,54.8011682]}},{"type":"Feature","properties":{},"geometry":{"type":"Point","coordinates":[-1.7330865,54.924955]}},{"type":"Feature","properties":{},"geometry":{"type":"Point","coordinates":[-1.7326867,54.92524]}},{"type":"Feature","properties":{},"geometry":{"type":"Point","coordinates":[-1.7325783,54.9247257]}},{"type":"Feature","properties":{},"geometry":{"type":"Point","coordinates":[-1.6839739,54.6799968]}},{"type":"Feature","properties":{},"geometry":{"type":"Point","coordinates":[-1.7263673,54.6740622]}},{"type":"Feature","properties":{},"geometry":{"type":"Point","coordinates":[-1.6844353,54.6794558]}},{"type":"Feature","properties":{},"geometry":{"type":"Point","coordinates":[-1.6833257,54.6791177]}},{"type":"Feature","properties":{},"geometry":{"type":"Point","coordinates":[-1.6826438,54.6784772]}},{"type":"Feature","properties":{},"geometry":{"type":"Point","coordinates":[-1.6761086,54.7067949]}},{"type":"Feature","properties":{},"geometry":{"type":"Point","coordinates":[-1.6832697,54.6787829]}},{"type":"Feature","properties":{},"geometry":{"type":"Point","coordinates":[-1.535881,54.8141639]}},{"type":"Feature","properties":{},"geometry":{"type":"Point","coordinates":[-1.683985,54.6794746]}},{"type":"Feature","properties":{},"geometry":{"type":"Point","coordinates":[-1.6827373,54.6791425]}},{"type":"Feature","properties":{},"geometry":{"type":"Point","coordinates":[-1.6841981,54.6797498]}},{"type":"Feature","properties":{},"geometry":{"type":"Point","coordinates":[-1.6816388,54.6782396]}},{"type":"Feature","properties":{},"geometry":{"type":"Point","coordinates":[-1.6831352,54.6777849]}},{"type":"Feature","properties":{},"geometry":{"type":"Point","coordinates":[-1.6826028,54.6781424]}},{"type":"Feature","properties":{},"geometry":{"type":"Point","coordinates":[-1.725904,54.6736065]}},{"type":"Feature","properties":{},"geometry":{"type":"Point","coordinates":[-1.6756768,54.706555]}},{"type":"Feature","properties":{},"geometry":{"type":"Point","coordinates":[-1.6816053,54.6779731]}},{"type":"Feature","properties":{},"geometry":{"type":"Point","coordinates":[-1.6839459,54.6797603]}},{"type":"Feature","properties":{},"geometry":{"type":"Point","coordinates":[-1.7269161,54.6738405]}},{"type":"Feature","properties":{},"geometry":{"type":"Point","coordinates":[-1.6758336,54.705602]}},{"type":"Feature","properties":{},"geometry":{"type":"Point","coordinates":[-1.5358308,54.8139678]}},{"type":"Feature","properties":{},"geometry":{"type":"Point","coordinates":[-1.6833537,54.679514]}},{"type":"Feature","properties":{},"geometry":{"type":"Point","coordinates":[-1.681607,54.6785183]}},{"type":"Feature","properties":{},"geometry":{"type":"Point","coordinates":[-1.6842447,54.6799806]}},{"type":"Feature","properties":{},"geometry":{"type":"Point","coordinates":[-1.676561,54.7065195]}},{"type":"Feature","properties":{},"geometry":{"type":"Point","coordinates":[-1.6771728,54.7060297]}},{"type":"Feature","properties":{},"geometry":{"type":"Point","coordinates":[-1.6771711,54.7063635]}},{"type":"Feature","properties":{},"geometry":{"type":"Point","coordinates":[-1.7256791,54.6739226]}},{"type":"Feature","properties":{},"geometry":{"type":"Point","coordinates":[-1.6832266,54.6784491]}},{"type":"Feature","properties":{},"geometry":{"type":"Point","coordinates":[-1.6768837,54.7062044]}},{"type":"Feature","properties":{},"geometry":{"type":"Point","coordinates":[-1.6825149,54.6774803]}},{"type":"Feature","properties":{},"geometry":{"type":"Point","coordinates":[-1.6827727,54.6795421]}},{"type":"Feature","properties":{},"geometry":{"type":"Point","coordinates":[-1.6761549,54.7054068]}},{"type":"Feature","properties":{},"geometry":{"type":"Point","coordinates":[-1.6761314,54.7062816]}},{"type":"Feature","properties":{},"geometry":{"type":"Point","coordinates":[-1.7254373,54.674356]}},{"type":"Feature","properties":{},"geometry":{"type":"Point","coordinates":[-1.6826961,54.6788088]}},{"type":"Feature","properties":{},"geometry":{"type":"Point","coordinates":[-1.6825597,54.6778108]}},{"type":"Feature","properties":{},"geometry":{"type":"Point","coordinates":[-1.6831875,54.6781176]}},{"type":"Feature","properties":{},"geometry":{"type":"Point","coordinates":[-1.7264252,54.6738027]}},{"type":"Feature","properties":{},"geometry":{"type":"Point","coordinates":[-1.7258183,54.6744481]}},{"type":"Feature","properties":{},"geometry":{"type":"Point","coordinates":[-1.6774592,54.7061905]}},{"type":"Feature","properties":{},"geometry":{"type":"Point","coordinates":[-1.7268444,54.6741014]}},{"type":"Feature","properties":{},"geometry":{"type":"Point","coordinates":[-1.6831072,54.6774532]}},{"type":"Feature","properties":{},"geometry":{"type":"Point","coordinates":[-1.6816257,54.6787829]}},{"type":"Feature","properties":{},"geometry":{"type":"Point","coordinates":[-1.6129689,54.7154384]}},{"type":"Feature","properties":{},"geometry":{"type":"Point","coordinates":[-1.8080559,54.8290428]}},{"type":"Feature","properties":{},"geometry":{"type":"Point","coordinates":[-1.8521625,54.8896232]}},{"type":"Feature","properties":{},"geometry":{"type":"Point","coordinates":[-1.8531436,54.8904311]}},{"type":"Feature","properties":{},"geometry":{"type":"Point","coordinates":[-1.8542945,54.8906489]}},{"type":"Feature","properties":{},"geometry":{"type":"Point","coordinates":[-1.6148005,54.7144533]}},{"type":"Feature","properties":{},"geometry":{"type":"Point","coordinates":[-1.8524814,54.890249]}},{"type":"Feature","properties":{},"geometry":{"type":"Point","coordinates":[-1.6133013,54.7152581]}},{"type":"Feature","properties":{},"geometry":{"type":"Point","coordinates":[-1.8084079,54.829055]}},{"type":"Feature","properties":{},"geometry":{"type":"Point","coordinates":[-1.8528475,54.8898159]}},{"type":"Feature","properties":{},"geometry":{"type":"Point","coordinates":[-1.6147848,54.7147641]}},{"type":"Feature","properties":{},"geometry":{"type":"Point","coordinates":[-1.5764537,54.7561125]}},{"type":"Feature","properties":{},"geometry":{"type":"Point","coordinates":[-1.8080443,54.8287019]}},{"type":"Feature","properties":{},"geometry":{"type":"Point","coordinates":[-1.6156701,54.7827293]}},{"type":"Feature","properties":{},"geometry":{"type":"Point","coordinates":[-1.8517922,54.8900585]}},{"type":"Feature","properties":{},"geometry":{"type":"Point","coordinates":[-1.6315443,54.842919]}},{"type":"Feature","properties":{},"geometry":{"type":"Point","coordinates":[-1.6145244,54.7146036]}},{"type":"Feature","properties":{},"geometry":{"type":"Point","coordinates":[-1.631753,54.843014]}},{"type":"Feature","properties":{},"geometry":{"type":"Point","coordinates":[-1.6150614,54.7146118]}},{"type":"Feature","properties":{},"geometry":{"type":"Point","coordinates":[-1.4686704,54.7390642]}},{"type":"Feature","properties":{},"geometry":{"type":"Point","coordinates":[-1.6160234,54.7829208]}},{"type":"Feature","properties":{},"geometry":{"type":"Point","coordinates":[-1.7326556,54.8144416]}},{"type":"Feature","properties":{},"geometry":{"type":"Point","coordinates":[-1.8538379,54.8905175]}},{"type":"Feature","properties":{},"geometry":{"type":"Point","coordinates":[-1.8084228,54.8287146]}},{"type":"Feature","properties":{},"geometry":{"type":"Point","coordinates":[-1.8081698,54.8279378]}},{"type":"Feature","properties":{},"geometry":{"type":"Point","coordinates":[-1.8504707,54.8898177]}},{"type":"Feature","properties":{},"geometry":{"type":"Point","coordinates":[-1.7329589,54.8145314]}},{"type":"Feature","properties":{},"geometry":{"type":"Point","coordinates":[-1.8511464,54.8898704]}},{"type":"Feature","properties":{},"geometry":{"type":"Point","coordinates":[-1.6158169,54.7828116]}},{"type":"Feature","properties":{},"geometry":{"type":"Point","coordinates":[-1.6136077,54.7154445]}},{"type":"Feature","properties":{},"geometry":{"type":"Point","coordinates":[-1.8084224,54.827983]}},{"type":"Feature","properties":{},"geometry":{"type":"Point","coordinates":[-1.57636,54.7562882]}},{"type":"Feature","properties":{},"geometry":{"type":"Point","coordinates":[-1.854061,54.8902466]}},{"type":"Feature","properties":{},"geometry":{"type":"Point","coordinates":[-1.8515,54.8894331]}},{"type":"Feature","properties":{},"geometry":{"type":"Point","coordinates":[-1.8507084,54.8895519]}},{"type":"Feature","properties":{},"geometry":{"type":"Point","coordinates":[-1.8534953,54.8899958]}},{"type":"Feature","properties":{},"geometry":{"type":"Point","coordinates":[-1.5918276,54.7329474]}},{"type":"Feature","properties":{},"geometry":{"type":"Point","coordinates":[-1.4685917,54.7391602]}},{"type":"Feature","properties":{},"geometry":{"type":"Point","coordinates":[-1.6162037,54.7830194]}},{"type":"Feature","properties":{},"geometry":{"type":"Point","coordinates":[-1.6948127,54.8926323]}},{"type":"Feature","properties":{},"geometry":{"type":"Point","coordinates":[-2.0823806,54.9729954]}},{"type":"Feature","properties":{},"geometry":{"type":"Point","coordinates":[-1.668595,54.8607227]}},{"type":"Feature","properties":{},"geometry":{"type":"Point","coordinates":[-2.0820837,54.9731803]}},{"type":"Feature","properties":{},"geometry":{"type":"Point","coordinates":[-2.0817894,54.9727358]}},{"type":"Feature","properties":{},"geometry":{"type":"Point","coordinates":[-1.823339,54.7414551]}},{"type":"Feature","properties":{},"geometry":{"type":"Point","coordinates":[-2.0815092,54.9735723]}},{"type":"Feature","properties":{},"geometry":{"type":"Point","coordinates":[-2.0813902,54.9733361]}},{"type":"Feature","properties":{},"geometry":{"type":"Point","coordinates":[-1.6956488,54.8929274]}},{"type":"Feature","properties":{},"geometry":{"type":"Point","coordinates":[-1.6702138,54.8598512]}},{"type":"Feature","properties":{},"geometry":{"type":"Point","coordinates":[-1.6968511,54.8925071]}},{"type":"Feature","properties":{},"geometry":{"type":"Point","coordinates":[-1.6959194,54.8933469]}},{"type":"Feature","properties":{},"geometry":{"type":"Point","coordinates":[-1.6962226,54.8932398]}},{"type":"Feature","properties":{},"geometry":{"type":"Point","coordinates":[-2.0827845,54.9732048]}},{"type":"Feature","properties":{},"geometry":{"type":"Point","coordinates":[-1.6955755,54.8923566]}},{"type":"Feature","properties":{},"geometry":{"type":"Point","coordinates":[-1.6700994,54.8600182]}},{"type":"Feature","properties":{},"geometry":{"type":"Point","coordinates":[-2.0815646,54.9732262]}},{"type":"Feature","properties":{},"geometry":{"type":"Point","coordinates":[-2.0815996,54.9728453]}},{"type":"Feature","properties":{},"geometry":{"type":"Point","coordinates":[-1.6974277,54.8923024]}},{"type":"Feature","properties":{},"geometry":{"type":"Point","coordinates":[-1.8234328,54.7416264]}},{"type":"Feature","properties":{},"geometry":{"type":"Point","coordinates":[-2.0820597,54.9734847]}},{"type":"Feature","properties":{},"geometry":{"type":"Point","coordinates":[-2.0824875,54.9733909]}},{"type":"Feature","properties":{},"geometry":{"type":"Point","coordinates":[-1.6688835,54.8607644]}},{"type":"Feature","properties":{},"geometry":{"type":"Point","coordinates":[-1.696235,54.8927231]}},{"type":"Feature","properties":{},"geometry":{"type":"Point","coordinates":[-2.0818771,54.9735984]}},{"type":"Feature","properties":{},"geometry":{"type":"Point","coordinates":[-1.5840087,55.0612637]}},{"type":"Feature","properties":{},"geometry":{"type":"Point","coordinates":[-1.4844756,54.8995888]}},{"type":"Feature","properties":{},"geometry":{"type":"Point","coordinates":[-1.4843818,54.8993344]}},{"type":"Feature","properties":{},"geometry":{"type":"Point","coordinates":[-1.4843555,54.8985199]}},{"type":"Feature","properties":{"name":"Wet Wood pond"},"geometry":{"type":"Point","coordinates":[-1.4826345,54.8982774]}},{"type":"Feature","properties":{"name":"Pattinson South Pond"},"geometry":{"type":"Point","coordinates":[-1.5053575,54.8869438]}},{"type":"Feature","properties":{},"geometry":{"type":"Point","coordinates":[-1.481427,54.9032066]}},{"type":"Feature","properties":{},"geometry":{"type":"Point","coordinates":[-1.6107179,54.978745]}},{"type":"Feature","properties":{},"geometry":{"type":"Point","coordinates":[-1.6610303,54.8113362]}},{"type":"Feature","properties":{},"geometry":{"type":"Point","coordinates":[-1.8616913,54.9701932]}},{"type":"Feature","properties":{},"geometry":{"type":"Point","coordinates":[-1.6607822,54.9034194]}},{"type":"Feature","properties":{},"geometry":{"type":"Point","coordinates":[-1.6551908,54.9565963]}},{"type":"Feature","properties":{},"geometry":{"type":"Point","coordinates":[-1.6969501,55.0301348]}},{"type":"Feature","properties":{},"geometry":{"type":"Point","coordinates":[-1.6777596,55.0384588]}},{"type":"Feature","properties":{},"geometry":{"type":"Point","coordinates":[-1.6993159,55.0225283]}},{"type":"Feature","properties":{},"geometry":{"type":"Point","coordinates":[-1.7042189,55.01845]}},{"type":"Feature","properties":{},"geometry":{"type":"Point","coordinates":[-1.7072632,55.0215239]}},{"type":"Feature","properties":{},"geometry":{"type":"Point","coordinates":[-1.699971,55.0299607]}},{"type":"Feature","properties":{},"geometry":{"type":"Point","coordinates":[-1.6744524,55.0330798]}},{"type":"Feature","properties":{},"geometry":{"type":"Point","coordinates":[-1.7017177,55.021282]}},{"type":"Feature","properties":{},"geometry":{"type":"Point","coordinates":[-1.4507931,54.6794204]}},{"type":"Feature","properties":{},"geometry":{"type":"Point","coordinates":[-1.4500858,54.6796877]}},{"type":"Feature","properties":{},"geometry":{"type":"Point","coordinates":[-1.4508321,54.679525]}},{"type":"Feature","properties":{},"geometry":{"type":"Point","coordinates":[-1.4504732,54.6795646]}},{"type":"Feature","properties":{},"geometry":{"type":"Point","coordinates":[-1.4173321,54.7035549]}},{"type":"Feature","properties":{},"geometry":{"type":"Point","coordinates":[-1.4176686,54.7033302]}},{"type":"Feature","properties":{},"geometry":{"type":"Point","coordinates":[-1.4501388,54.6798266]}},{"type":"Feature","properties":{},"geometry":{"type":"Point","coordinates":[-1.4176931,54.7035685]}},{"type":"Feature","properties":{},"geometry":{"type":"Point","coordinates":[-1.4176995,54.7030869]}},{"type":"Feature","properties":{},"geometry":{"type":"Point","coordinates":[-1.4175533,54.702708]}},{"type":"Feature","properties":{},"geometry":{"type":"Point","coordinates":[-1.4175305,54.7028389]}},{"type":"Feature","properties":{},"geometry":{"type":"Point","coordinates":[-1.417222,54.7030698]}},{"type":"Feature","properties":{},"geometry":{"type":"Point","coordinates":[-1.4505183,54.6798623]}},{"type":"Feature","properties":{},"geometry":{"type":"Point","coordinates":[-1.4178417,54.7027204]}},{"type":"Feature","properties":{},"geometry":{"type":"Point","coordinates":[-1.4178175,54.7028444]}},{"type":"Feature","properties":{},"geometry":{"type":"Point","coordinates":[-1.4171896,54.7033122]}},{"type":"Feature","properties":{},"geometry":{"type":"Point","coordinates":[-1.4747315,54.717201]}},{"type":"Feature","properties":{},"geometry":{"type":"Point","coordinates":[-1.4745498,54.7172866]}},{"type":"Feature","properties":{},"geometry":{"type":"Point","coordinates":[-1.5486525,54.6534326]}},{"type":"Feature","properties":{},"geometry":{"type":"Point","coordinates":[-1.5497441,54.6536638]}},{"type":"Feature","properties":{},"geometry":{"type":"Point","coordinates":[-1.5486954,54.6537259]}},{"type":"Feature","properties":{},"geometry":{"type":"Point","coordinates":[-1.5502592,54.6536312]}},{"type":"Feature","properties":{},"geometry":{"type":"Point","coordinates":[-1.5502082,54.6533395]}},{"type":"Feature","properties":{},"geometry":{"type":"Point","coordinates":[-1.5496959,54.6533736]}},{"type":"Feature","properties":{},"geometry":{"type":"Point","coordinates":[-1.5491541,54.6534015]}},{"type":"Feature","properties":{},"geometry":{"type":"Point","coordinates":[-1.5492063,54.6536952]}},{"type":"Feature","properties":{},"geometry":{"type":"Point","coordinates":[-1.5591816,55.0056101]}},{"type":"Feature","properties":{},"geometry":{"type":"Point","coordinates":[-1.5705014,55.1541985]}},{"type":"Feature","properties":{},"geometry":{"type":"Point","coordinates":[-1.5152349,55.0197647]}},{"type":"Feature","properties":{},"geometry":{"type":"Point","coordinates":[-1.5254096,55.0363473]}},{"type":"Feature","properties":{},"geometry":{"type":"Point","coordinates":[-1.8019022,54.9693069]}},{"type":"Feature","properties":{},"geometry":{"type":"Point","coordinates":[-1.8643541,54.9654169]}},{"type":"Feature","properties":{},"geometry":{"type":"Point","coordinates":[-1.9182925,54.9512606]}},{"type":"Feature","properties":{},"geometry":{"type":"Point","coordinates":[-1.9239956,54.9265295]}},{"type":"Feature","properties":{},"geometry":{"type":"Point","coordinates":[-1.5804658,54.7655294]}},{"type":"Feature","properties":{},"geometry":{"type":"Point","coordinates":[-1.4688968,54.9901363]}},{"type":"Feature","properties":{},"geometry":{"type":"Point","coordinates":[-1.5741317,54.766862]}},{"type":"Feature","properties":{},"geometry":{"type":"Point","coordinates":[-1.4794124,54.977048]}},{"type":"Feature","properties":{},"geometry":{"type":"Point","coordinates":[-1.4772147,54.9766844]}},{"type":"Feature","properties":{},"geometry":{"type":"Point","coordinates":[-1.6199771,54.7489447]}},{"type":"Feature","properties":{"name":"Oxbow Pond"},"geometry":{"type":"Point","coordinates":[-1.7542446,55.0478088]}},{"type":"Feature","properties":{},"geometry":{"type":"Point","coordinates":[-1.3972814,54.9662395]}},{"type":"Feature","properties":{"name":"Newsham Pond"},"geometry":{"type":"Point","coordinates":[-1.525296,55.105667]}},{"type":"Feature","properties":{},"geometry":{"type":"Point","coordinates":[-1.2993467,54.7104755]}},{"type":"Feature","properties":{},"geometry":{"type":"Point","coordinates":[-1.2891897,54.7154256]}},{"type":"Feature","properties":{},"geometry":{"type":"Point","coordinates":[-1.3008258,54.7043259]}},{"type":"Feature","properties":{},"geometry":{"type":"Point","coordinates":[-1.6755473,55.1819402]}},{"type":"Feature","properties":{},"geometry":{"type":"Point","coordinates":[-2.117548,54.9897725]}},{"type":"Feature","properties":{},"geometry":{"type":"Point","coordinates":[-2.1171521,54.9898536]}},{"type":"Feature","properties":{},"geometry":{"type":"Point","coordinates":[-1.4987219,55.0805548]}},{"type":"Feature","properties":{},"geometry":{"type":"Point","coordinates":[-1.8546094,54.9712716]}},{"type":"Feature","properties":{},"geometry":{"type":"Point","coordinates":[-1.8537241,54.9713963]}},{"type":"Feature","properties":{},"geometry":{"type":"Point","coordinates":[-1.8579,54.970224]}},{"type":"Feature","properties":{},"geometry":{"type":"Point","coordinates":[-1.8353726,54.9724351]}},{"type":"Feature","properties":{},"geometry":{"type":"Point","coordinates":[-1.8354263,54.9726906]}},{"type":"Feature","properties":{},"geometry":{"type":"Point","coordinates":[-1.5927184,54.8074165]}},{"type":"Feature","properties":{},"geometry":{"type":"Point","coordinates":[-1.5929719,54.8074064]}},{"type":"Feature","properties":{},"geometry":{"type":"Point","coordinates":[-1.5898628,54.8213304]}},{"type":"Feature","properties":{},"geometry":{"type":"Point","coordinates":[-1.5898252,54.8212091]}},{"type":"Feature","properties":{},"geometry":{"type":"Point","coordinates":[-1.5897638,54.8210375]}},{"type":"Feature","properties":{},"geometry":{"type":"Point","coordinates":[-1.5142384,54.7971991]}},{"type":"Feature","properties":{},"geometry":{"type":"Point","coordinates":[-1.5139561,54.7940922]}},{"type":"Feature","properties":{},"geometry":{"type":"Point","coordinates":[-1.5134223,54.7950297]}},{"type":"Feature","properties":{},"geometry":{"type":"Point","coordinates":[-1.7789129,54.8610833]}},{"type":"Feature","properties":{},"geometry":{"type":"Point","coordinates":[-1.6986636,54.8934396]}},{"type":"Feature","properties":{},"geometry":{"type":"Point","coordinates":[-1.6959753,54.8825551]}},{"type":"Feature","properties":{},"geometry":{"type":"Point","coordinates":[-1.6962171,54.8835342]}},{"type":"Feature","properties":{},"geometry":{"type":"Point","coordinates":[-1.6857036,54.8590945]}},{"type":"Feature","properties":{},"geometry":{"type":"Point","coordinates":[-1.726517,54.8406537]}},{"type":"Feature","properties":{},"geometry":{"type":"Point","coordinates":[-1.7199047,54.8373144]}},{"type":"Feature","properties":{},"geometry":{"type":"Point","coordinates":[-1.7172391,54.8290257]}},{"type":"Feature","properties":{},"geometry":{"type":"Point","coordinates":[-1.6872965,54.887673]}},{"type":"Feature","properties":{},"geometry":{"type":"Point","coordinates":[-1.7429204,54.8470331]}},{"type":"Feature","properties":{},"geometry":{"type":"Point","coordinates":[-1.6739532,54.8408619]}},{"type":"Feature","properties":{},"geometry":{"type":"Point","coordinates":[-1.5085528,54.7709117]}},{"type":"Feature","properties":{},"geometry":{"type":"Point","coordinates":[-1.5088453,54.7709064]}},{"type":"Feature","properties":{},"geometry":{"type":"Point","coordinates":[-1.5077113,54.7706785]}},{"type":"Feature","properties":{},"geometry":{"type":"Point","coordinates":[-1.5080007,54.7706808]}},{"type":"Feature","properties":{},"geometry":{"type":"Point","coordinates":[-1.5076086,54.7704666]}},{"type":"Feature","properties":{},"geometry":{"type":"Point","coordinates":[-1.50803,54.7704744]}},{"type":"Feature","properties":{},"geometry":{"type":"Point","coordinates":[-1.6884868,54.8564508]}},{"type":"Feature","properties":{},"geometry":{"type":"Point","coordinates":[-1.6899186,54.8554173]}},{"type":"Feature","properties":{},"geometry":{"type":"Point","coordinates":[-1.691105,54.8548389]}},{"type":"Feature","properties":{},"geometry":{"type":"Point","coordinates":[-1.773271,54.8599336]}},{"type":"Feature","properties":{},"geometry":{"type":"Point","coordinates":[-1.6001638,54.9986698]}},{"type":"Feature","properties":{"name":"Hartlepool Dock"},"geometry":{"type":"Point","coordinates":[-1.1910866,54.6975323]}},{"type":"Feature","properties":{},"geometry":{"type":"Point","coordinates":[-1.7453098,54.9796932]}},{"type":"Feature","properties":{},"geometry":{"type":"Point","coordinates":[-1.9262938,54.8019895]}},{"type":"Feature","properties":{},"geometry":{"type":"Point","coordinates":[-1.9012632,54.7988627]}},{"type":"Feature","properties":{},"geometry":{"type":"Point","coordinates":[-1.5862553,54.7854792]}},{"type":"Feature","properties":{},"geometry":{"type":"Point","coordinates":[-1.883077,55.0353839]}},{"type":"Feature","properties":{},"geometry":{"type":"Point","coordinates":[-1.8842009,55.0345001]}},{"type":"Feature","properties":{},"geometry":{"type":"Point","coordinates":[-1.5953796,54.8999186]}},{"type":"Feature","properties":{},"geometry":{"type":"Point","coordinates":[-1.8165881,54.8868274]}},{"type":"Feature","properties":{},"geometry":{"type":"Point","coordinates":[-1.6821154,54.8877461]}},{"type":"Feature","properties":{},"geometry":{"type":"Point","coordinates":[-1.5881447,55.0199566]}},{"type":"Feature","properties":{},"geometry":{"type":"Point","coordinates":[-1.6290107,55.0086581]}},{"type":"Feature","properties":{},"geometry":{"type":"Point","coordinates":[-1.4508471,54.9530981]}},{"type":"Feature","properties":{},"geometry":{"type":"Point","coordinates":[-1.573463,55.1951574]}},{"type":"Feature","properties":{},"geometry":{"type":"Point","coordinates":[-1.9437619,54.8127205]}},{"type":"Feature","properties":{},"geometry":{"type":"Point","coordinates":[-1.434716,55.0151831]}},{"type":"Feature","properties":{},"geometry":{"type":"Point","coordinates":[-1.5283928,54.9969931]}},{"type":"Feature","properties":{},"geometry":{"type":"Point","coordinates":[-1.856002,54.9007267]}},{"type":"Feature","properties":{},"geometry":{"type":"Point","coordinates":[-1.5664843,54.7772176]}},{"type":"Feature","properties":{},"geometry":{"type":"Point","coordinates":[-1.6328419,54.8312662]}},{"type":"Feature","properties":{},"geometry":{"type":"Point","coordinates":[-1.5613404,55.1245785]}},{"type":"Feature","properties":{},"geometry":{"type":"Point","coordinates":[-1.8644741,55.0285819]}},{"type":"Feature","properties":{},"geometry":{"type":"Point","coordinates":[-1.5429772,55.0103832]}},{"type":"Feature","properties":{},"geometry":{"type":"Point","coordinates":[-1.5405388,55.0272036]}},{"type":"Feature","properties":{},"geometry":{"type":"Point","coordinates":[-1.6106303,55.1717444]}},{"type":"Feature","properties":{},"geometry":{"type":"Point","coordinates":[-1.6147837,55.175014]}},{"type":"Feature","properties":{},"geometry":{"type":"Point","coordinates":[-1.6112512,55.1743247]}},{"type":"Feature","properties":{},"geometry":{"type":"Point","coordinates":[-2.0090435,54.9418624]}},{"type":"Feature","properties":{},"geometry":{"type":"Point","coordinates":[-1.8581096,54.8513747]}},{"type":"Feature","properties":{},"geometry":{"type":"Point","coordinates":[-1.857699,54.8509308]}},{"type":"Feature","properties":{},"geometry":{"type":"Point","coordinates":[-1.8571613,54.8506814]}},{"type":"Feature","properties":{},"geometry":{"type":"Point","coordinates":[-1.5320818,55.1824025]}},{"type":"Feature","properties":{},"geometry":{"type":"Point","coordinates":[-1.7787592,55.0573683]}},{"type":"Feature","properties":{},"geometry":{"type":"Point","coordinates":[-1.7469167,55.1104873]}},{"type":"Feature","properties":{},"geometry":{"type":"Point","coordinates":[-1.748289,55.1650049]}},{"type":"Feature","properties":{},"geometry":{"type":"Point","coordinates":[-1.8466231,55.140972]}},{"type":"Feature","properties":{},"geometry":{"type":"Point","coordinates":[-1.945923,54.9571088]}},{"type":"Feature","properties":{},"geometry":{"type":"Point","coordinates":[-1.7264051,55.1948328]}},{"type":"Feature","properties":{},"geometry":{"type":"Point","coordinates":[-1.6771839,55.1909799]}},{"type":"Feature","properties":{},"geometry":{"type":"Point","coordinates":[-1.6815142,55.1897205]}},{"type":"Feature","properties":{},"geometry":{"type":"Point","coordinates":[-1.680353,55.1891142]}},{"type":"Feature","properties":{},"geometry":{"type":"Point","coordinates":[-1.6840062,55.189402]}},{"type":"Feature","properties":{},"geometry":{"type":"Point","coordinates":[-1.6833329,55.1899341]}},{"type":"Feature","properties":{},"geometry":{"type":"Point","coordinates":[-1.6823633,55.1905788]}},{"type":"Feature","properties":{},"geometry":{"type":"Point","coordinates":[-1.6789757,55.189817]}},{"type":"Feature","properties":{},"geometry":{"type":"Point","coordinates":[-1.678344,55.1934908]}},{"type":"Feature","properties":{},"geometry":{"type":"Point","coordinates":[-1.6774374,55.1873908]}},{"type":"Feature","properties":{},"geometry":{"type":"Point","coordinates":[-1.6803194,55.1882866]}},{"type":"Feature","properties":{},"geometry":{"type":"Point","coordinates":[-1.6791742,55.1885484]}},{"type":"Feature","properties":{},"geometry":{"type":"Point","coordinates":[-1.6781173,55.188553]}},{"type":"Feature","properties":{},"geometry":{"type":"Point","coordinates":[-1.6740302,55.191724]}},{"type":"Feature","properties":{},"geometry":{"type":"Point","coordinates":[-1.6794115,55.1927491]}},{"type":"Feature","properties":{},"geometry":{"type":"Point","coordinates":[-1.6804643,55.1922194]}},{"type":"Feature","properties":{},"geometry":{"type":"Point","coordinates":[-1.6808291,55.1917707]}},{"type":"Feature","properties":{},"geometry":{"type":"Point","coordinates":[-1.6804656,55.1914622]}},{"type":"Feature","properties":{},"geometry":{"type":"Point","coordinates":[-1.6425168,55.0538473]}},{"type":"Feature","properties":{},"geometry":{"type":"Point","coordinates":[-1.6985611,55.1818695]}},{"type":"Feature","properties":{},"geometry":{"type":"Point","coordinates":[-1.5274536,55.207977]}},{"type":"Feature","properties":{},"geometry":{"type":"Point","coordinates":[-1.5261444,55.2081656]}},{"type":"Feature","properties":{},"geometry":{"type":"Point","coordinates":[-1.5738975,55.1547402]}},{"type":"Feature","properties":{},"geometry":{"type":"Point","coordinates":[-1.6425821,55.2490045]}},{"type":"Feature","properties":{},"geometry":{"type":"Point","coordinates":[-1.7957148,55.2215213]}},{"type":"Feature","properties":{},"geometry":{"type":"Point","coordinates":[-1.7979987,55.0066769]}},{"type":"Feature","properties":{},"geometry":{"type":"Point","coordinates":[-1.7959159,55.0575934]}},{"type":"Feature","properties":{},"geometry":{"type":"Point","coordinates":[-1.6296489,55.0886849]}},{"type":"Feature","properties":{},"geometry":{"type":"Point","coordinates":[-1.6296568,55.0885877]}},{"type":"Feature","properties":{},"geometry":{"type":"Point","coordinates":[-1.577165,55.2765036]}},{"type":"Feature","properties":{},"geometry":{"type":"Point","coordinates":[-1.567483,54.7842111]}},{"type":"Feature","properties":{},"geometry":{"type":"Point","coordinates":[-1.5669144,54.7843425]}},{"type":"Feature","properties":{},"geometry":{"type":"Point","coordinates":[-1.5666757,54.7840069]}},{"type":"Feature","properties":{},"geometry":{"type":"Point","coordinates":[-1.7819314,54.7313451]}},{"type":"Feature","properties":{},"geometry":{"type":"Point","coordinates":[-1.778488,54.7307253]}},{"type":"Feature","properties":{},"geometry":{"type":"Point","coordinates":[-1.7683446,54.7325315]}},{"type":"Feature","properties":{},"geometry":{"type":"Point","coordinates":[-1.5581917,55.2200039]}},{"type":"Feature","properties":{},"geometry":{"type":"Point","coordinates":[-1.6031307,54.7467247]}},{"type":"Feature","properties":{},"geometry":{"type":"Point","coordinates":[-1.6045365,54.7433597]}},{"type":"Feature","properties":{},"geometry":{"type":"Point","coordinates":[-1.6032825,54.7432868]}},{"type":"Feature","properties":{},"geometry":{"type":"Point","coordinates":[-1.5296836,54.9378248]}},{"type":"Feature","properties":{},"geometry":{"type":"Point","coordinates":[-1.5230906,54.9408708]}},{"type":"Feature","properties":{},"geometry":{"type":"Point","coordinates":[-1.5296943,54.9310362]}},{"type":"Feature","properties":{},"geometry":{"type":"Point","coordinates":[-1.5315372,54.9312478]}},{"type":"Feature","properties":{},"geometry":{"type":"Point","coordinates":[-1.5350705,54.9289588]}},{"type":"Feature","properties":{},"geometry":{"type":"Point","coordinates":[-1.5357257,54.9254305]}},{"type":"Feature","properties":{},"geometry":{"type":"Point","coordinates":[-1.7095877,55.1828362]}},{"type":"Feature","properties":{},"geometry":{"type":"Point","coordinates":[-1.6712455,55.1548612]}},{"type":"Feature","properties":{},"geometry":{"type":"Point","coordinates":[-1.5227687,54.9420014]}},{"type":"Feature","properties":{"name":"Rothley Park Lake"},"geometry":{"type":"Point","coordinates":[-1.8755116,55.1846873]}},{"type":"Feature","properties":{},"geometry":{"type":"Point","coordinates":[-1.8573276,55.1553095]}},{"type":"Feature","properties":{},"geometry":{"type":"Point","coordinates":[-1.9108526,55.195472]}},{"type":"Feature","properties":{},"geometry":{"type":"Point","coordinates":[-1.4212742,54.7296561]}},{"type":"Feature","properties":{},"geometry":{"type":"Point","coordinates":[-1.5427544,55.0261387]}},{"type":"Feature","properties":{},"geometry":{"type":"Point","coordinates":[-1.5885476,55.0350677]}},{"type":"Feature","properties":{},"geometry":{"type":"Point","coordinates":[-1.5903018,55.0353324]}},{"type":"Feature","properties":{},"geometry":{"type":"Point","coordinates":[-1.5859661,55.0323219]}},{"type":"Feature","properties":{},"geometry":{"type":"Point","coordinates":[-1.5878764,55.0318065]}},{"type":"Feature","properties":{},"geometry":{"type":"Point","coordinates":[-1.5893926,55.031486]}},{"type":"Feature","properties":{"name":"SUDS pond"},"geometry":{"type":"Point","coordinates":[-1.5360623,55.1052639]}},{"type":"Feature","properties":{},"geometry":{"type":"Point","coordinates":[-1.5267053,55.1052513]}},{"type":"Feature","properties":{},"geometry":{"type":"Point","coordinates":[-1.6709066,54.8023977]}},{"type":"Feature","properties":{},"geometry":{"type":"Point","coordinates":[-1.530288,54.9391559]}},{"type":"Feature","properties":{"name":"Ouseburn"},"geometry":{"type":"Point","coordinates":[-1.5885175,54.9717174]}},{"type":"Feature","properties":{"name":"Ouseburn"},"geometry":{"type":"Point","coordinates":[-1.5883382,54.9712296]}},{"type":"Feature","properties":{},"geometry":{"type":"Point","coordinates":[-1.4444075,54.8646143]}},{"type":"Feature","properties":{},"geometry":{"type":"Point","coordinates":[-1.5274939,54.8180057]}},{"type":"Feature","properties":{},"geometry":{"type":"Point","coordinates":[-1.4742637,54.9840078]}},{"type":"Feature","properties":{},"geometry":{"type":"Point","coordinates":[-1.5276058,54.818092]}},{"type":"Feature","properties":{},"geometry":{"type":"Point","coordinates":[-1.3873483,54.941328]}},{"type":"Feature","properties":{},"geometry":{"type":"Point","coordinates":[-1.3873356,54.9407642]}},{"type":"Feature","properties":{},"geometry":{"type":"Point","coordinates":[-1.3868463,54.9404192]}},{"type":"Feature","properties":{},"geometry":{"type":"Point","coordinates":[-1.3856019,54.941322]}},{"type":"Feature","properties":{},"geometry":{"type":"Point","coordinates":[-1.3665638,54.945774]}},{"type":"Feature","properties":{},"geometry":{"type":"Point","coordinates":[-1.365435,54.945288]}},{"type":"Feature","properties":{},"geometry":{"type":"Point","coordinates":[-1.4135037,54.9432154]}},{"type":"Feature","properties":{},"geometry":{"type":"Point","coordinates":[-1.4121317,54.9458321]}},{"type":"Feature","properties":{},"geometry":{"type":"Point","coordinates":[-1.9898685,54.9670854]}},{"type":"Feature","properties":{},"geometry":{"type":"Point","coordinates":[-1.9891385,54.9676458]}},{"type":"Feature","properties":{},"geometry":{"type":"Point","coordinates":[-1.9884948,54.967167]}},{"type":"Feature","properties":{},"geometry":{"type":"Point","coordinates":[-1.9894638,54.9666146]}},{"type":"Feature","properties":{},"geometry":{"type":"Point","coordinates":[-1.620529,55.0989436]}},{"type":"Feature","properties":{},"geometry":{"type":"Point","coordinates":[-1.5339258,55.0169999]}},{"type":"Feature","properties":{},"geometry":{"type":"Point","coordinates":[-1.4905733,54.7093179]}},{"type":"Feature","properties":{},"geometry":{"type":"Point","coordinates":[-1.4883149,54.7097425]}},{"type":"Feature","properties":{},"geometry":{"type":"Point","coordinates":[-1.4861825,54.7106567]}},{"type":"Feature","properties":{},"geometry":{"type":"Point","coordinates":[-1.3581011,54.9637047]}},{"type":"Feature","properties":{},"geometry":{"type":"Point","coordinates":[-1.605866,54.8313905]}},{"type":"Feature","properties":{},"geometry":{"type":"Point","coordinates":[-1.7399436,54.7881117]}},{"type":"Feature","properties":{"name":"Kennel Pond"},"geometry":{"type":"Point","coordinates":[-1.5494977,54.8629211]}},{"type":"Feature","properties":{"name":"Roker Park Lake"},"geometry":{"type":"Point","coordinates":[-1.3700069,54.9243529]}},{"type":"Feature","properties":{},"geometry":{"type":"Point","coordinates":[-1.5171409,54.9525501]}},{"type":"Feature","properties":{},"geometry":{"type":"Point","coordinates":[-1.4386101,54.8640753]}},{"type":"Feature","properties":{},"geometry":{"type":"Point","coordinates":[-1.8211303,54.8272573]}},{"type":"Feature","properties":{},"geometry":{"type":"Point","coordinates":[-1.8223993,54.8274969]}},{"type":"Feature","properties":{},"geometry":{"type":"Point","coordinates":[-1.5690597,55.0056948]}},{"type":"Feature","properties":{},"geometry":{"type":"Point","coordinates":[-2.0579792,55.1070082]}},{"type":"Feature","properties":{},"geometry":{"type":"Point","coordinates":[-1.6014236,54.9003261]}},{"type":"Feature","properties":{},"geometry":{"type":"Point","coordinates":[-1.6144766,54.9122438]}},{"type":"Feature","properties":{"name":"Herd's House Pond"},"geometry":{"type":"Point","coordinates":[-1.7363267,54.9609826]}},{"type":"Feature","properties":{},"geometry":{"type":"Point","coordinates":[-2.0789011,55.0821051]}},{"type":"Feature","properties":{},"geometry":{"type":"Point","coordinates":[-2.0809973,55.0819147]}},{"type":"Feature","properties":{},"geometry":{"type":"Point","coordinates":[-2.0939428,55.0975787]}},{"type":"Feature","properties":{},"geometry":{"type":"Point","coordinates":[-2.0891007,55.0884626]}},{"type":"Feature","properties":{},"geometry":{"type":"Point","coordinates":[-1.6083777,55.0273956]}},{"type":"Feature","properties":{},"geometry":{"type":"Point","coordinates":[-1.9013307,55.110696]}},{"type":"Feature","properties":{},"geometry":{"type":"Point","coordinates":[-1.9162197,55.1171883]}},{"type":"Feature","properties":{},"geometry":{"type":"Point","coordinates":[-1.7428713,54.8547323]}},{"type":"Feature","properties":{"name":"Hallington Reservoir West"},"geometry":{"type":"Point","coordinates":[-2.0563073,55.0783269]}},{"type":"Feature","properties":{"name":"Bavington Carr"},"geometry":{"type":"Point","coordinates":[-2.0132111,55.0951579]}},{"type":"Feature","properties":{},"geometry":{"type":"Point","coordinates":[-1.9698827,55.082476]}},{"type":"Feature","properties":{},"geometry":{"type":"Point","coordinates":[-1.9669846,55.0854631]}},{"type":"Feature","properties":{},"geometry":{"type":"Point","coordinates":[-1.9650668,55.0705141]}},{"type":"Feature","properties":{},"geometry":{"type":"Point","coordinates":[-1.9676149,55.0769607]}},{"type":"Feature","properties":{},"geometry":{"type":"Point","coordinates":[-1.9663595,55.0767826]}},{"type":"Feature","properties":{},"geometry":{"type":"Point","coordinates":[-1.965905,55.0623002]}},{"type":"Feature","properties":{},"geometry":{"type":"Point","coordinates":[-1.9417452,55.0870788]}},{"type":"Feature","properties":{},"geometry":{"type":"Point","coordinates":[-1.9413601,55.0867061]}},{"type":"Feature","properties":{},"geometry":{"type":"Point","coordinates":[-1.9400156,55.0869689]}},{"type":"Feature","properties":{},"geometry":{"type":"Point","coordinates":[-1.9394932,55.086355]}},{"type":"Feature","properties":{},"geometry":{"type":"Point","coordinates":[-1.9112846,55.0751645]}},{"type":"Feature","properties":{},"geometry":{"type":"Point","coordinates":[-1.9090703,55.0752717]}},{"type":"Feature","properties":{},"geometry":{"type":"Point","coordinates":[-1.9513701,55.0463942]}},{"type":"Feature","properties":{},"geometry":{"type":"Point","coordinates":[-1.8926459,55.0734033]}},{"type":"Feature","properties":{},"geometry":{"type":"Point","coordinates":[-1.8511775,54.7613906]}},{"type":"Feature","properties":{},"geometry":{"type":"Point","coordinates":[-1.9610703,55.0660833]}},{"type":"Feature","properties":{},"geometry":{"type":"Point","coordinates":[-2.0112276,55.0153836]}},{"type":"Feature","properties":{},"geometry":{"type":"Point","coordinates":[-1.9964205,55.0502226]}},{"type":"Feature","properties":{},"geometry":{"type":"Point","coordinates":[-1.9949989,55.0496244]}},{"type":"Feature","properties":{"name":"Ruffside Reservoir"},"geometry":{"type":"Point","coordinates":[-2.0084381,54.8552156]}},{"type":"Feature","properties":{},"geometry":{"type":"Point","coordinates":[-2.0001662,55.0270908]}},{"type":"Feature","properties":{},"geometry":{"type":"Point","coordinates":[-2.0006061,54.8599662]}},{"type":"Feature","properties":{},"geometry":{"type":"Point","coordinates":[-1.8255772,54.9926476]}},{"type":"Feature","properties":{},"geometry":{"type":"Point","coordinates":[-1.4217763,54.9990803]}},{"type":"Feature","properties":{},"geometry":{"type":"Point","coordinates":[-1.4701139,54.9414977]}},{"type":"Feature","properties":{},"geometry":{"type":"Point","coordinates":[-1.246087,54.706283]}},{"type":"Feature","properties":{},"geometry":{"type":"Point","coordinates":[-1.9766405,55.0052702]}},{"type":"Feature","properties":{},"geometry":{"type":"Point","coordinates":[-1.6878496,54.9629266]}},{"type":"Feature","properties":{},"geometry":{"type":"Point","coordinates":[-2.002662,55.0023543]}},{"type":"Feature","properties":{},"geometry":{"type":"Point","coordinates":[-2.0811113,54.9725452]}},{"type":"Feature","properties":{},"geometry":{"type":"Point","coordinates":[-2.1197491,55.0404644]}},{"type":"Feature","properties":{},"geometry":{"type":"Point","coordinates":[-2.0937709,55.0635056]}},{"type":"Feature","properties":{},"geometry":{"type":"Point","coordinates":[-2.0860934,55.046191]}},{"type":"Feature","properties":{},"geometry":{"type":"Point","coordinates":[-2.1238509,54.9927561]}},{"type":"Feature","properties":{},"geometry":{"type":"Point","coordinates":[-2.1326248,55.0003028]}},{"type":"Feature","properties":{},"geometry":{"type":"Point","coordinates":[-1.8086693,54.9846402]}},{"type":"Feature","properties":{},"geometry":{"type":"Point","coordinates":[-1.8109097,54.9840854]}},{"type":"Feature","properties":{},"geometry":{"type":"Point","coordinates":[-1.8053476,54.9881224]}},{"type":"Feature","properties":{},"geometry":{"type":"Point","coordinates":[-1.8124652,54.9889003]}},{"type":"Feature","properties":{},"geometry":{"type":"Point","coordinates":[-1.8143144,54.9892112]}},{"type":"Feature","properties":{},"geometry":{"type":"Point","coordinates":[-1.8137448,54.9898879]}},{"type":"Feature","properties":{},"geometry":{"type":"Point","coordinates":[-1.6115409,54.8295385]}},{"type":"Feature","properties":{},"geometry":{"type":"Point","coordinates":[-1.618233,54.8374387]}},{"type":"Feature","properties":{},"geometry":{"type":"Point","coordinates":[-1.6166921,54.8386242]}},{"type":"Feature","properties":{},"geometry":{"type":"Point","coordinates":[-1.610511,54.8304915]}},{"type":"Feature","properties":{"name":"The Meadow Ponds"},"geometry":{"type":"Point","coordinates":[-1.5225662,55.0195004]}},{"type":"Feature","properties":{"name":"The Meadow Ponds"},"geometry":{"type":"Point","coordinates":[-1.5217318,55.0194296]}},{"type":"Feature","properties":{"name":"The Meadow Ponds"},"geometry":{"type":"Point","coordinates":[-1.520897,55.0192397]}},{"type":"Feature","properties":{"name":"The Meadow Ponds"},"geometry":{"type":"Point","coordinates":[-1.5178795,55.0209465]}},{"type":"Feature","properties":{"name":"The Meadow Ponds"},"geometry":{"type":"Point","coordinates":[-1.518302,55.0205051]}},{"type":"Feature","properties":{"name":"The Meadow Ponds"},"geometry":{"type":"Point","coordinates":[-1.5196954,55.0198862]}},{"type":"Feature","properties":{},"geometry":{"type":"Point","coordinates":[-1.8069157,54.9893872]}},{"type":"Feature","properties":{},"geometry":{"type":"Point","coordinates":[-1.6196692,55.0298746]}},{"type":"Feature","properties":{},"geometry":{"type":"Point","coordinates":[-2.0213328,54.8998456]}},{"type":"Feature","properties":{},"geometry":{"type":"Point","coordinates":[-2.0345184,54.8961786]}},{"type":"Feature","properties":{},"geometry":{"type":"Point","coordinates":[-2.0152534,54.8939152]}},{"type":"Feature","properties":{},"geometry":{"type":"Point","coordinates":[-2.0158,54.9012836]}},{"type":"Feature","properties":{},"geometry":{"type":"Point","coordinates":[-2.0178006,54.8987265]}},{"type":"Feature","properties":{},"geometry":{"type":"Point","coordinates":[-1.7187542,54.8393124]}},{"type":"Feature","properties":{},"geometry":{"type":"Point","coordinates":[-1.7176826,54.8391154]}},{"type":"Feature","properties":{},"geometry":{"type":"Point","coordinates":[-1.3998252,54.9546091]}},{"type":"Feature","properties":{},"geometry":{"type":"Point","coordinates":[-1.7756948,54.7683487]}},{"type":"Feature","properties":{},"geometry":{"type":"Point","coordinates":[-1.6089552,54.9132282]}},{"type":"Feature","properties":{},"geometry":{"type":"Point","coordinates":[-1.6067867,54.9120487]}},{"type":"Feature","properties":{},"geometry":{"type":"Point","coordinates":[-1.6087139,54.9125814]}},{"type":"Feature","properties":{},"geometry":{"type":"Point","coordinates":[-1.6079722,54.9129769]}},{"type":"Feature","properties":{},"geometry":{"type":"Point","coordinates":[-1.7698047,54.7426078]}},{"type":"Feature","properties":{"name":"Wear River Bank SSSI"},"geometry":{"type":"Point","coordinates":[-1.4404143,54.9128157]}},{"type":"Feature","properties":{},"geometry":{"type":"Point","coordinates":[-1.9880157,54.8563983]}},{"type":"Feature","properties":{},"geometry":{"type":"Point","coordinates":[-1.9558141,54.8608839]}},{"type":"Feature","properties":{},"geometry":{"type":"Point","coordinates":[-1.5933182,54.9587917]}},{"type":"Feature","properties":{},"geometry":{"type":"Point","coordinates":[-1.5928392,54.9588096]}},{"type":"Feature","properties":{},"geometry":{"type":"Point","coordinates":[-1.5220604,54.7688682]}},{"type":"Feature","properties":{},"geometry":{"type":"Point","coordinates":[-1.4793521,54.8783637]}},{"type":"Feature","properties":{},"geometry":{"type":"Point","coordinates":[-1.4680579,54.8770504]}},{"type":"Feature","properties":{},"geometry":{"type":"Point","coordinates":[-1.4749203,54.876056]}},{"type":"Feature","properties":{},"geometry":{"type":"Point","coordinates":[-1.5058385,54.8293302]}},{"type":"Feature","properties":{},"geometry":{"type":"Point","coordinates":[-1.5031783,54.8276573]}},{"type":"Feature","properties":{},"geometry":{"type":"Point","coordinates":[-1.3705443,54.8124291]}},{"type":"Feature","properties":{},"geometry":{"type":"Point","coordinates":[-1.3720713,54.810756]}},{"type":"Feature","properties":{},"geometry":{"type":"Point","coordinates":[-1.5145203,55.1999603]}},{"type":"Feature","properties":{},"geometry":{"type":"Point","coordinates":[-1.5170869,55.2018784]}},{"type":"Feature","properties":{},"geometry":{"type":"Point","coordinates":[-1.5154173,55.2006899]}},{"type":"Feature","properties":{},"geometry":{"type":"Point","coordinates":[-1.6162382,55.1342035]}},{"type":"Feature","properties":{},"geometry":{"type":"Point","coordinates":[-1.6978949,54.8932353]}},{"type":"Feature","properties":{},"geometry":{"type":"Point","coordinates":[-1.6988821,54.8933571]}},{"type":"Feature","properties":{},"geometry":{"type":"Point","coordinates":[-1.9533482,54.8570382]}},{"type":"Feature","properties":{},"geometry":{"type":"Point","coordinates":[-1.4751627,54.9724837]}},{"type":"Feature","properties":{},"geometry":{"type":"Point","coordinates":[-1.9337553,54.9157065]}},{"type":"Feature","properties":{},"geometry":{"type":"Point","coordinates":[-1.8507202,54.9073551]}},{"type":"Feature","properties":{},"geometry":{"type":"Point","coordinates":[-1.8516603,54.9081733]}},{"type":"Feature","properties":{},"geometry":{"type":"Point","coordinates":[-1.8496017,54.9113179]}},{"type":"Feature","properties":{},"geometry":{"type":"Point","coordinates":[-1.8499517,54.9122338]}},{"type":"Feature","properties":{},"geometry":{"type":"Point","coordinates":[-1.8499169,54.9130208]}},{"type":"Feature","properties":{},"geometry":{"type":"Point","coordinates":[-1.8609502,54.894937]}},{"type":"Feature","properties":{},"geometry":{"type":"Point","coordinates":[-1.9021985,54.8499502]}},{"type":"Feature","properties":{},"geometry":{"type":"Point","coordinates":[-1.9041498,54.8501054]}},{"type":"Feature","properties":{},"geometry":{"type":"Point","coordinates":[-1.9022588,54.8493842]}},{"type":"Feature","properties":{},"geometry":{"type":"Point","coordinates":[-1.9028892,54.8490901]}},{"type":"Feature","properties":{},"geometry":{"type":"Point","coordinates":[-1.9032433,54.849368]}},{"type":"Feature","properties":{},"geometry":{"type":"Point","coordinates":[-1.9040264,54.8494221]}},{"type":"Feature","properties":{},"geometry":{"type":"Point","coordinates":[-1.5567915,54.8109598]}},{"type":"Feature","properties":{},"geometry":{"type":"Point","coordinates":[-1.5568007,54.8111196]}},{"type":"Feature","properties":{},"geometry":{"type":"Point","coordinates":[-1.5568064,54.8112802]}},{"type":"Feature","properties":{},"geometry":{"type":"Point","coordinates":[-1.5569124,54.8114532]}},{"type":"Feature","properties":{},"geometry":{"type":"Point","coordinates":[-1.6052052,55.0373813]}},{"type":"Feature","properties":{},"geometry":{"type":"Point","coordinates":[-1.599819,55.0368028]}},{"type":"Feature","properties":{},"geometry":{"type":"Point","coordinates":[-1.6173935,54.7883886]}},{"type":"Feature","properties":{},"geometry":{"type":"Point","coordinates":[-1.6114765,54.7886855]}},{"type":"Feature","properties":{},"geometry":{"type":"Point","coordinates":[-1.6138704,54.7845421]}},{"type":"Feature","properties":{},"geometry":{"type":"Point","coordinates":[-1.6087005,54.783563]}},{"type":"Feature","properties":{},"geometry":{"type":"Point","coordinates":[-1.6090679,54.7848731]}},{"type":"Feature","properties":{},"geometry":{"type":"Point","coordinates":[-1.6030316,54.7827973]}},{"type":"Feature","properties":{},"geometry":{"type":"Point","coordinates":[-1.6047951,54.7840394]}},{"type":"Feature","properties":{},"geometry":{"type":"Point","coordinates":[-1.4554058,54.998252]}},{"type":"Feature","properties":{},"geometry":{"type":"Point","coordinates":[-1.9251059,54.9038068]}},{"type":"Feature","properties":{},"geometry":{"type":"Point","coordinates":[-1.9865098,54.9105454]}},{"type":"Feature","properties":{},"geometry":{"type":"Point","coordinates":[-1.9335802,54.8837294]}},{"type":"Feature","properties":{},"geometry":{"type":"Point","coordinates":[-1.9771246,54.8920062]}},{"type":"Feature","properties":{},"geometry":{"type":"Point","coordinates":[-1.5055113,55.0224693]}},{"type":"Feature","properties":{},"geometry":{"type":"Point","coordinates":[-1.505336,55.0227352]}},{"type":"Feature","properties":{},"geometry":{"type":"Point","coordinates":[-1.5047858,55.0228031]}},{"type":"Feature","properties":{},"geometry":{"type":"Point","coordinates":[-2.0422453,54.9096492]}},{"type":"Feature","properties":{},"geometry":{"type":"Point","coordinates":[-2.0306884,54.9068247]}},{"type":"Feature","properties":{},"geometry":{"type":"Point","coordinates":[-1.6015457,54.7063714]}},{"type":"Feature","properties":{},"geometry":{"type":"Point","coordinates":[-1.6682233,54.8817956]}},{"type":"Feature","properties":{},"geometry":{"type":"Point","coordinates":[-1.6696973,54.881576]}},{"type":"Feature","properties":{},"geometry":{"type":"Point","coordinates":[-1.3993814,54.8490301]}},{"type":"Feature","properties":{},"geometry":{"type":"Point","coordinates":[-1.3972811,54.8480414]}},{"type":"Feature","properties":{},"geometry":{"type":"Point","coordinates":[-1.3989158,54.847444]}},{"type":"Feature","properties":{},"geometry":{"type":"Point","coordinates":[-1.4031471,54.8488974]}},{"type":"Feature","properties":{},"geometry":{"type":"Point","coordinates":[-1.4045815,54.8488095]}},{"type":"Feature","properties":{},"geometry":{"type":"Point","coordinates":[-1.4000602,54.8469601]}},{"type":"Feature","properties":{},"geometry":{"type":"Point","coordinates":[-1.4020998,54.8452475]}},{"type":"Feature","properties":{},"geometry":{"type":"Point","coordinates":[-1.3998023,54.8458034]}},{"type":"Feature","properties":{},"geometry":{"type":"Point","coordinates":[-1.3971711,54.845702]}},{"type":"Feature","properties":{},"geometry":{"type":"Point","coordinates":[-1.3973305,54.8453499]}},{"type":"Feature","properties":{},"geometry":{"type":"Point","coordinates":[-1.3982695,54.844392]}},{"type":"Feature","properties":{},"geometry":{"type":"Point","coordinates":[-1.3998112,54.8439834]}},{"type":"Feature","properties":{},"geometry":{"type":"Point","coordinates":[-1.401088,54.8436675]}},{"type":"Feature","properties":{},"geometry":{"type":"Point","coordinates":[-1.6522556,54.9344248]}},{"type":"Feature","properties":{},"geometry":{"type":"Point","coordinates":[-1.5879397,55.1930292]}},{"type":"Feature","properties":{},"geometry":{"type":"Point","coordinates":[-1.6185196,55.0066407]}},{"type":"Feature","properties":{},"geometry":{"type":"Point","coordinates":[-1.7973979,55.0310123]}},{"type":"Feature","properties":{},"geometry":{"type":"Point","coordinates":[-1.6356038,54.8042407]}},{"type":"Feature","properties":{},"geometry":{"type":"Point","coordinates":[-1.6648391,55.0822118]}},{"type":"Feature","properties":{},"geometry":{"type":"Point","coordinates":[-1.6164574,55.0429772]}},{"type":"Feature","properties":{},"geometry":{"type":"Point","coordinates":[-1.7015612,55.0710786]}},{"type":"Feature","properties":{},"geometry":{"type":"Point","coordinates":[-1.6976037,55.0711776]}},{"type":"Feature","properties":{},"geometry":{"type":"Point","coordinates":[-1.6991647,55.0712345]}},{"type":"Feature","properties":{},"geometry":{"type":"Point","coordinates":[-1.6068706,55.0342822]}},{"type":"Feature","properties":{},"geometry":{"type":"Point","coordinates":[-1.6120613,55.0520456]}},{"type":"Feature","properties":{},"geometry":{"type":"Point","coordinates":[-1.5692921,54.7444185]}},{"type":"Feature","properties":{},"geometry":{"type":"Point","coordinates":[-1.5719247,54.7368399]}},{"type":"Feature","properties":{},"geometry":{"type":"Point","coordinates":[-1.5711885,54.7365542]}},{"type":"Feature","properties":{},"geometry":{"type":"Point","coordinates":[-1.5708625,54.7366347]}},{"type":"Feature","properties":{},"geometry":{"type":"Point","coordinates":[-1.5750843,54.7376761]}},{"type":"Feature","properties":{},"geometry":{"type":"Point","coordinates":[-1.6344242,55.2555163]}},{"type":"Feature","properties":{},"geometry":{"type":"Point","coordinates":[-1.6510901,55.2295967]}},{"type":"Feature","properties":{},"geometry":{"type":"Point","coordinates":[-1.6518358,55.2296946]}},{"type":"Feature","properties":{},"geometry":{"type":"Point","coordinates":[-1.6519698,55.2302406]}},{"type":"Feature","properties":{},"geometry":{"type":"Point","coordinates":[-1.6525841,55.2301581]}},{"type":"Feature","properties":{},"geometry":{"type":"Point","coordinates":[-1.6475898,55.2321694]}},{"type":"Feature","properties":{},"geometry":{"type":"Point","coordinates":[-1.8817383,54.8544517]}},{"type":"Feature","properties":{},"geometry":{"type":"Point","coordinates":[-1.5023623,54.9572565]}},{"type":"Feature","properties":{},"geometry":{"type":"Point","coordinates":[-1.7201302,54.8119025]}},{"type":"Feature","properties":{},"geometry":{"type":"Point","coordinates":[-1.755719,54.95344]}},{"type":"Feature","properties":{},"geometry":{"type":"Point","coordinates":[-1.7524481,54.9528302]}},{"type":"Feature","properties":{},"geometry":{"type":"Point","coordinates":[-1.6661923,55.1577526]}},{"type":"Feature","properties":{},"geometry":{"type":"Point","coordinates":[-1.6701705,55.15519]}},{"type":"Feature","properties":{},"geometry":{"type":"Point","coordinates":[-1.6674449,55.1566076]}},{"type":"Feature","properties":{},"geometry":{"type":"Point","coordinates":[-1.5972555,54.7387121]}},{"type":"Feature","properties":{},"geometry":{"type":"Point","coordinates":[-1.596011,54.739813]}},{"type":"Feature","properties":{},"geometry":{"type":"Point","coordinates":[-1.7143675,55.1270304]}},{"type":"Feature","properties":{},"geometry":{"type":"Point","coordinates":[-1.7143258,55.1266899]}},{"type":"Feature","properties":{},"geometry":{"type":"Point","coordinates":[-1.7170281,55.1273228]}},{"type":"Feature","properties":{},"geometry":{"type":"Point","coordinates":[-1.7157796,55.1272244]}},{"type":"Feature","properties":{},"geometry":{"type":"Point","coordinates":[-1.5997202,54.755955]}},{"type":"Feature","properties":{},"geometry":{"type":"Point","coordinates":[-1.6393695,54.9913561]}},{"type":"Feature","properties":{},"geometry":{"type":"Point","coordinates":[-1.5780454,54.7317248]}},{"type":"Feature","properties":{},"geometry":{"type":"Point","coordinates":[-1.8532294,54.7842327]}},{"type":"Feature","properties":{},"geometry":{"type":"Point","coordinates":[-1.8546992,54.7837749]}},{"type":"Feature","properties":{},"geometry":{"type":"Point","coordinates":[-1.6680676,54.7690039]}},{"type":"Feature","properties":{},"geometry":{"type":"Point","coordinates":[-1.6705599,54.7690243]}},{"type":"Feature","properties":{},"geometry":{"type":"Point","coordinates":[-1.8041396,54.7572158]}},{"type":"Feature","properties":{},"geometry":{"type":"Point","coordinates":[-1.8041007,54.7569225]}},{"type":"Feature","properties":{},"geometry":{"type":"Point","coordinates":[-1.8050637,54.7563683]}},{"type":"Feature","properties":{},"geometry":{"type":"Point","coordinates":[-1.8074723,54.7559644]}},{"type":"Feature","properties":{},"geometry":{"type":"Point","coordinates":[-1.8096261,54.7554451]}},{"type":"Feature","properties":{},"geometry":{"type":"Point","coordinates":[-1.8088884,54.75613]}},{"type":"Feature","properties":{},"geometry":{"type":"Point","coordinates":[-1.8092586,54.7561904]}},{"type":"Feature","properties":{},"geometry":{"type":"Point","coordinates":[-1.8104938,54.7559373]}},{"type":"Feature","properties":{},"geometry":{"type":"Point","coordinates":[-1.8103757,54.7564384]}},{"type":"Feature","properties":{},"geometry":{"type":"Point","coordinates":[-1.811159,54.7562909]}},{"type":"Feature","properties":{},"geometry":{"type":"Point","coordinates":[-1.8113708,54.7567383]}},{"type":"Feature","properties":{},"geometry":{"type":"Point","coordinates":[-1.7630361,54.7439253]}},{"type":"Feature","properties":{},"geometry":{"type":"Point","coordinates":[-1.7616695,54.7441801]}},{"type":"Feature","properties":{},"geometry":{"type":"Point","coordinates":[-1.7093676,54.7551988]}},{"type":"Feature","properties":{},"geometry":{"type":"Point","coordinates":[-1.7344887,54.77637]}},{"type":"Feature","properties":{},"geometry":{"type":"Point","coordinates":[-1.8559492,54.8309953]}},{"type":"Feature","properties":{},"geometry":{"type":"Point","coordinates":[-1.7736737,54.6999403]}},{"type":"Feature","properties":{},"geometry":{"type":"Point","coordinates":[-1.5446559,55.1689197]}},{"type":"Feature","properties":{},"geometry":{"type":"Point","coordinates":[-1.7987001,54.9726714]}},{"type":"Feature","properties":{},"geometry":{"type":"Point","coordinates":[-1.8024257,54.9740454]}},{"type":"Feature","properties":{},"geometry":{"type":"Point","coordinates":[-1.6233145,55.0816204]}},{"type":"Feature","properties":{},"geometry":{"type":"Point","coordinates":[-1.5743864,54.6579547]}},{"type":"Feature","properties":{},"geometry":{"type":"Point","coordinates":[-1.8064235,54.9852442]}},{"type":"Feature","properties":{},"geometry":{"type":"Point","coordinates":[-1.8057774,54.9854201]}},{"type":"Feature","properties":{},"geometry":{"type":"Point","coordinates":[-2.0402505,54.8779669]}},{"type":"Feature","properties":{},"geometry":{"type":"Point","coordinates":[-2.0320215,54.8795787]}},{"type":"Feature","properties":{},"geometry":{"type":"Point","coordinates":[-2.0986837,55.0127376]}},{"type":"Feature","properties":{},"geometry":{"type":"Point","coordinates":[-1.4642553,54.6618476]}},{"type":"Feature","properties":{},"geometry":{"type":"Point","coordinates":[-1.4638133,54.6617325]}},{"type":"Feature","properties":{},"geometry":{"type":"Point","coordinates":[-2.0694825,54.8832711]}},{"type":"Feature","properties":{},"geometry":{"type":"Point","coordinates":[-2.0726957,54.8831878]}},{"type":"Feature","properties":{},"geometry":{"type":"Point","coordinates":[-2.0762645,54.8904651]}},{"type":"Feature","properties":{},"geometry":{"type":"Point","coordinates":[-2.0774628,54.8892298]}},{"type":"Feature","properties":{},"geometry":{"type":"Point","coordinates":[-1.460782,54.6630292]}},{"type":"Feature","properties":{},"geometry":{"type":"Point","coordinates":[-1.4739867,54.6672573]}},{"type":"Feature","properties":{},"geometry":{"type":"Point","coordinates":[-1.8661108,54.8339113]}},{"type":"Feature","properties":{},"geometry":{"type":"Point","coordinates":[-1.5673629,55.2179935]}},{"type":"Feature","properties":{},"geometry":{"type":"Point","coordinates":[-1.7162712,54.8026835]}},{"type":"Feature","properties":{},"geometry":{"type":"Point","coordinates":[-1.514258,55.0219923]}},{"type":"Feature","properties":{},"geometry":{"type":"Point","coordinates":[-1.7833181,54.9798536]}},{"type":"Feature","properties":{},"geometry":{"type":"Point","coordinates":[-1.7769782,54.9779198]}},{"type":"Feature","properties":{},"geometry":{"type":"Point","coordinates":[-1.6936672,54.9269323]}},{"type":"Feature","properties":{},"geometry":{"type":"Point","coordinates":[-1.6621729,54.8987321]}},{"type":"Feature","properties":{},"geometry":{"type":"Point","coordinates":[-1.6726979,54.6727995]}},{"type":"Feature","properties":{},"geometry":{"type":"Point","coordinates":[-1.6772792,54.6707756]}},{"type":"Feature","properties":{},"geometry":{"type":"Point","coordinates":[-1.6786373,54.6721354]}},{"type":"Feature","properties":{},"geometry":{"type":"Point","coordinates":[-1.6422508,54.9058746]}},{"type":"Feature","properties":{},"geometry":{"type":"Point","coordinates":[-1.5693591,54.7562979]}},{"type":"Feature","properties":{},"geometry":{"type":"Point","coordinates":[-1.786309,54.9810554]}},{"type":"Feature","properties":{},"geometry":{"type":"Point","coordinates":[-1.5759722,54.7566914]}},{"type":"Feature","properties":{},"geometry":{"type":"Point","coordinates":[-1.5759971,54.7565967]}},{"type":"Feature","properties":{},"geometry":{"type":"Point","coordinates":[-1.5763276,54.7564938]}},{"type":"Feature","properties":{},"geometry":{"type":"Point","coordinates":[-1.5762294,54.7566078]}},{"type":"Feature","properties":{},"geometry":{"type":"Point","coordinates":[-1.3551429,54.7510885]}},{"type":"Feature","properties":{},"geometry":{"type":"Point","coordinates":[-1.4908133,54.8381346]}},{"type":"Feature","properties":{},"geometry":{"type":"Point","coordinates":[-1.4826386,54.9684053]}},{"type":"Feature","properties":{},"geometry":{"type":"Point","coordinates":[-1.9149356,54.8432513]}},{"type":"Feature","properties":{"name":"Boghall Quarry"},"geometry":{"type":"Point","coordinates":[-1.5280706,55.2281359]}},{"type":"Feature","properties":{},"geometry":{"type":"Point","coordinates":[-1.9382085,54.8319022]}},{"type":"Feature","properties":{},"geometry":{"type":"Point","coordinates":[-1.6299234,54.8838713]}},{"type":"Feature","properties":{},"geometry":{"type":"Point","coordinates":[-1.5956463,54.9644161]}},{"type":"Feature","properties":{},"geometry":{"type":"Point","coordinates":[-1.5956696,54.9644187]}},{"type":"Feature","properties":{"name":"South Pond"},"geometry":{"type":"Point","coordinates":[-1.5815038,54.7618696]}},{"type":"Feature","properties":{},"geometry":{"type":"Point","coordinates":[-1.5747156,54.792747]}},{"type":"Feature","properties":{},"geometry":{"type":"Point","coordinates":[-1.4892992,54.8063068]}},{"type":"Feature","properties":{},"geometry":{"type":"Point","coordinates":[-1.5605998,55.0761055]}},{"type":"Feature","properties":{},"geometry":{"type":"Point","coordinates":[-1.5597549,55.0761051]}},{"type":"Feature","properties":{},"geometry":{"type":"Point","coordinates":[-1.3152715,54.73432]}},{"type":"Feature","properties":{},"geometry":{"type":"Point","coordinates":[-1.2984788,54.7225329]}},{"type":"Feature","properties":{"name":"Choppington nature reserve pond"},"geometry":{"type":"Point","coordinates":[-1.6125123,55.1478469]}},{"type":"Feature","properties":{},"geometry":{"type":"Point","coordinates":[-1.383466,54.7206584]}},{"type":"Feature","properties":{},"geometry":{"type":"Point","coordinates":[-1.3710085,54.7288999]}},{"type":"Feature","properties":{},"geometry":{"type":"Point","coordinates":[-1.5475085,54.7338453]}},{"type":"Feature","properties":{},"geometry":{"type":"Point","coordinates":[-1.6726694,54.6705705]}},{"type":"Feature","properties":{},"geometry":{"type":"Point","coordinates":[-1.9939119,54.8338012]}},{"type":"Feature","properties":{},"geometry":{"type":"Point","coordinates":[-1.5601893,54.7979223]}},{"type":"Feature","properties":{},"geometry":{"type":"Point","coordinates":[-1.5591024,54.7991055]}},{"type":"Feature","properties":{},"geometry":{"type":"Point","coordinates":[-2.0226362,54.8975423]}},{"type":"Feature","properties":{},"geometry":{"type":"Point","coordinates":[-2.0222288,54.8970194]}},{"type":"Feature","properties":{},"geometry":{"type":"Point","coordinates":[-1.4628598,54.6615726]}},{"type":"Feature","properties":{},"geometry":{"type":"Point","coordinates":[-1.4761347,54.6674727]}},{"type":"Feature","properties":{},"geometry":{"type":"Point","coordinates":[-1.4702324,54.6655107]}},{"type":"Feature","properties":{},"geometry":{"type":"Point","coordinates":[-1.9232913,54.8180467]}},{"type":"Feature","properties":{},"geometry":{"type":"Point","coordinates":[-1.9234349,54.8183953]}},{"type":"Feature","properties":{},"geometry":{"type":"Point","coordinates":[-1.9213495,54.8157394]}},{"type":"Feature","properties":{},"geometry":{"type":"Point","coordinates":[-1.914676,54.7753298]}},{"type":"Feature","properties":{},"geometry":{"type":"Point","coordinates":[-1.5200374,54.7956814]}},{"type":"Feature","properties":{},"geometry":{"type":"Point","coordinates":[-1.6191161,54.7792087]}},{"type":"Feature","properties":{},"geometry":{"type":"Point","coordinates":[-1.6190143,54.7781324]}},{"type":"Feature","properties":{},"geometry":{"type":"Point","coordinates":[-1.535385,54.805675]}},{"type":"Feature","properties":{},"geometry":{"type":"Point","coordinates":[-1.5365886,54.8070886]}},{"type":"Feature","properties":{},"geometry":{"type":"Point","coordinates":[-1.5447338,54.8079133]}},{"type":"Feature","properties":{},"geometry":{"type":"Point","coordinates":[-1.5466837,54.8079453]}},{"type":"Feature","properties":{},"geometry":{"type":"Point","coordinates":[-1.7087415,55.1778568]}},{"type":"Feature","properties":{},"geometry":{"type":"Point","coordinates":[-1.5648259,55.0676779]}},{"type":"Feature","properties":{},"geometry":{"type":"Point","coordinates":[-1.5589149,55.0692616]}},{"type":"Feature","properties":{},"geometry":{"type":"Point","coordinates":[-1.8692817,54.7726632]}},{"type":"Feature","properties":{},"geometry":{"type":"Point","coordinates":[-1.7938078,54.872622]}},{"type":"Feature","properties":{},"geometry":{"type":"Point","coordinates":[-1.7756679,54.8415033]}},{"type":"Feature","properties":{},"geometry":{"type":"Point","coordinates":[-1.729304,54.8293774]}},{"type":"Feature","properties":{},"geometry":{"type":"Point","coordinates":[-1.5282303,54.7988555]}},{"type":"Feature","properties":{},"geometry":{"type":"Point","coordinates":[-1.5285695,54.7987684]}},{"type":"Feature","properties":{},"geometry":{"type":"Point","coordinates":[-1.5283767,54.7990549]}},{"type":"Feature","properties":{},"geometry":{"type":"Point","coordinates":[-1.5287238,54.7989673]}},{"type":"Feature","properties":{},"geometry":{"type":"Point","coordinates":[-1.5291421,54.7997958]}},{"type":"Feature","properties":{},"geometry":{"type":"Point","coordinates":[-1.5298014,54.8009556]}},{"type":"Feature","properties":{},"geometry":{"type":"Point","coordinates":[-1.5301715,54.8008627]}},{"type":"Feature","properties":{},"geometry":{"type":"Point","coordinates":[-1.6799645,55.0377234]}},{"type":"Feature","properties":{},"geometry":{"type":"Point","coordinates":[-1.8742566,54.7813572]}},{"type":"Feature","properties":{},"geometry":{"type":"Point","coordinates":[-1.7481834,54.8447915]}},{"type":"Feature","properties":{},"geometry":{"type":"Point","coordinates":[-1.7722334,54.8578566]}},{"type":"Feature","properties":{},"geometry":{"type":"Point","coordinates":[-1.7717707,54.8577392]}},{"type":"Feature","properties":{},"geometry":{"type":"Point","coordinates":[-1.7911685,54.8731197]}},{"type":"Feature","properties":{},"geometry":{"type":"Point","coordinates":[-1.7916687,54.8734654]}},{"type":"Feature","properties":{},"geometry":{"type":"Point","coordinates":[-1.7325062,54.8146261]}},{"type":"Feature","properties":{},"geometry":{"type":"Point","coordinates":[-1.732807,54.8147176]}},{"type":"Feature","properties":{},"geometry":{"type":"Point","coordinates":[-1.7326806,54.8148268]}},{"type":"Feature","properties":{},"geometry":{"type":"Point","coordinates":[-1.7324273,54.814747]}},{"type":"Feature","properties":{},"geometry":{"type":"Point","coordinates":[-1.7322909,54.8148879]}},{"type":"Feature","properties":{},"geometry":{"type":"Point","coordinates":[-1.7325489,54.8149709]}},{"type":"Feature","properties":{},"geometry":{"type":"Point","coordinates":[-1.5902026,54.8074802]}},{"type":"Feature","properties":{},"geometry":{"type":"Point","coordinates":[-1.6756605,54.8152587]}},{"type":"Feature","properties":{},"geometry":{"type":"Point","coordinates":[-1.9786915,54.8428121]}},{"type":"Feature","properties":{},"geometry":{"type":"Point","coordinates":[-1.8973718,54.795335]}},{"type":"Feature","properties":{},"geometry":{"type":"Point","coordinates":[-1.897848,54.795666]}},{"type":"Feature","properties":{},"geometry":{"type":"Point","coordinates":[-1.651302,54.7090963]}},{"type":"Feature","properties":{},"geometry":{"type":"Point","coordinates":[-1.4702244,54.9356393]}},{"type":"Feature","properties":{},"geometry":{"type":"Point","coordinates":[-1.4744881,54.9459713]}},{"type":"Feature","properties":{},"geometry":{"type":"Point","coordinates":[-1.6775492,54.7068156]}},{"type":"Feature","properties":{},"geometry":{"type":"Point","coordinates":[-1.6772521,54.706999]}},{"type":"Feature","properties":{},"geometry":{"type":"Point","coordinates":[-1.6677453,54.7063472]}},{"type":"Feature","properties":{},"geometry":{"type":"Point","coordinates":[-1.6682093,54.7068246]}},{"type":"Feature","properties":{},"geometry":{"type":"Point","coordinates":[-1.7126254,54.8375314]}},{"type":"Feature","properties":{},"geometry":{"type":"Point","coordinates":[-1.7745656,54.858576]}},{"type":"Feature","properties":{},"geometry":{"type":"Point","coordinates":[-1.9544493,54.8537055]}},{"type":"Feature","properties":{"name":"SUDS for St Nicholas Manor"},"geometry":{"type":"Point","coordinates":[-1.5910068,55.0922628]}},{"type":"Feature","properties":{},"geometry":{"type":"Point","coordinates":[-1.8721417,54.7879152]}},{"type":"Feature","properties":{},"geometry":{"type":"Point","coordinates":[-1.8734251,54.7810108]}},{"type":"Feature","properties":{},"geometry":{"type":"Point","coordinates":[-1.8735036,54.7825576]}},{"type":"Feature","properties":{},"geometry":{"type":"Point","coordinates":[-1.8738529,54.7828952]}},{"type":"Feature","properties":{},"geometry":{"type":"Point","coordinates":[-1.8725414,54.7829234]}},{"type":"Feature","properties":{},"geometry":{"type":"Point","coordinates":[-1.8744363,54.7830735]}},{"type":"Feature","properties":{},"geometry":{"type":"Point","coordinates":[-1.5943516,54.9949419]}},{"type":"Feature","properties":{},"geometry":{"type":"Point","coordinates":[-1.5325532,55.1204962]}},{"type":"Feature","properties":{},"geometry":{"type":"Point","coordinates":[-1.7905515,55.029325]}},{"type":"Feature","properties":{},"geometry":{"type":"Point","coordinates":[-1.7883037,55.029669]}},{"type":"Feature","properties":{},"geometry":{"type":"Point","coordinates":[-1.6164172,55.1170176]}},{"type":"Feature","properties":{},"geometry":{"type":"Point","coordinates":[-1.8352613,54.7309032]}},{"type":"Feature","properties":{},"geometry":{"type":"Point","coordinates":[-1.2790207,54.7505885]}},{"type":"Feature","properties":{},"geometry":{"type":"Point","coordinates":[-1.7199477,55.206592]}},{"type":"Feature","properties":{},"geometry":{"type":"Point","coordinates":[-1.373637,54.6759216]}},{"type":"Feature","properties":{},"geometry":{"type":"Point","coordinates":[-1.3736276,54.6761813]}},{"type":"Feature","properties":{},"geometry":{"type":"Point","coordinates":[-1.3692918,54.6879467]}},{"type":"Feature","properties":{},"geometry":{"type":"Point","coordinates":[-1.3653356,54.6755912]}},{"type":"Feature","properties":{},"geometry":{"type":"Point","coordinates":[-1.3616677,54.6736751]}},{"type":"Feature","properties":{},"geometry":{"type":"Point","coordinates":[-1.5090217,54.6691053]}},{"type":"Feature","properties":{},"geometry":{"type":"Point","coordinates":[-1.6098041,54.8419875]}},{"type":"Feature","properties":{},"geometry":{"type":"Point","coordinates":[-1.3204662,54.8153684]}},{"type":"Feature","properties":{},"geometry":{"type":"Point","coordinates":[-1.3205759,54.8174003]}},{"type":"Feature","properties":{},"geometry":{"type":"Point","coordinates":[-1.321742,54.8191841]}},{"type":"Feature","properties":{},"geometry":{"type":"Point","coordinates":[-1.3221339,54.8197451]}},{"type":"Feature","properties":{},"geometry":{"type":"Point","coordinates":[-1.7545563,55.1628709]}},{"type":"Feature","properties":{},"geometry":{"type":"Point","coordinates":[-1.5866057,54.7470895]}},{"type":"Feature","properties":{},"geometry":{"type":"Point","coordinates":[-1.6548157,54.8478802]}},{"type":"Feature","properties":{},"geometry":{"type":"Point","coordinates":[-1.5944536,55.0054447]}},{"type":"Feature","properties":{},"geometry":{"type":"Point","coordinates":[-1.5243142,54.7690951]}},{"type":"Feature","properties":{},"geometry":{"type":"Point","coordinates":[-1.5328125,54.7280339]}},{"type":"Feature","properties":{},"geometry":{"type":"Point","coordinates":[-1.5325494,54.7281857]}},{"type":"Feature","properties":{},"geometry":{"type":"Point","coordinates":[-1.7415717,54.8045329]}},{"type":"Feature","properties":{},"geometry":{"type":"Point","coordinates":[-1.6898286,54.7744869]}},{"type":"Feature","properties":{},"geometry":{"type":"Point","coordinates":[-1.6901452,54.7745357]}},{"type":"Feature","properties":{},"geometry":{"type":"Point","coordinates":[-1.6904174,54.774575]}},{"type":"Feature","properties":{},"geometry":{"type":"Point","coordinates":[-1.6908095,54.774811]}},{"type":"Feature","properties":{},"geometry":{"type":"Point","coordinates":[-1.6912247,54.774935]}},{"type":"Feature","properties":{},"geometry":{"type":"Point","coordinates":[-1.513368,54.9354868]}},{"type":"Feature","properties":{},"geometry":{"type":"Point","coordinates":[-1.5315601,54.8391471]}},{"type":"Feature","properties":{"name":"Druridge Pools"},"geometry":{"type":"Point","coordinates":[-1.5709859,55.2616923]}},{"type":"Feature","properties":{},"geometry":{"type":"Point","coordinates":[-1.841352,54.7172989]}},{"type":"Feature","properties":{},"geometry":{"type":"Point","coordinates":[-1.8410817,54.7174517]}},{"type":"Feature","properties":{},"geometry":{"type":"Point","coordinates":[-1.6260755,54.9743248]}},{"type":"Feature","properties":{},"geometry":{"type":"Point","coordinates":[-1.6261746,54.9737479]}},{"type":"Feature","properties":{},"geometry":{"type":"Point","coordinates":[-1.5380095,55.1108366]}},{"type":"Feature","properties":{},"geometry":{"type":"Point","coordinates":[-1.5684793,54.8579731]}},{"type":"Feature","properties":{},"geometry":{"type":"Point","coordinates":[-1.5805158,54.8592037]}},{"type":"Feature","properties":{},"geometry":{"type":"Point","coordinates":[-1.5961236,54.9025484]}},{"type":"Feature","properties":{},"geometry":{"type":"Point","coordinates":[-1.5957333,54.9026279]}},{"type":"Feature","properties":{},"geometry":{"type":"Point","coordinates":[-1.5958648,54.9028523]}},{"type":"Feature","properties":{},"geometry":{"type":"Point","coordinates":[-1.5962508,54.9027768]}},{"type":"Feature","properties":{},"geometry":{"type":"Point","coordinates":[-1.5967351,54.9026772]}},{"type":"Feature","properties":{},"geometry":{"type":"Point","coordinates":[-1.5966131,54.9024651]}},{"type":"Feature","properties":{},"geometry":{"type":"Point","coordinates":[-1.5969779,54.9023911]}},{"type":"Feature","properties":{},"geometry":{"type":"Point","coordinates":[-1.597106,54.9026053]}},{"type":"Feature","properties":{},"geometry":{"type":"Point","coordinates":[-1.5977664,54.902563]}},{"type":"Feature","properties":{},"geometry":{"type":"Point","coordinates":[-1.5983391,54.9024512]}},{"type":"Feature","properties":{},"geometry":{"type":"Point","coordinates":[-1.5975586,54.9021937]}},{"type":"Feature","properties":{},"geometry":{"type":"Point","coordinates":[-1.5981272,54.9020881]}},{"type":"Feature","properties":{},"geometry":{"type":"Point","coordinates":[-1.5988246,54.9019547]}},{"type":"Feature","properties":{},"geometry":{"type":"Point","coordinates":[-1.5990311,54.9023201]}},{"type":"Feature","properties":{},"geometry":{"type":"Point","coordinates":[-1.5996011,54.9022114]}},{"type":"Feature","properties":{},"geometry":{"type":"Point","coordinates":[-1.5993918,54.9018428]}},{"type":"Feature","properties":{},"geometry":{"type":"Point","coordinates":[-1.6000396,54.9017202]}},{"type":"Feature","properties":{},"geometry":{"type":"Point","coordinates":[-1.600247,54.9020881]}},{"type":"Feature","properties":{},"geometry":{"type":"Point","coordinates":[-1.5228027,54.8736606]}},{"type":"Feature","properties":{},"geometry":{"type":"Point","coordinates":[-1.5145234,54.7906015]}},{"type":"Feature","properties":{},"geometry":{"type":"Point","coordinates":[-1.5121403,54.7898864]}},{"type":"Feature","properties":{},"geometry":{"type":"Point","coordinates":[-1.6186823,54.8396946]}},{"type":"Feature","properties":{},"geometry":{"type":"Point","coordinates":[-1.55433,54.7722624]}},{"type":"Feature","properties":{},"geometry":{"type":"Point","coordinates":[-1.4847066,54.7910346]}},{"type":"Feature","properties":{},"geometry":{"type":"Point","coordinates":[-1.5139541,54.7984291]}},{"type":"Feature","properties":{},"geometry":{"type":"Point","coordinates":[-1.5117842,54.7989161]}},{"type":"Feature","properties":{},"geometry":{"type":"Point","coordinates":[-1.5158236,54.7995067]}},{"type":"Feature","properties":{},"geometry":{"type":"Point","coordinates":[-1.5074604,54.7998214]}},{"type":"Feature","properties":{},"geometry":{"type":"Point","coordinates":[-1.5155219,54.8249789]}},{"type":"Feature","properties":{},"geometry":{"type":"Point","coordinates":[-1.5166243,54.8185606]}},{"type":"Feature","properties":{},"geometry":{"type":"Point","coordinates":[-1.5064037,54.8300197]}},{"type":"Feature","properties":{},"geometry":{"type":"Point","coordinates":[-1.5030972,54.8342496]}},{"type":"Feature","properties":{},"geometry":{"type":"Point","coordinates":[-1.5026499,54.7716215]}},{"type":"Feature","properties":{},"geometry":{"type":"Point","coordinates":[-1.502373,54.771167]}},{"type":"Feature","properties":{},"geometry":{"type":"Point","coordinates":[-1.636306,55.0079572]}},{"type":"Feature","properties":{},"geometry":{"type":"Point","coordinates":[-1.6352536,55.0076851]}},{"type":"Feature","properties":{},"geometry":{"type":"Point","coordinates":[-1.7244766,54.8074546]}},{"type":"Feature","properties":{},"geometry":{"type":"Point","coordinates":[-1.7240174,54.8074499]}},{"type":"Feature","properties":{},"geometry":{"type":"Point","coordinates":[-1.5063473,54.7463422]}},{"type":"Feature","properties":{},"geometry":{"type":"Point","coordinates":[-1.5270634,55.2047407]}},{"type":"Feature","properties":{},"geometry":{"type":"Point","coordinates":[-1.5283925,55.2056278]}},{"type":"Feature","properties":{},"geometry":{"type":"Point","coordinates":[-1.5292212,55.2052558]}},{"type":"Feature","properties":{},"geometry":{"type":"Point","coordinates":[-1.5313429,55.2058176]}},{"type":"Feature","properties":{},"geometry":{"type":"Point","coordinates":[-1.5305973,55.206126]}},{"type":"Feature","properties":{},"geometry":{"type":"Point","coordinates":[-1.5298639,55.206458]}},{"type":"Feature","properties":{},"geometry":{"type":"Point","coordinates":[-1.6123474,54.9210357]}},{"type":"Feature","properties":{},"geometry":{"type":"Point","coordinates":[-1.883008,54.9175615]}},{"type":"Feature","properties":{},"geometry":{"type":"Point","coordinates":[-1.4586938,55.0305655]}},{"type":"Feature","properties":{},"geometry":{"type":"Point","coordinates":[-1.7675342,54.7638968]}},{"type":"Feature","properties":{},"geometry":{"type":"Point","coordinates":[-1.7707046,54.7623045]}},{"type":"Feature","properties":{},"geometry":{"type":"Point","coordinates":[-1.7933709,54.747845]}},{"type":"Feature","properties":{},"geometry":{"type":"Point","coordinates":[-1.8059448,54.7535729]}},{"type":"Feature","properties":{},"geometry":{"type":"Point","coordinates":[-1.8073971,54.7529871]}},{"type":"Feature","properties":{},"geometry":{"type":"Point","coordinates":[-1.8070793,54.7536008]}},{"type":"Feature","properties":{},"geometry":{"type":"Point","coordinates":[-1.808226,54.753994]}},{"type":"Feature","properties":{},"geometry":{"type":"Point","coordinates":[-1.8136005,54.7592447]}},{"type":"Feature","properties":{},"geometry":{"type":"Point","coordinates":[-1.4411871,54.8197066]}},{"type":"Feature","properties":{},"geometry":{"type":"Point","coordinates":[-1.3928497,54.8237438]}},{"type":"Feature","properties":{},"geometry":{"type":"Point","coordinates":[-1.3930223,54.8238116]}},{"type":"Feature","properties":{},"geometry":{"type":"Point","coordinates":[-1.3931886,54.8238726]}},{"type":"Feature","properties":{},"geometry":{"type":"Point","coordinates":[-1.3935564,54.8240122]}},{"type":"Feature","properties":{},"geometry":{"type":"Point","coordinates":[-1.5919903,54.732702]}},{"type":"Feature","properties":{},"geometry":{"type":"Point","coordinates":[-1.6010429,54.7887005]}},{"type":"Feature","properties":{},"geometry":{"type":"Point","coordinates":[-1.596456,54.7809199]}},{"type":"Feature","properties":{},"geometry":{"type":"Point","coordinates":[-1.3235139,54.8174495]}},{"type":"Feature","properties":{},"geometry":{"type":"Point","coordinates":[-1.3226455,54.8166087]}},{"type":"Feature","properties":{},"geometry":{"type":"Point","coordinates":[-1.7932888,54.872355]}},{"type":"Feature","properties":{},"geometry":{"type":"Point","coordinates":[-1.5332256,55.0189144]}},{"type":"Feature","properties":{},"geometry":{"type":"Point","coordinates":[-2.1047033,55.0131958]}},{"type":"Feature","properties":{},"geometry":{"type":"Point","coordinates":[-1.5376207,55.0626965]}},{"type":"Feature","properties":{},"geometry":{"type":"Point","coordinates":[-1.4771997,55.0805761]}},{"type":"Feature","properties":{},"geometry":{"type":"Point","coordinates":[-1.7245884,54.6859251]}},{"type":"Feature","properties":{"name":"Monk's Pond"},"geometry":{"type":"Point","coordinates":[-1.6677184,54.7789557]}},{"type":"Feature","properties":{},"geometry":{"type":"Point","coordinates":[-1.6891526,54.7744793]}},{"type":"Feature","properties":{},"geometry":{"type":"Point","coordinates":[-1.6890068,54.7745852]}},{"type":"Feature","properties":{},"geometry":{"type":"Point","coordinates":[-1.6902527,54.774773]}},{"type":"Feature","properties":{},"geometry":{"type":"Point","coordinates":[-1.6901423,54.7748942]}},{"type":"Feature","properties":{},"geometry":{"type":"Point","coordinates":[-1.6790253,54.7774536]}},{"type":"Feature","properties":{},"geometry":{"type":"Point","coordinates":[-1.8568933,54.8251126]}},{"type":"Feature","properties":{},"geometry":{"type":"Point","coordinates":[-1.8541682,54.8252895]}},{"type":"Feature","properties":{},"geometry":{"type":"Point","coordinates":[-1.8536693,54.8251698]}},{"type":"Feature","properties":{},"geometry":{"type":"Point","coordinates":[-1.8560819,54.8181789]}},{"type":"Feature","properties":{},"geometry":{"type":"Point","coordinates":[-1.7244753,54.738863]}},{"type":"Feature","properties":{},"geometry":{"type":"Point","coordinates":[-1.4852404,54.6991079]}},{"type":"Feature","properties":{},"geometry":{"type":"Point","coordinates":[-1.7547637,54.8839259]}},{"type":"Feature","properties":{},"geometry":{"type":"Point","coordinates":[-1.7551259,54.8838402]}},{"type":"Feature","properties":{},"geometry":{"type":"Point","coordinates":[-1.6833137,54.8992208]}},{"type":"Feature","properties":{},"geometry":{"type":"Point","coordinates":[-1.7525316,54.8887717]}},{"type":"Feature","properties":{},"geometry":{"type":"Point","coordinates":[-1.5780294,54.8180889]}},{"type":"Feature","properties":{},"geometry":{"type":"Point","coordinates":[-1.4083434,54.7956262]}},{"type":"Feature","properties":{},"geometry":{"type":"Point","coordinates":[-1.4066295,54.7955438]}},{"type":"Feature","properties":{},"geometry":{"type":"Point","coordinates":[-1.4059067,54.7820819]}},{"type":"Feature","properties":{},"geometry":{"type":"Point","coordinates":[-1.7538498,54.7578203]}},{"type":"Feature","properties":{},"geometry":{"type":"Point","coordinates":[-1.6693003,55.1569178]}},{"type":"Feature","properties":{},"geometry":{"type":"Point","coordinates":[-1.6679172,55.1572071]}},{"type":"Feature","properties":{},"geometry":{"type":"Point","coordinates":[-1.7482122,54.8549498]}},{"type":"Feature","properties":{},"geometry":{"type":"Point","coordinates":[-1.6792195,55.0117535]}},{"type":"Feature","properties":{},"geometry":{"type":"Point","coordinates":[-1.4649385,55.0620269]}},{"type":"Feature","properties":{},"geometry":{"type":"Point","coordinates":[-1.3510272,54.7352536]}},{"type":"Feature","properties":{},"geometry":{"type":"Point","coordinates":[-1.8772948,54.8116449]}},{"type":"Feature","properties":{},"geometry":{"type":"Point","coordinates":[-1.8789373,54.811762]}},{"type":"Feature","properties":{},"geometry":{"type":"Point","coordinates":[-1.8873758,54.8138196]}},{"type":"Feature","properties":{},"geometry":{"type":"Point","coordinates":[-1.8981501,54.7613754]}},{"type":"Feature","properties":{},"geometry":{"type":"Point","coordinates":[-1.5990593,54.6943834]}},{"type":"Feature","properties":{},"geometry":{"type":"Point","coordinates":[-1.599184,54.6949632]}},{"type":"Feature","properties":{},"geometry":{"type":"Point","coordinates":[-1.5991812,54.6946779]}},{"type":"Feature","properties":{},"geometry":{"type":"Point","coordinates":[-1.6137008,54.7769984]}},{"type":"Feature","properties":{},"geometry":{"type":"Point","coordinates":[-1.5809919,54.8712761]}},{"type":"Feature","properties":{},"geometry":{"type":"Point","coordinates":[-1.6187588,54.6553055]}},{"type":"Feature","properties":{},"geometry":{"type":"Point","coordinates":[-1.3170602,54.7910824]}},{"type":"Feature","properties":{},"geometry":{"type":"Point","coordinates":[-1.3180634,54.7915521]}},{"type":"Feature","properties":{},"geometry":{"type":"Point","coordinates":[-1.3324906,54.7767838]}},{"type":"Feature","properties":{},"geometry":{"type":"Point","coordinates":[-1.3166659,54.7763924]}},{"type":"Feature","properties":{},"geometry":{"type":"Point","coordinates":[-1.3161173,54.7764849]}},{"type":"Feature","properties":{},"geometry":{"type":"Point","coordinates":[-1.3163147,54.7768749]}},{"type":"Feature","properties":{},"geometry":{"type":"Point","coordinates":[-1.3168735,54.7767786]}},{"type":"Feature","properties":{},"geometry":{"type":"Point","coordinates":[-1.6155595,54.7648887]}},{"type":"Feature","properties":{},"geometry":{"type":"Point","coordinates":[-1.6393152,54.7928571]}},{"type":"Feature","properties":{},"geometry":{"type":"Point","coordinates":[-1.5704548,54.8081085]}},{"type":"Feature","properties":{},"geometry":{"type":"Point","coordinates":[-1.5877068,54.8249929]}},{"type":"Feature","properties":{},"geometry":{"type":"Point","coordinates":[-1.5455431,54.8214249]}},{"type":"Feature","properties":{},"geometry":{"type":"Point","coordinates":[-1.8676959,54.7425374]}},{"type":"Feature","properties":{},"geometry":{"type":"Point","coordinates":[-1.8684469,54.7514368]}},{"type":"Feature","properties":{},"geometry":{"type":"Point","coordinates":[-1.8681116,54.7507239]}},{"type":"Feature","properties":{},"geometry":{"type":"Point","coordinates":[-1.443184,54.8261864]}},{"type":"Feature","properties":{},"geometry":{"type":"Point","coordinates":[-1.3376993,54.8034945]}},{"type":"Feature","properties":{},"geometry":{"type":"Point","coordinates":[-1.3377835,54.8035887]}},{"type":"Feature","properties":{},"geometry":{"type":"Point","coordinates":[-1.45814,54.7891904]}},{"type":"Feature","properties":{},"geometry":{"type":"Point","coordinates":[-1.4292299,54.7926475]}},{"type":"Feature","properties":{},"geometry":{"type":"Point","coordinates":[-1.8779473,54.8188503]}},{"type":"Feature","properties":{},"geometry":{"type":"Point","coordinates":[-1.883016,54.8167246]}},{"type":"Feature","properties":{},"geometry":{"type":"Point","coordinates":[-1.8863426,54.8108468]}},{"type":"Feature","properties":{},"geometry":{"type":"Point","coordinates":[-1.8169338,54.8244991]}},{"type":"Feature","properties":{},"geometry":{"type":"Point","coordinates":[-1.8184787,54.8243832]}},{"type":"Feature","properties":{},"geometry":{"type":"Point","coordinates":[-1.819455,54.8241244]}},{"type":"Feature","properties":{},"geometry":{"type":"Point","coordinates":[-1.8242294,54.8199894]}},{"type":"Feature","properties":{},"geometry":{"type":"Point","coordinates":[-1.7925226,54.7276036]}},{"type":"Feature","properties":{},"geometry":{"type":"Point","coordinates":[-1.316219,54.6972859]}},{"type":"Feature","properties":{},"geometry":{"type":"Point","coordinates":[-1.6020929,54.6662477]}},{"type":"Feature","properties":{},"geometry":{"type":"Point","coordinates":[-1.6259122,54.6803901]}},{"type":"Feature","properties":{},"geometry":{"type":"Point","coordinates":[-1.5070213,54.9377315]}},{"type":"Feature","properties":{},"geometry":{"type":"Point","coordinates":[-1.5060174,54.9343943]}},{"type":"Feature","properties":{},"geometry":{"type":"Point","coordinates":[-1.5070219,54.9345353]}},{"type":"Feature","properties":{},"geometry":{"type":"Point","coordinates":[-1.3365836,54.7545403]}},{"type":"Feature","properties":{},"geometry":{"type":"Point","coordinates":[-1.7350274,54.9985156]}},{"type":"Feature","properties":{},"geometry":{"type":"Point","coordinates":[-1.7258566,55.2390219]}},{"type":"Feature","properties":{"name":"Druridge Pools"},"geometry":{"type":"Point","coordinates":[-1.5694126,55.2597526]}},{"type":"Feature","properties":{"name":"Druridge Pools"},"geometry":{"type":"Point","coordinates":[-1.5736641,55.2627028]}},{"type":"Feature","properties":{"name":"Druridge Pools"},"geometry":{"type":"Point","coordinates":[-1.571637,55.2592725]}},{"type":"Feature","properties":{},"geometry":{"type":"Point","coordinates":[-1.5999704,54.7417046]}},{"type":"Feature","properties":{},"geometry":{"type":"Point","coordinates":[-1.6000641,54.7413844]}},{"type":"Feature","properties":{},"geometry":{"type":"Point","coordinates":[-1.6006476,54.7412255]}},{"type":"Feature","properties":{},"geometry":{"type":"Point","coordinates":[-1.6006813,54.7413776]}},{"type":"Feature","properties":{},"geometry":{"type":"Point","coordinates":[-1.6006517,54.7415235]}},{"type":"Feature","properties":{},"geometry":{"type":"Point","coordinates":[-1.6010264,54.7414846]}},{"type":"Feature","properties":{},"geometry":{"type":"Point","coordinates":[-1.6014102,54.7412847]}},{"type":"Feature","properties":{},"geometry":{"type":"Point","coordinates":[-1.6013791,54.7414386]}},{"type":"Feature","properties":{},"geometry":{"type":"Point","coordinates":[-1.6013411,54.741588]}},{"type":"Feature","properties":{},"geometry":{"type":"Point","coordinates":[-1.5588785,55.0048587]}},{"type":"Feature","properties":{},"geometry":{"type":"Point","coordinates":[-1.6938807,54.7314035]}},{"type":"Feature","properties":{},"geometry":{"type":"Point","coordinates":[-1.8852751,54.7549243]}},{"type":"Feature","properties":{},"geometry":{"type":"Point","coordinates":[-1.2793721,54.7463483]}},{"type":"Feature","properties":{},"geometry":{"type":"Point","coordinates":[-1.7136754,54.7396024]}},{"type":"Feature","properties":{},"geometry":{"type":"Point","coordinates":[-1.9783223,54.8410585]}},{"type":"Feature","properties":{},"geometry":{"type":"Point","coordinates":[-1.5590637,55.0162964]}},{"type":"Feature","properties":{},"geometry":{"type":"Point","coordinates":[-1.378042,54.9709977]}},{"type":"Feature","properties":{},"geometry":{"type":"Point","coordinates":[-1.6192039,54.7479623]}},{"type":"Feature","properties":{},"geometry":{"type":"Point","coordinates":[-1.5348673,55.0390982]}},{"type":"Feature","properties":{},"geometry":{"type":"Point","coordinates":[-1.7297407,55.0396863]}},{"type":"Feature","properties":{},"geometry":{"type":"Point","coordinates":[-1.7187273,55.0375652]}},{"type":"Feature","properties":{},"geometry":{"type":"Point","coordinates":[-1.718397,55.0374587]}},{"type":"Feature","properties":{},"geometry":{"type":"Point","coordinates":[-1.5161635,55.0204681]}},{"type":"Feature","properties":{},"geometry":{"type":"Point","coordinates":[-1.5162272,55.0209442]}},{"type":"Feature","properties":{},"geometry":{"type":"Point","coordinates":[-1.5170258,55.0210867]}},{"type":"Feature","properties":{},"geometry":{"type":"Point","coordinates":[-1.3291003,54.8217999]}},{"type":"Feature","properties":{},"geometry":{"type":"Point","coordinates":[-1.3295842,54.8218988]}},{"type":"Feature","properties":{},"geometry":{"type":"Point","coordinates":[-1.3291945,54.8220873]}},{"type":"Feature","properties":{},"geometry":{"type":"Point","coordinates":[-1.632666,54.8698346]}},{"type":"Feature","properties":{},"geometry":{"type":"Point","coordinates":[-1.3409235,54.7374887]}},{"type":"Feature","properties":{},"geometry":{"type":"Point","coordinates":[-1.6090799,54.8031117]}},{"type":"Feature","properties":{},"geometry":{"type":"Point","coordinates":[-1.5689669,54.662615]}},{"type":"Feature","properties":{},"geometry":{"type":"Point","coordinates":[-1.5240189,55.081119]}},{"type":"Feature","properties":{},"geometry":{"type":"Point","coordinates":[-1.7431968,54.6828977]}},{"type":"Feature","properties":{},"geometry":{"type":"Point","coordinates":[-1.749216,54.6920236]}},{"type":"Feature","properties":{},"geometry":{"type":"Point","coordinates":[-1.6216019,54.8513485]}},{"type":"Feature","properties":{},"geometry":{"type":"Point","coordinates":[-1.6090116,54.8536723]}},{"type":"Feature","properties":{},"geometry":{"type":"Point","coordinates":[-1.697379,54.7158175]}},{"type":"Feature","properties":{},"geometry":{"type":"Point","coordinates":[-1.6247056,55.2375718]}},{"type":"Feature","properties":{},"geometry":{"type":"Point","coordinates":[-1.8720312,55.1335781]}},{"type":"Feature","properties":{},"geometry":{"type":"Point","coordinates":[-1.4107315,54.8550483]}},{"type":"Feature","properties":{},"geometry":{"type":"Point","coordinates":[-1.3681301,54.8620764]}},{"type":"Feature","properties":{},"geometry":{"type":"Point","coordinates":[-1.9480337,55.1536837]}},{"type":"Feature","properties":{"name":"Middel Pond"},"geometry":{"type":"Point","coordinates":[-1.9629632,55.1518098]}},{"type":"Feature","properties":{},"geometry":{"type":"Point","coordinates":[-1.5570853,55.2194849]}},{"type":"Feature","properties":{},"geometry":{"type":"Point","coordinates":[-1.5071902,54.7912666]}},{"type":"Feature","properties":{},"geometry":{"type":"Point","coordinates":[-1.5086021,54.7933055]}},{"type":"Feature","properties":{},"geometry":{"type":"Point","coordinates":[-1.5116259,54.7920954]}},{"type":"Feature","properties":{},"geometry":{"type":"Point","coordinates":[-1.5134069,54.79178]}},{"type":"Feature","properties":{},"geometry":{"type":"Point","coordinates":[-1.7273962,54.6830758]}},{"type":"Feature","properties":{},"geometry":{"type":"Point","coordinates":[-1.4795879,55.0044419]}},{"type":"Feature","properties":{},"geometry":{"type":"Point","coordinates":[-1.7713456,54.7144808]}},{"type":"Feature","properties":{},"geometry":{"type":"Point","coordinates":[-1.4141679,54.8172138]}},{"type":"Feature","properties":{},"geometry":{"type":"Point","coordinates":[-1.4031654,54.6631025]}},{"type":"Feature","properties":{},"geometry":{"type":"Point","coordinates":[-1.4223251,54.6917969]}},{"type":"Feature","properties":{},"geometry":{"type":"Point","coordinates":[-1.7437954,55.150941]}},{"type":"Feature","properties":{},"geometry":{"type":"Point","coordinates":[-1.3686803,54.7265797]}},{"type":"Feature","properties":{},"geometry":{"type":"Point","coordinates":[-1.5994845,54.7518426]}},{"type":"Feature","properties":{},"geometry":{"type":"Point","coordinates":[-1.5993342,54.7522703]}},{"type":"Feature","properties":{},"geometry":{"type":"Point","coordinates":[-1.6052391,54.7627222]}},{"type":"Feature","properties":{},"geometry":{"type":"Point","coordinates":[-1.5355954,54.8402142]}},{"type":"Feature","properties":{},"geometry":{"type":"Point","coordinates":[-1.4023581,54.8368701]}},{"type":"Feature","properties":{},"geometry":{"type":"Point","coordinates":[-1.4079645,54.8384063]}},{"type":"Feature","properties":{},"geometry":{"type":"Point","coordinates":[-1.3315015,54.8211479]}},{"type":"Feature","properties":{},"geometry":{"type":"Point","coordinates":[-1.3288849,54.8211571]}},{"type":"Feature","properties":{},"geometry":{"type":"Point","coordinates":[-1.3281973,54.7356358]}},{"type":"Feature","properties":{},"geometry":{"type":"Point","coordinates":[-1.2851687,54.7278055]}},{"type":"Feature","properties":{},"geometry":{"type":"Point","coordinates":[-1.3440929,54.6970811]}},{"type":"Feature","properties":{},"geometry":{"type":"Point","coordinates":[-1.3532322,54.6942104]}},{"type":"Feature","properties":{},"geometry":{"type":"Point","coordinates":[-1.3479884,54.697513]}},{"type":"Feature","properties":{},"geometry":{"type":"Point","coordinates":[-1.3181356,54.7209939]}},{"type":"Feature","properties":{},"geometry":{"type":"Point","coordinates":[-1.3575804,54.7057454]}},{"type":"Feature","properties":{},"geometry":{"type":"Point","coordinates":[-1.356043,54.7056651]}},{"type":"Feature","properties":{},"geometry":{"type":"Point","coordinates":[-1.3556169,54.7052291]}},{"type":"Feature","properties":{},"geometry":{"type":"Point","coordinates":[-1.3731696,54.7088965]}},{"type":"Feature","properties":{},"geometry":{"type":"Point","coordinates":[-1.3879678,54.7155026]}},{"type":"Feature","properties":{},"geometry":{"type":"Point","coordinates":[-1.3898439,54.7157644]}},{"type":"Feature","properties":{},"geometry":{"type":"Point","coordinates":[-1.3885444,54.7156183]}},{"type":"Feature","properties":{},"geometry":{"type":"Point","coordinates":[-1.394657,54.7290392]}},{"type":"Feature","properties":{},"geometry":{"type":"Point","coordinates":[-1.4538749,54.8105873]}},{"type":"Feature","properties":{},"geometry":{"type":"Point","coordinates":[-1.5063031,54.7994545]}},{"type":"Feature","properties":{},"geometry":{"type":"Point","coordinates":[-1.5174953,54.7979687]}},{"type":"Feature","properties":{},"geometry":{"type":"Point","coordinates":[-1.9015623,54.7814436]}},{"type":"Feature","properties":{},"geometry":{"type":"Point","coordinates":[-1.8065386,54.8182483]}},{"type":"Feature","properties":{},"geometry":{"type":"Point","coordinates":[-1.8065385,54.8196832]}},{"type":"Feature","properties":{},"geometry":{"type":"Point","coordinates":[-1.8068417,54.8194699]}},{"type":"Feature","properties":{},"geometry":{"type":"Point","coordinates":[-1.8103355,54.819817]}},{"type":"Feature","properties":{},"geometry":{"type":"Point","coordinates":[-1.8105628,54.8197567]}},{"type":"Feature","properties":{},"geometry":{"type":"Point","coordinates":[-1.7591231,54.8678137]}},{"type":"Feature","properties":{},"geometry":{"type":"Point","coordinates":[-1.8062626,54.8717917]}},{"type":"Feature","properties":{},"geometry":{"type":"Point","coordinates":[-1.7837244,54.8963452]}},{"type":"Feature","properties":{},"geometry":{"type":"Point","coordinates":[-1.7255353,54.8744191]}},{"type":"Feature","properties":{},"geometry":{"type":"Point","coordinates":[-1.7263602,54.8734078]}},{"type":"Feature","properties":{},"geometry":{"type":"Point","coordinates":[-1.664888,54.8610985]}},{"type":"Feature","properties":{},"geometry":{"type":"Point","coordinates":[-1.6629093,54.8589897]}},{"type":"Feature","properties":{},"geometry":{"type":"Point","coordinates":[-1.6507992,54.8614984]}},{"type":"Feature","properties":{},"geometry":{"type":"Point","coordinates":[-1.5145789,54.8254795]}},{"type":"Feature","properties":{},"geometry":{"type":"Point","coordinates":[-1.514231,54.8257416]}},{"type":"Feature","properties":{},"geometry":{"type":"Point","coordinates":[-1.38852,54.7954817]}},{"type":"Feature","properties":{},"geometry":{"type":"Point","coordinates":[-1.3910831,54.7874736]}},{"type":"Feature","properties":{},"geometry":{"type":"Point","coordinates":[-1.3912623,54.787701]}},{"type":"Feature","properties":{},"geometry":{"type":"Point","coordinates":[-1.4014134,54.784385]}},{"type":"Feature","properties":{},"geometry":{"type":"Point","coordinates":[-1.7857522,54.7884861]}},{"type":"Feature","properties":{},"geometry":{"type":"Point","coordinates":[-1.7798631,54.7753686]}},{"type":"Feature","properties":{},"geometry":{"type":"Point","coordinates":[-1.7674781,54.7445683]}},{"type":"Feature","properties":{},"geometry":{"type":"Point","coordinates":[-1.7197005,54.7234025]}},{"type":"Feature","properties":{},"geometry":{"type":"Point","coordinates":[-1.7081357,54.6978881]}},{"type":"Feature","properties":{},"geometry":{"type":"Point","coordinates":[-1.6819681,54.7856329]}},{"type":"Feature","properties":{},"geometry":{"type":"Point","coordinates":[-1.6823274,54.7860029]}},{"type":"Feature","properties":{},"geometry":{"type":"Point","coordinates":[-1.6456932,54.6882645]}},{"type":"Feature","properties":{},"geometry":{"type":"Point","coordinates":[-1.6293631,54.6828528]}},{"type":"Feature","properties":{},"geometry":{"type":"Point","coordinates":[-1.6274586,54.6813587]}},{"type":"Feature","properties":{},"geometry":{"type":"Point","coordinates":[-1.4388572,54.6617364]}},{"type":"Feature","properties":{},"geometry":{"type":"Point","coordinates":[-1.4600001,54.6683484]}},{"type":"Feature","properties":{},"geometry":{"type":"Point","coordinates":[-1.4594784,54.6682263]}},{"type":"Feature","properties":{},"geometry":{"type":"Point","coordinates":[-1.4632355,54.7770321]}},{"type":"Feature","properties":{},"geometry":{"type":"Point","coordinates":[-1.4613967,54.7711206]}},{"type":"Feature","properties":{},"geometry":{"type":"Point","coordinates":[-1.5376745,54.8264422]}},{"type":"Feature","properties":{},"geometry":{"type":"Point","coordinates":[-1.5803517,54.8097564]}},{"type":"Feature","properties":{},"geometry":{"type":"Point","coordinates":[-1.5799994,54.8096836]}},{"type":"Feature","properties":{},"geometry":{"type":"Point","coordinates":[-1.3074964,54.7660497]}},{"type":"Feature","properties":{},"geometry":{"type":"Point","coordinates":[-1.901253,54.8184262]}},{"type":"Feature","properties":{},"geometry":{"type":"Point","coordinates":[-1.6031154,55.1231073]}},{"type":"Feature","properties":{},"geometry":{"type":"Point","coordinates":[-1.5989902,55.1241847]}},{"type":"Feature","properties":{},"geometry":{"type":"Point","coordinates":[-1.6002816,55.1244443]}},{"type":"Feature","properties":{},"geometry":{"type":"Point","coordinates":[-1.5614647,54.9048681]}},{"type":"Feature","properties":{},"geometry":{"type":"Point","coordinates":[-1.5614942,54.9051996]}},{"type":"Feature","properties":{},"geometry":{"type":"Point","coordinates":[-2.0212812,54.8403866]}},{"type":"Feature","properties":{},"geometry":{"type":"Point","coordinates":[-1.9868718,54.8452216]}},{"type":"Feature","properties":{},"geometry":{"type":"Point","coordinates":[-1.9871253,54.845261]}},{"type":"Feature","properties":{},"geometry":{"type":"Point","coordinates":[-1.9873304,54.8453382]}},{"type":"Feature","properties":{},"geometry":{"type":"Point","coordinates":[-1.7318304,54.8147515]}},{"type":"Feature","properties":{},"geometry":{"type":"Point","coordinates":[-1.4670187,54.665044]}},{"type":"Feature","properties":{},"geometry":{"type":"Point","coordinates":[-1.5228295,54.6968411]}},{"type":"Feature","properties":{},"geometry":{"type":"Point","coordinates":[-1.5342665,54.6987089]}},{"type":"Feature","properties":{},"geometry":{"type":"Point","coordinates":[-1.5208429,54.6673523]}},{"type":"Feature","properties":{},"geometry":{"type":"Point","coordinates":[-1.521006,54.6675008]}},{"type":"Feature","properties":{},"geometry":{"type":"Point","coordinates":[-1.5201336,54.6676059]}},{"type":"Feature","properties":{},"geometry":{"type":"Point","coordinates":[-1.5203088,54.6677584]}},{"type":"Feature","properties":{},"geometry":{"type":"Point","coordinates":[-1.5205032,54.6674788]}},{"type":"Feature","properties":{},"geometry":{"type":"Point","coordinates":[-1.5206682,54.6676245]}},{"type":"Feature","properties":{},"geometry":{"type":"Point","coordinates":[-1.3389882,54.6939137]}},{"type":"Feature","properties":{},"geometry":{"type":"Point","coordinates":[-1.4422419,54.8534499]}},{"type":"Feature","properties":{},"geometry":{"type":"Point","coordinates":[-1.9455021,54.8266496]}},{"type":"Feature","properties":{},"geometry":{"type":"Point","coordinates":[-1.4973305,54.8290042]}},{"type":"Feature","properties":{},"geometry":{"type":"Point","coordinates":[-1.4972775,54.8286258]}},{"type":"Feature","properties":{},"geometry":{"type":"Point","coordinates":[-1.2404097,54.7152248]}},{"type":"Feature","properties":{},"geometry":{"type":"Point","coordinates":[-1.2643182,54.7158696]}},{"type":"Feature","properties":{},"geometry":{"type":"Point","coordinates":[-1.2713161,54.7094705]}},{"type":"Feature","properties":{},"geometry":{"type":"Point","coordinates":[-1.3333945,54.7368338]}},{"type":"Feature","properties":{},"geometry":{"type":"Point","coordinates":[-1.9206584,54.819137]}},{"type":"Feature","properties":{},"geometry":{"type":"Point","coordinates":[-1.9204224,54.819406]}},{"type":"Feature","properties":{},"geometry":{"type":"Point","coordinates":[-1.9199342,54.8192668]}},{"type":"Feature","properties":{},"geometry":{"type":"Point","coordinates":[-1.9201703,54.8189857]}},{"type":"Feature","properties":{},"geometry":{"type":"Point","coordinates":[-1.7372909,54.9662089]}},{"type":"Feature","properties":{},"geometry":{"type":"Point","coordinates":[-1.5664047,54.7831446]}},{"type":"Feature","properties":{},"geometry":{"type":"Point","coordinates":[-1.566056,54.7832444]}},{"type":"Feature","properties":{},"geometry":{"type":"Point","coordinates":[-1.5657073,54.7833457]}},{"type":"Feature","properties":{},"geometry":{"type":"Point","coordinates":[-1.5658777,54.7835444]}},{"type":"Feature","properties":{},"geometry":{"type":"Point","coordinates":[-1.566225,54.7834462]}},{"type":"Feature","properties":{},"geometry":{"type":"Point","coordinates":[-1.5665655,54.7833482]}},{"type":"Feature","properties":{},"geometry":{"type":"Point","coordinates":[-1.5756412,54.8589991]}},{"type":"Feature","properties":{"name":"Balancing Pond"},"geometry":{"type":"Point","coordinates":[-1.4015575,54.8614521]}},{"type":"Feature","properties":{},"geometry":{"type":"Point","coordinates":[-1.4153359,54.8494028]}},{"type":"Feature","properties":{},"geometry":{"type":"Point","coordinates":[-1.4087223,54.8466382]}},{"type":"Feature","properties":{},"geometry":{"type":"Point","coordinates":[-1.4135133,54.845571]}},{"type":"Feature","properties":{},"geometry":{"type":"Point","coordinates":[-1.4148739,54.8472922]}},{"type":"Feature","properties":{},"geometry":{"type":"Point","coordinates":[-1.4141277,54.8481486]}},{"type":"Feature","properties":{},"geometry":{"type":"Point","coordinates":[-1.4142808,54.8469781]}},{"type":"Feature","properties":{},"geometry":{"type":"Point","coordinates":[-1.4132011,54.8464747]}},{"type":"Feature","properties":{},"geometry":{"type":"Point","coordinates":[-1.4127528,54.8472963]}},{"type":"Feature","properties":{},"geometry":{"type":"Point","coordinates":[-1.4133468,54.8478179]}},{"type":"Feature","properties":{},"geometry":{"type":"Point","coordinates":[-1.9448713,55.1525218]}},{"type":"Feature","properties":{},"geometry":{"type":"Point","coordinates":[-1.660887,55.1634512]}},{"type":"Feature","properties":{},"geometry":{"type":"Point","coordinates":[-1.5483152,55.1689042]}},{"type":"Feature","properties":{},"geometry":{"type":"Point","coordinates":[-1.7422335,54.6774286]}},{"type":"Feature","properties":{},"geometry":{"type":"Point","coordinates":[-1.6621206,55.1817937]}},{"type":"Feature","properties":{},"geometry":{"type":"Point","coordinates":[-1.6520544,55.1838603]}},{"type":"Feature","properties":{},"geometry":{"type":"Point","coordinates":[-1.473647,55.0733741]}},{"type":"Feature","properties":{},"geometry":{"type":"Point","coordinates":[-1.6667918,54.822552]}},{"type":"Feature","properties":{},"geometry":{"type":"Point","coordinates":[-1.4326348,54.9292951]}},{"type":"Feature","properties":{},"geometry":{"type":"Point","coordinates":[-1.5739779,54.7830739]}},{"type":"Feature","properties":{},"geometry":{"type":"Point","coordinates":[-1.5741972,54.7831618]}},{"type":"Feature","properties":{},"geometry":{"type":"Point","coordinates":[-1.614593,55.2219259]}},{"type":"Feature","properties":{},"geometry":{"type":"Point","coordinates":[-1.5896698,55.0428477]}},{"type":"Feature","properties":{},"geometry":{"type":"Point","coordinates":[-1.5032395,54.807654]}},{"type":"Feature","properties":{},"geometry":{"type":"Point","coordinates":[-1.5008269,54.8083481]}},{"type":"Feature","properties":{},"geometry":{"type":"Point","coordinates":[-1.5292763,55.1039556]}},{"type":"Feature","properties":{},"geometry":{"type":"Point","coordinates":[-1.5299656,55.1043585]}},{"type":"Feature","properties":{},"geometry":{"type":"Point","coordinates":[-1.6877688,54.8974848]}},{"type":"Feature","properties":{},"geometry":{"type":"Point","coordinates":[-1.8724128,55.1539223]}},{"type":"Feature","properties":{},"geometry":{"type":"Point","coordinates":[-1.6403324,55.044945]}},{"type":"Feature","properties":{},"geometry":{"type":"Point","coordinates":[-1.4908013,54.6611695]}},{"type":"Feature","properties":{},"geometry":{"type":"Point","coordinates":[-1.4450736,54.6789673]}},{"type":"Feature","properties":{},"geometry":{"type":"Point","coordinates":[-1.5335993,54.6945884]}},{"type":"Feature","properties":{},"geometry":{"type":"Point","coordinates":[-1.533539,54.69431]}},{"type":"Feature","properties":{},"geometry":{"type":"Point","coordinates":[-1.4834903,54.6603034]}},{"type":"Feature","properties":{},"geometry":{"type":"Point","coordinates":[-1.4854361,54.6632295]}},{"type":"Feature","properties":{},"geometry":{"type":"Point","coordinates":[-1.6158287,54.7831336]}},{"type":"Feature","properties":{},"geometry":{"type":"Point","coordinates":[-1.8476665,54.7938012]}},{"type":"Feature","properties":{},"geometry":{"type":"Point","coordinates":[-1.849933,54.7937687]}},{"type":"Feature","properties":{},"geometry":{"type":"Point","coordinates":[-1.6686771,55.1557354]}},{"type":"Feature","properties":{"name":"Egg Pond"},"geometry":{"type":"Point","coordinates":[-1.49314,55.0785348]}},{"type":"Feature","properties":{},"geometry":{"type":"Point","coordinates":[-1.3226053,54.7254597]}},{"type":"Feature","properties":{},"geometry":{"type":"Point","coordinates":[-1.5738787,55.2758901]}},{"type":"Feature","properties":{},"geometry":{"type":"Point","coordinates":[-1.4636265,54.7072368]}},{"type":"Feature","properties":{},"geometry":{"type":"Point","coordinates":[-1.4484217,54.7080519]}},{"type":"Feature","properties":{},"geometry":{"type":"Point","coordinates":[-1.4788607,54.6618137]}},{"type":"Feature","properties":{},"geometry":{"type":"Point","coordinates":[-1.4752311,54.656989]}},{"type":"Feature","properties":{},"geometry":{"type":"Point","coordinates":[-1.3693428,54.753114]}},{"type":"Feature","properties":{},"geometry":{"type":"Point","coordinates":[-1.4602161,54.7174957]}},{"type":"Feature","properties":{},"geometry":{"type":"Point","coordinates":[-1.4930235,54.7088181]}},{"type":"Feature","properties":{},"geometry":{"type":"Point","coordinates":[-1.4697728,54.7088403]}},{"type":"Feature","properties":{},"geometry":{"type":"Point","coordinates":[-1.4934741,54.7217583]}},{"type":"Feature","properties":{},"geometry":{"type":"Point","coordinates":[-1.2675677,54.6608258]}},{"type":"Feature","properties":{},"geometry":{"type":"Point","coordinates":[-1.59061,55.2206318]}},{"type":"Feature","properties":{},"geometry":{"type":"Point","coordinates":[-1.457034,54.8974264]}},{"type":"Feature","properties":{},"geometry":{"type":"Point","coordinates":[-1.7311593,54.8457528]}},{"type":"Feature","properties":{},"geometry":{"type":"Point","coordinates":[-1.6675079,54.6744886]}},{"type":"Feature","properties":{"name":"Lily Pond"},"geometry":{"type":"Point","coordinates":[-1.723336,54.9264587]}},{"type":"Feature","properties":{},"geometry":{"type":"Point","coordinates":[-1.7278388,54.9178433]}},{"type":"Feature","properties":{},"geometry":{"type":"Point","coordinates":[-1.7300778,54.926671]}},{"type":"Feature","properties":{},"geometry":{"type":"Point","coordinates":[-1.7294264,54.927583]}},{"type":"Feature","properties":{},"geometry":{"type":"Point","coordinates":[-1.7298901,54.9273149]}},{"type":"Feature","properties":{},"geometry":{"type":"Point","coordinates":[-1.7283391,54.9192368]}},{"type":"Feature","properties":{},"geometry":{"type":"Point","coordinates":[-1.7611259,54.9038753]}},{"type":"Feature","properties":{},"geometry":{"type":"Point","coordinates":[-1.8735203,54.7664145]}},{"type":"Feature","properties":{},"geometry":{"type":"Point","coordinates":[-1.5716263,54.7872275]}},{"type":"Feature","properties":{},"geometry":{"type":"Point","coordinates":[-1.3678944,54.7290617]}},{"type":"Feature","properties":{},"geometry":{"type":"Point","coordinates":[-1.370004,54.7291848]}},{"type":"Feature","properties":{},"geometry":{"type":"Point","coordinates":[-1.6603048,54.7065135]}},{"type":"Feature","properties":{},"geometry":{"type":"Point","coordinates":[-1.6033522,54.7319634]}},{"type":"Feature","properties":{},"geometry":{"type":"Point","coordinates":[-1.549326,55.0101752]}},{"type":"Feature","properties":{},"geometry":{"type":"Point","coordinates":[-1.4206701,54.8602432]}},{"type":"Feature","properties":{},"geometry":{"type":"Point","coordinates":[-1.4126508,54.8593244]}},{"type":"Feature","properties":{},"geometry":{"type":"Point","coordinates":[-1.3653511,54.9006339]}},{"type":"Feature","properties":{},"geometry":{"type":"Point","coordinates":[-1.5852445,55.1037754]}},{"type":"Feature","properties":{},"geometry":{"type":"Point","coordinates":[-1.5851728,55.0346031]}},{"type":"Feature","properties":{},"geometry":{"type":"Point","coordinates":[-1.5869612,55.0348045]}},{"type":"Feature","properties":{},"geometry":{"type":"Point","coordinates":[-1.5406853,55.2297338]}},{"type":"Feature","properties":{},"geometry":{"type":"Point","coordinates":[-1.6206108,55.0794543]}},{"type":"Feature","properties":{},"geometry":{"type":"Point","coordinates":[-1.7578367,54.8205634]}},{"type":"Feature","properties":{},"geometry":{"type":"Point","coordinates":[-1.5808035,55.0124218]}},{"type":"Feature","properties":{},"geometry":{"type":"Point","coordinates":[-1.4751258,54.9234593]}},{"type":"Feature","properties":{},"geometry":{"type":"Point","coordinates":[-1.4763549,54.9243319]}},{"type":"Feature","properties":{},"geometry":{"type":"Point","coordinates":[-1.4791739,54.9249332]}},{"type":"Feature","properties":{},"geometry":{"type":"Point","coordinates":[-1.4829639,54.9246465]}},{"type":"Feature","properties":{},"geometry":{"type":"Point","coordinates":[-1.4747134,54.9243522]}},{"type":"Feature","properties":{},"geometry":{"type":"Point","coordinates":[-1.5609306,54.9870191]}},{"type":"Feature","properties":{"name":"Saline lagoon"},"geometry":{"type":"Point","coordinates":[-1.4811165,54.896534]}},{"type":"Feature","properties":{"name":"Reed swamp"},"geometry":{"type":"Point","coordinates":[-1.4814391,54.8977529]}},{"type":"Feature","properties":{"name":"Islands"},"geometry":{"type":"Point","coordinates":[-1.4812896,54.897829]}},{"type":"Feature","properties":{"name":"Flooded forest 2"},"geometry":{"type":"Point","coordinates":[-1.4826915,54.897767]}},{"type":"Feature","properties":{"name":"Flooded forest 1"},"geometry":{"type":"Point","coordinates":[-1.4830181,54.8977227]}},{"type":"Feature","properties":{"name":"Cape Barren pond"},"geometry":{"type":"Point","coordinates":[-1.4832153,54.8976084]}},{"type":"Feature","properties":{"name":"Marsh"},"geometry":{"type":"Point","coordinates":[-1.4836851,54.8975668]}},{"type":"Feature","properties":{"name":"Eclipse pond"},"geometry":{"type":"Point","coordinates":[-1.4844137,54.8975872]}},{"type":"Feature","properties":{"name":"River reedbed"},"geometry":{"type":"Point","coordinates":[-1.482553,54.8955417]}},{"type":"Feature","properties":{},"geometry":{"type":"Point","coordinates":[-1.3892681,54.8540995]}},{"type":"Feature","properties":{},"geometry":{"type":"Point","coordinates":[-1.5928329,54.975932]}},{"type":"Feature","properties":{},"geometry":{"type":"Point","coordinates":[-1.5253461,55.2083968]}},{"type":"Feature","properties":{},"geometry":{"type":"Point","coordinates":[-1.5193561,55.1992632]}},{"type":"Feature","properties":{},"geometry":{"type":"Point","coordinates":[-1.8346267,54.9737273]}},{"type":"Feature","properties":{},"geometry":{"type":"Point","coordinates":[-1.2450127,54.6797837]}},{"type":"Feature","properties":{},"geometry":{"type":"Point","coordinates":[-1.7255169,55.1724911]}},{"type":"Feature","properties":{},"geometry":{"type":"Point","coordinates":[-1.5148035,55.0878376]}},{"type":"Feature","properties":{},"geometry":{"type":"Point","coordinates":[-1.4896466,54.9923979]}},{"type":"Feature","properties":{},"geometry":{"type":"Point","coordinates":[-1.6561514,55.1559562]}},{"type":"Feature","properties":{},"geometry":{"type":"Point","coordinates":[-1.662637,55.1521847]}},{"type":"Feature","properties":{},"geometry":{"type":"Point","coordinates":[-1.6625699,55.1525716]}},{"type":"Feature","properties":{},"geometry":{"type":"Point","coordinates":[-1.662004,55.1521046]}},{"type":"Feature","properties":{},"geometry":{"type":"Point","coordinates":[-1.6998076,55.1665806]}},{"type":"Feature","properties":{},"geometry":{"type":"Point","coordinates":[-1.8873176,54.8138059]}},{"type":"Feature","properties":{},"geometry":{"type":"Point","coordinates":[-1.8192056,54.7083176]}},{"type":"Feature","properties":{},"geometry":{"type":"Point","coordinates":[-1.8200384,54.7081247]}},{"type":"Feature","properties":{},"geometry":{"type":"Point","coordinates":[-1.6310385,54.8507613]}},{"type":"Feature","properties":{},"geometry":{"type":"Point","coordinates":[-2.0302632,55.0082766]}},{"type":"Feature","properties":{},"geometry":{"type":"Point","coordinates":[-1.7605993,54.7815583]}},{"type":"Feature","properties":{},"geometry":{"type":"Point","coordinates":[-1.6029391,54.8419813]}},{"type":"Feature","properties":{},"geometry":{"type":"Point","coordinates":[-1.6119003,55.0507935]}},{"type":"Feature","properties":{},"geometry":{"type":"Point","coordinates":[-1.6076417,55.0507921]}},{"type":"Feature","properties":{},"geometry":{"type":"Point","coordinates":[-1.6874247,54.9273638]}},{"type":"Feature","properties":{},"geometry":{"type":"Point","coordinates":[-1.2102318,54.6644041]}},{"type":"Feature","properties":{},"geometry":{"type":"Point","coordinates":[-1.2108578,54.666734]}},{"type":"Feature","properties":{},"geometry":{"type":"Point","coordinates":[-1.5695382,54.7217188]}},{"type":"Feature","properties":{},"geometry":{"type":"Point","coordinates":[-1.7635547,54.9010553]}},{"type":"Feature","properties":{},"geometry":{"type":"Point","coordinates":[-1.6724197,54.9973325]}},{"type":"Feature","properties":{},"geometry":{"type":"Point","coordinates":[-1.6375556,55.0293601]}},{"type":"Feature","properties":{},"geometry":{"type":"Point","coordinates":[-1.637616,55.029877]}},{"type":"Feature","properties":{},"geometry":{"type":"Point","coordinates":[-1.844035,54.8370054]}},{"type":"Feature","properties":{},"geometry":{"type":"Point","coordinates":[-1.6871322,55.150526]}},{"type":"Feature","properties":{},"geometry":{"type":"Point","coordinates":[-1.6865764,55.1502282]}},{"type":"Feature","properties":{},"geometry":{"type":"Point","coordinates":[-1.6870458,55.1502792]}},{"type":"Feature","properties":{"name":"Amphibian pond 2"},"geometry":{"type":"Point","coordinates":[-1.4761366,54.9014766]}},{"type":"Feature","properties":{"name":"Amphibian pond 4"},"geometry":{"type":"Point","coordinates":[-1.4759779,54.9016303]}},{"type":"Feature","properties":{"name":"Amphibian pond 3"},"geometry":{"type":"Point","coordinates":[-1.4762297,54.9015368]}},{"type":"Feature","properties":{"name":"Amphibian pond 1"},"geometry":{"type":"Point","coordinates":[-1.4764231,54.9013975]}},{"type":"Feature","properties":{},"geometry":{"type":"Point","coordinates":[-1.741976,54.8493836]}},{"type":"Feature","properties":{"name":"Drovers Pond"},"geometry":{"type":"Point","coordinates":[-1.7733866,54.9734443]}},{"type":"Feature","properties":{},"geometry":{"type":"Point","coordinates":[-1.2822877,54.6730896]}},{"type":"Feature","properties":{},"geometry":{"type":"Point","coordinates":[-2.1298148,54.9974028]}},{"type":"Feature","properties":{},"geometry":{"type":"Point","coordinates":[-1.5780484,55.228149]}},{"type":"Feature","properties":{},"geometry":{"type":"Point","coordinates":[-1.5801133,55.2284502]}},{"type":"Feature","properties":{},"geometry":{"type":"Point","coordinates":[-1.5875034,54.7609456]}},{"type":"Feature","properties":{},"geometry":{"type":"Point","coordinates":[-1.6543684,55.0712904]}},{"type":"Feature","properties":{},"geometry":{"type":"Point","coordinates":[-1.6540544,55.0717316]}},{"type":"Feature","properties":{},"geometry":{"type":"Point","coordinates":[-1.6686607,55.052375]}},{"type":"Feature","properties":{},"geometry":{"type":"Point","coordinates":[-1.668297,55.0516516]}},{"type":"Feature","properties":{},"geometry":{"type":"Point","coordinates":[-1.6537455,55.0713591]}},{"type":"Feature","properties":{},"geometry":{"type":"Point","coordinates":[-1.6453819,55.0602576]}},{"type":"Feature","properties":{},"geometry":{"type":"Point","coordinates":[-1.6441024,55.0560371]}},{"type":"Feature","properties":{},"geometry":{"type":"Point","coordinates":[-1.6459283,55.0537776]}},{"type":"Feature","properties":{},"geometry":{"type":"Point","coordinates":[-1.6500962,55.0548871]}},{"type":"Feature","properties":{},"geometry":{"type":"Point","coordinates":[-1.4542534,55.0677106]}},{"type":"Feature","properties":{},"geometry":{"type":"Point","coordinates":[-1.6035272,54.9430986]}},{"type":"Feature","properties":{},"geometry":{"type":"Point","coordinates":[-1.5062388,54.7220894]}},{"type":"Feature","properties":{},"geometry":{"type":"Point","coordinates":[-1.507372,54.7222742]}},{"type":"Feature","properties":{},"geometry":{"type":"Point","coordinates":[-1.72445,55.0946458]}},{"type":"Feature","properties":{},"geometry":{"type":"Point","coordinates":[-1.7266655,55.0944126]}},{"type":"Feature","properties":{},"geometry":{"type":"Point","coordinates":[-1.7252314,55.0948483]}},{"type":"Feature","properties":{},"geometry":{"type":"Point","coordinates":[-1.6825041,55.0889816]}},{"type":"Feature","properties":{},"geometry":{"type":"Point","coordinates":[-1.615238,55.1341866]}},{"type":"Feature","properties":{},"geometry":{"type":"Point","coordinates":[-1.764282,54.9905731]}},{"type":"Feature","properties":{},"geometry":{"type":"Point","coordinates":[-1.4899045,54.8946588]}},{"type":"Feature","properties":{},"geometry":{"type":"Point","coordinates":[-1.4895379,54.894824]}},{"type":"Feature","properties":{},"geometry":{"type":"Point","coordinates":[-1.4896129,54.8944404]}},{"type":"Feature","properties":{},"geometry":{"type":"Point","coordinates":[-1.4892507,54.8946105]}},{"type":"Feature","properties":{},"geometry":{"type":"Point","coordinates":[-1.4906483,54.8945187]}},{"type":"Feature","properties":{},"geometry":{"type":"Point","coordinates":[-1.4903843,54.8943322]}},{"type":"Feature","properties":{},"geometry":{"type":"Point","coordinates":[-1.4901278,54.8941369]}},{"type":"Feature","properties":{},"geometry":{"type":"Point","coordinates":[-1.6690649,55.1734043]}},{"type":"Feature","properties":{},"geometry":{"type":"Point","coordinates":[-1.6385924,55.169094]}},{"type":"Feature","properties":{},"geometry":{"type":"Point","coordinates":[-1.5500717,54.9929884]}},{"type":"Feature","properties":{"name":"West End Wildlife Pond"},"geometry":{"type":"Point","coordinates":[-1.4726622,54.6540653]}},{"type":"Feature","properties":{},"geometry":{"type":"Point","coordinates":[-1.1984417,54.690585]}},{"type":"Feature","properties":{},"geometry":{"type":"Point","coordinates":[-1.1986428,54.6638748]}},{"type":"Feature","properties":{},"geometry":{"type":"Point","coordinates":[-1.7718358,54.9198891]}},{"type":"Feature","properties":{},"geometry":{"type":"Point","coordinates":[-1.7800429,54.9215562]}},{"type":"Feature","properties":{},"geometry":{"type":"Point","coordinates":[-1.4813924,55.0656752]}},{"type":"Feature","properties":{},"geometry":{"type":"Point","coordinates":[-1.4874448,55.0648499]}},{"type":"Feature","properties":{},"geometry":{"type":"Point","coordinates":[-1.5384777,55.0173834]}},{"type":"Feature","properties":{},"geometry":{"type":"Point","coordinates":[-1.5167983,55.0214411]}},{"type":"Feature","properties":{},"geometry":{"type":"Point","coordinates":[-1.5169774,55.0216983]}},{"type":"Feature","properties":{},"geometry":{"type":"Point","coordinates":[-1.5176372,55.0214005]}},{"type":"Feature","properties":{},"geometry":{"type":"Point","coordinates":[-1.8236547,54.8636789]}},{"type":"Feature","properties":{},"geometry":{"type":"Point","coordinates":[-1.7723004,54.8571419]}},{"type":"Feature","properties":{},"geometry":{"type":"Point","coordinates":[-1.5221721,55.1036835]}},{"type":"Feature","properties":{},"geometry":{"type":"Point","coordinates":[-1.8061835,54.8496121]}},{"type":"Feature","properties":{},"geometry":{"type":"Point","coordinates":[-1.8064852,54.8495796]}},{"type":"Feature","properties":{},"geometry":{"type":"Point","coordinates":[-1.8057409,54.8488098]}},{"type":"Feature","properties":{},"geometry":{"type":"Point","coordinates":[-1.8059555,54.8487874]}},{"type":"Feature","properties":{},"geometry":{"type":"Point","coordinates":[-1.8068808,54.8489565]}},{"type":"Feature","properties":{},"geometry":{"type":"Point","coordinates":[-1.806626,54.8489858]}},{"type":"Feature","properties":{},"geometry":{"type":"Point","coordinates":[-1.8063765,54.8490129]}},{"type":"Feature","properties":{},"geometry":{"type":"Point","coordinates":[-1.8059797,54.849192]}},{"type":"Feature","properties":{},"geometry":{"type":"Point","coordinates":[-1.8060627,54.8494422]}},{"type":"Feature","properties":{},"geometry":{"type":"Point","coordinates":[-1.8064716,54.8494016]}},{"type":"Feature","properties":{},"geometry":{"type":"Point","coordinates":[-1.4975976,55.0709465]}},{"type":"Feature","properties":{},"geometry":{"type":"Point","coordinates":[-1.3738282,54.9736443]}},{"type":"Feature","properties":{},"geometry":{"type":"Point","coordinates":[-1.6964496,55.1737917]}},{"type":"Feature","properties":{},"geometry":{"type":"Point","coordinates":[-1.6984372,55.1756875]}},{"type":"Feature","properties":{},"geometry":{"type":"Point","coordinates":[-1.6545756,55.164947]}},{"type":"Feature","properties":{},"geometry":{"type":"Point","coordinates":[-1.6212622,54.919686]}},{"type":"Feature","properties":{"name":"Hunters Creek pond"},"geometry":{"type":"Point","coordinates":[-1.4817719,54.8986098]}},{"type":"Feature","properties":{"name":"Wet Wood reed pond"},"geometry":{"type":"Point","coordinates":[-1.4817951,54.8984097]}},{"type":"Feature","properties":{},"geometry":{"type":"Point","coordinates":[-1.6915167,54.7319815]}},{"type":"Feature","properties":{},"geometry":{"type":"Point","coordinates":[-2.0407936,54.9661635]}},{"type":"Feature","properties":{},"geometry":{"type":"Point","coordinates":[-1.4985468,54.8091017]}},{"type":"Feature","properties":{},"geometry":{"type":"Point","coordinates":[-1.4947253,54.8095499]}},{"type":"Feature","properties":{},"geometry":{"type":"Point","coordinates":[-1.4911272,54.8051103]}},{"type":"Feature","properties":{},"geometry":{"type":"Point","coordinates":[-1.4917307,54.8047957]}},{"type":"Feature","properties":{},"geometry":{"type":"Point","coordinates":[-1.4924991,54.8050423]}},{"type":"Feature","properties":{},"geometry":{"type":"Point","coordinates":[-1.4927164,54.8045839]}},{"type":"Feature","properties":{},"geometry":{"type":"Point","coordinates":[-1.4930222,54.8039006]}},{"type":"Feature","properties":{},"geometry":{"type":"Point","coordinates":[-2.0502719,54.8477015]}},{"type":"Feature","properties":{},"geometry":{"type":"Point","coordinates":[-2.0501683,54.8477001]}},{"type":"Feature","properties":{},"geometry":{"type":"Point","coordinates":[-2.050389,54.8476766]}},{"type":"Feature","properties":{},"geometry":{"type":"Point","coordinates":[-1.6758792,55.1684442]}},{"type":"Feature","properties":{},"geometry":{"type":"Point","coordinates":[-1.676496,55.1683417]}},{"type":"Feature","properties":{},"geometry":{"type":"Point","coordinates":[-1.6766676,55.1687045]}},{"type":"Feature","properties":{},"geometry":{"type":"Point","coordinates":[-1.6753382,55.1694574]}},{"type":"Feature","properties":{},"geometry":{"type":"Point","coordinates":[-1.677523,55.1686278]}},{"type":"Feature","properties":{},"geometry":{"type":"Point","coordinates":[-1.6774145,55.1684118]}},{"type":"Feature","properties":{"name":"Top Pond"},"geometry":{"type":"Point","coordinates":[-1.9650287,55.1525972]}},{"type":"Feature","properties":{},"geometry":{"type":"Point","coordinates":[-1.9639708,55.1523087]}},{"type":"Feature","properties":{},"geometry":{"type":"Point","coordinates":[-1.5094078,54.7987333]}},{"type":"Feature","properties":{},"geometry":{"type":"Point","coordinates":[-1.6162469,54.8232476]}},{"type":"Feature","properties":{},"geometry":{"type":"Point","coordinates":[-1.6278461,55.0982609]}},{"type":"Feature","properties":{},"geometry":{"type":"Point","coordinates":[-1.6224575,55.1012907]}},{"type":"Feature","properties":{},"geometry":{"type":"Point","coordinates":[-1.6228572,55.1006787]}},{"type":"Feature","properties":{},"geometry":{"type":"Point","coordinates":[-1.4426864,54.6563504]}},{"type":"Feature","properties":{},"geometry":{"type":"Point","coordinates":[-1.5198697,54.7935405]}},{"type":"Feature","properties":{},"geometry":{"type":"Point","coordinates":[-1.6144712,54.6992653]}},{"type":"Feature","properties":{},"geometry":{"type":"Point","coordinates":[-1.6855269,55.1687161]}},{"type":"Feature","properties":{},"geometry":{"type":"Point","coordinates":[-1.6207141,54.7082819]}},{"type":"Feature","properties":{},"geometry":{"type":"Point","coordinates":[-1.6206752,54.7076498]}},{"type":"Feature","properties":{},"geometry":{"type":"Point","coordinates":[-1.6547862,55.0366174]}},{"type":"Feature","properties":{},"geometry":{"type":"Point","coordinates":[-1.5453455,55.1197638]}},{"type":"Feature","properties":{},"geometry":{"type":"Point","coordinates":[-1.5450717,55.1201541]}},{"type":"Feature","properties":{},"geometry":{"type":"Point","coordinates":[-1.5088036,54.7834549]}},{"type":"Feature","properties":{},"geometry":{"type":"Point","coordinates":[-1.5021671,54.7825959]}},{"type":"Feature","properties":{},"geometry":{"type":"Point","coordinates":[-1.5558804,55.0076528]}},{"type":"Feature","properties":{},"geometry":{"type":"Point","coordinates":[-1.6546568,55.0377321]}},{"type":"Feature","properties":{},"geometry":{"type":"Point","coordinates":[-1.6556928,55.0365613]}},{"type":"Feature","properties":{},"geometry":{"type":"Point","coordinates":[-1.5182495,55.0035299]}},{"type":"Feature","properties":{},"geometry":{"type":"Point","coordinates":[-1.5855851,55.016866]}},{"type":"Feature","properties":{},"geometry":{"type":"Point","coordinates":[-1.5753187,55.0366075]}},{"type":"Feature","properties":{},"geometry":{"type":"Point","coordinates":[-1.4165674,54.8606235]}},{"type":"Feature","properties":{"name":"Kyo Tarn"},"geometry":{"type":"Point","coordinates":[-1.7218211,54.8656152]}},{"type":"Feature","properties":{"name":"Harperley Pond"},"geometry":{"type":"Point","coordinates":[-1.7225666,54.8733812]}},{"type":"Feature","properties":{"name":"Tanfield View Pond"},"geometry":{"type":"Point","coordinates":[-1.7039368,54.8723616]}},{"type":"Feature","properties":{},"geometry":{"type":"Point","coordinates":[-1.4849711,55.0790247]}},{"type":"Feature","properties":{},"geometry":{"type":"Point","coordinates":[-1.4760946,55.0776284]}},{"type":"Feature","properties":{},"geometry":{"type":"Point","coordinates":[-1.4782994,55.0795021]}},{"type":"Feature","properties":{},"geometry":{"type":"Point","coordinates":[-1.4784263,55.0797437]}},{"type":"Feature","properties":{},"geometry":{"type":"Point","coordinates":[-1.478327,55.0798892]}},{"type":"Feature","properties":{},"geometry":{"type":"Point","coordinates":[-1.4777006,55.080399]}},{"type":"Feature","properties":{},"geometry":{"type":"Point","coordinates":[-1.4776321,55.080716]}},{"type":"Feature","properties":{},"geometry":{"type":"Point","coordinates":[-1.4776364,55.0811201]}},{"type":"Feature","properties":{},"geometry":{"type":"Point","coordinates":[-1.4775426,55.0815472]}},{"type":"Feature","properties":{},"geometry":{"type":"Point","coordinates":[-1.4775775,55.0814204]}},{"type":"Feature","properties":{},"geometry":{"type":"Point","coordinates":[-1.4775978,55.0812535]}},{"type":"Feature","properties":{},"geometry":{"type":"Point","coordinates":[-1.4775341,55.0813294]}},{"type":"Feature","properties":{},"geometry":{"type":"Point","coordinates":[-1.4774437,55.0813685]}},{"type":"Feature","properties":{},"geometry":{"type":"Point","coordinates":[-1.4776264,55.0814584]}},{"type":"Feature","properties":{},"geometry":{"type":"Point","coordinates":[-1.477954,55.0805835]}},{"type":"Feature","properties":{},"geometry":{"type":"Point","coordinates":[-1.4784491,55.0794501]}},{"type":"Feature","properties":{},"geometry":{"type":"Point","coordinates":[-1.9753093,55.1383828]}},{"type":"Feature","properties":{},"geometry":{"type":"Point","coordinates":[-1.5153766,55.0938099]}},{"type":"Feature","properties":{},"geometry":{"type":"Point","coordinates":[-1.9961309,55.0281817]}},{"type":"Feature","properties":{},"geometry":{"type":"Point","coordinates":[-1.9973647,55.0279965]}},{"type":"Feature","properties":{},"geometry":{"type":"Point","coordinates":[-1.9984153,55.0280248]}},{"type":"Feature","properties":{},"geometry":{"type":"Point","coordinates":[-1.5071059,55.0329079]}},{"type":"Feature","properties":{},"geometry":{"type":"Point","coordinates":[-1.3652946,54.9702366]}},{"type":"Feature","properties":{},"geometry":{"type":"Point","coordinates":[-1.364918,54.9702983]}},{"type":"Feature","properties":{},"geometry":{"type":"Point","coordinates":[-1.4844217,54.6667519]}},{"type":"Feature","properties":{},"geometry":{"type":"Point","coordinates":[-1.3919314,54.9074501]}},{"type":"Feature","properties":{},"geometry":{"type":"Point","coordinates":[-1.5233661,55.0675697]}},{"type":"Feature","properties":{},"geometry":{"type":"Point","coordinates":[-1.5508934,54.9952043]}},{"type":"Feature","properties":{},"geometry":{"type":"Point","coordinates":[-1.4262228,54.7382892]}},{"type":"Feature","properties":{},"geometry":{"type":"Point","coordinates":[-1.4804802,54.8992532]}},{"type":"Feature","properties":{},"geometry":{"type":"Point","coordinates":[-1.4796058,54.8998135]}},{"type":"Feature","properties":{},"geometry":{"type":"Point","coordinates":[-1.4797567,54.8998414]}},{"type":"Feature","properties":{},"geometry":{"type":"Point","coordinates":[-1.4798921,54.8999082]}},{"type":"Feature","properties":{},"geometry":{"type":"Point","coordinates":[-1.484966,54.8952835]}},{"type":"Feature","properties":{},"geometry":{"type":"Point","coordinates":[-1.6058706,54.7124848]}},{"type":"Feature","properties":{},"geometry":{"type":"Point","coordinates":[-1.8178927,55.0801153]}},{"type":"Feature","properties":{"name":"Swan Lake"},"geometry":{"type":"Point","coordinates":[-1.4767542,54.6702468]}},{"type":"Feature","properties":{},"geometry":{"type":"Point","coordinates":[-1.4226606,54.7059426]}},{"type":"Feature","properties":{},"geometry":{"type":"Point","coordinates":[-1.4682641,54.6561763]}},{"type":"Feature","properties":{},"geometry":{"type":"Point","coordinates":[-1.468215,54.6550082]}},{"type":"Feature","properties":{"name":"Castle Lake"},"geometry":{"type":"Point","coordinates":[-1.4916623,54.6699242]}},{"type":"Feature","properties":{},"geometry":{"type":"Point","coordinates":[-1.5334152,54.6883639]}},{"type":"Feature","properties":{"name":"River Tyne"},"geometry":{"type":"Point","coordinates":[-2.0672469,54.9751037]}},{"type":"Feature","properties":{"name":"Brasside Ponds"},"geometry":{"type":"Point","coordinates":[-1.5468942,54.8024682]}},{"type":"Feature","properties":{},"geometry":{"type":"Point","coordinates":[-1.6972619,54.7516801]}},{"type":"Feature","properties":{"name":"Cassop Bogs"},"geometry":{"type":"Point","coordinates":[-1.4697939,54.740337]}},{"type":"Feature","properties":{},"geometry":{"type":"Point","coordinates":[-1.5229677,54.7129467]}},{"type":"Feature","properties":{},"geometry":{"type":"Point","coordinates":[-1.6714941,55.1888112]}},{"type":"Feature","properties":{},"geometry":{"type":"Point","coordinates":[-1.5162438,54.9570772]}},{"type":"Feature","properties":{},"geometry":{"type":"Point","coordinates":[-1.5786589,55.1658012]}},{"type":"Feature","properties":{"name":"Hartlepool Marina"},"geometry":{"type":"Point","coordinates":[-1.2026155,54.6909158]}},{"type":"Feature","properties":{},"geometry":{"type":"Point","coordinates":[-1.6042083,54.9664844]}},{"type":"Feature","properties":{},"geometry":{"type":"Point","coordinates":[-1.9913137,54.9623933]}},{"type":"Feature","properties":{},"geometry":{"type":"Point","coordinates":[-1.4667571,54.7906956]}},{"type":"Feature","properties":{},"geometry":{"type":"Point","coordinates":[-1.3949105,54.8251126]}},{"type":"Feature","properties":{"name":"Saltwell Park Lake"},"geometry":{"type":"Point","coordinates":[-1.6057215,54.9452738]}},{"type":"Feature","properties":{},"geometry":{"type":"Point","coordinates":[-1.3799809,54.9036353]}},{"type":"Feature","properties":{},"geometry":{"type":"Point","coordinates":[-1.5701765,54.7484435]}},{"type":"Feature","properties":{},"geometry":{"type":"Point","coordinates":[-1.5836312,54.7393932]}},{"type":"Feature","properties":{},"geometry":{"type":"Point","coordinates":[-1.5816343,54.7429844]}},{"type":"Feature","properties":{"name":"Wear"},"geometry":{"type":"Point","coordinates":[-1.5564549,54.8290586]}},{"type":"Feature","properties":{},"geometry":{"type":"Point","coordinates":[-1.5444723,54.8585299]}},{"type":"Feature","properties":{"name":"Shibdon Pond"},"geometry":{"type":"Point","coordinates":[-1.6978031,54.9595498]}},{"type":"Feature","properties":{},"geometry":{"type":"Point","coordinates":[-1.6913227,54.697338]}},{"type":"Feature","properties":{},"geometry":{"type":"Point","coordinates":[-1.6846197,54.6898542]}},{"type":"Feature","properties":{},"geometry":{"type":"Point","coordinates":[-1.6774809,54.6778671]}},{"type":"Feature","properties":{},"geometry":{"type":"Point","coordinates":[-1.6804249,54.6665895]}},{"type":"Feature","properties":{},"geometry":{"type":"Point","coordinates":[-1.8061052,54.9784108]}},{"type":"Feature","properties":{},"geometry":{"type":"Point","coordinates":[-1.6110499,54.8978548]}},{"type":"Feature","properties":{"name":"Shotton Pond"},"geometry":{"type":"Point","coordinates":[-1.3807331,54.7543616]}},{"type":"Feature","properties":{},"geometry":{"type":"Point","coordinates":[-1.7044965,55.0219474]}},{"type":"Feature","properties":{},"geometry":{"type":"Point","coordinates":[-1.8796204,54.9635217]}},{"type":"Feature","properties":{"name":"Marden Quarry"},"geometry":{"type":"Point","coordinates":[-1.4454391,55.0363632]}},{"type":"Feature","properties":{},"geometry":{"type":"Point","coordinates":[-1.6805722,54.7271876]}},{"type":"Feature","properties":{"name":"Virginia Water"},"geometry":{"type":"Point","coordinates":[-1.5488281,54.8714486]}},{"type":"Feature","properties":{"name":"Mount Pleasant Lake"},"geometry":{"type":"Point","coordinates":[-1.5090946,54.8802276]}},{"type":"Feature","properties":{},"geometry":{"type":"Point","coordinates":[-1.6795107,54.8300313]}},{"type":"Feature","properties":{"name":"Holywell Pond"},"geometry":{"type":"Point","coordinates":[-1.5016652,55.0701476]}},{"type":"Feature","properties":{"name":"Clockburn Lake"},"geometry":{"type":"Point","coordinates":[-1.7132704,54.9366775]}},{"type":"Feature","properties":{"name":"Sir Edward's Lake"},"geometry":{"type":"Point","coordinates":[-1.953273,55.1130827]}},{"type":"Feature","properties":{},"geometry":{"type":"Point","coordinates":[-1.5780386,54.7754021]}},{"type":"Feature","properties":{"name":"Count's Court"},"geometry":{"type":"Point","coordinates":[-1.5768473,54.7704036]}},{"type":"Feature","properties":{"name":"Bow Banks"},"geometry":{"type":"Point","coordinates":[-1.5735511,54.7724047]}},{"type":"Feature","properties":{},"geometry":{"type":"Point","coordinates":[-1.5637375,54.7685678]}},{"type":"Feature","properties":{"name":"Model Boating Lake"},"geometry":{"type":"Point","coordinates":[-1.4714921,54.8770114]}},{"type":"Feature","properties":{"name":"Fir Pools"},"geometry":{"type":"Point","coordinates":[-1.9695031,54.8214718]}},{"type":"Feature","properties":{},"geometry":{"type":"Point","coordinates":[-1.4722198,54.9824881]}},{"type":"Feature","properties":{},"geometry":{"type":"Point","coordinates":[-1.5674913,54.7846883]}},{"type":"Feature","properties":{},"geometry":{"type":"Point","coordinates":[-1.5418824,54.8039234]}},{"type":"Feature","properties":{},"geometry":{"type":"Point","coordinates":[-1.5344129,54.9967205]}},{"type":"Feature","properties":{},"geometry":{"type":"Point","coordinates":[-1.63665,54.7197462]}},{"type":"Feature","properties":{},"geometry":{"type":"Point","coordinates":[-1.575543,54.7447707]}},{"type":"Feature","properties":{},"geometry":{"type":"Point","coordinates":[-1.5724866,54.7431612]}},{"type":"Feature","properties":{},"geometry":{"type":"Point","coordinates":[-1.5704131,54.7336635]}},{"type":"Feature","properties":{},"geometry":{"type":"Point","coordinates":[-1.5851131,54.8003532]}},{"type":"Feature","properties":{},"geometry":{"type":"Point","coordinates":[-1.4926278,54.8113499]}},{"type":"Feature","properties":{},"geometry":{"type":"Point","coordinates":[-1.5728758,54.7339421]}},{"type":"Feature","properties":{},"geometry":{"type":"Point","coordinates":[-1.5396168,54.8711202]}},{"type":"Feature","properties":{},"geometry":{"type":"Point","coordinates":[-1.4365911,54.7400847]}},{"type":"Feature","properties":{"name":"Boating Lake"},"geometry":{"type":"Point","coordinates":[-1.4191071,55.0006123]}},{"type":"Feature","properties":{},"geometry":{"type":"Point","coordinates":[-1.6230443,54.9785402]}},{"type":"Feature","properties":{},"geometry":{"type":"Point","coordinates":[-1.5965635,54.7515424]}},{"type":"Feature","properties":{},"geometry":{"type":"Point","coordinates":[-1.4072075,54.7445594]}},{"type":"Feature","properties":{},"geometry":{"type":"Point","coordinates":[-1.6284026,54.7679484]}},{"type":"Feature","properties":{},"geometry":{"type":"Point","coordinates":[-1.5622399,54.9052327]}},{"type":"Feature","properties":{},"geometry":{"type":"Point","coordinates":[-1.6399793,54.8331617]}},{"type":"Feature","properties":{},"geometry":{"type":"Point","coordinates":[-1.6367437,55.2355638]}},{"type":"Feature","properties":{"name":"Hurworth Burn Reservoir"},"geometry":{"type":"Point","coordinates":[-1.3684748,54.6967483]}},{"type":"Feature","properties":{},"geometry":{"type":"Point","coordinates":[-1.6878898,54.7731822]}},{"type":"Feature","properties":{},"geometry":{"type":"Point","coordinates":[-1.2664251,54.6608468]}},{"type":"Feature","properties":{},"geometry":{"type":"Point","coordinates":[-1.7287253,54.9257884]}},{"type":"Feature","properties":{"name":"Killingworth Lake"},"geometry":{"type":"Point","coordinates":[-1.5741773,55.0327942]}},{"type":"Feature","properties":{},"geometry":{"type":"Point","coordinates":[-1.6395478,55.1832139]}},{"type":"Feature","properties":{"name":"Hylton Dene Pond"},"geometry":{"type":"Point","coordinates":[-1.4309771,54.9201574]}},{"type":"Feature","properties":{"name":"Pond 2"},"geometry":{"type":"Point","coordinates":[-1.4992907,54.8299602]}},{"type":"Feature","properties":{},"geometry":{"type":"Point","coordinates":[-1.667513,54.6676703]}},{"type":"Feature","properties":{},"geometry":{"type":"Point","coordinates":[-1.2229361,54.6615604]}},{"type":"Feature","properties":{},"geometry":{"type":"Point","coordinates":[-1.8741164,54.8511326]}},{"type":"Feature","properties":{},"geometry":{"type":"Point","coordinates":[-1.4345204,55.0158311]}},{"type":"Feature","properties":{"name":"River Tyne"},"geometry":{"type":"Point","coordinates":[-1.8480391,54.973968]}},{"type":"Feature","properties":{"name":"Tranwell Reservoir"},"geometry":{"type":"Point","coordinates":[-1.7156603,55.1410985]}},{"type":"Feature","properties":{},"geometry":{"type":"Point","coordinates":[-1.4536062,55.0672554]}},{"type":"Feature","properties":{},"geometry":{"type":"Point","coordinates":[-1.2423905,54.6850912]}},{"type":"Feature","properties":{},"geometry":{"type":"Point","coordinates":[-1.7106762,54.9415319]}},{"type":"Feature","properties":{},"geometry":{"type":"Point","coordinates":[-1.6454448,54.7982827]}},{"type":"Feature","properties":{"name":"Flamingo pond"},"geometry":{"type":"Point","coordinates":[-1.481989,54.8976967]}}]}
